solid airfoil_naca0012_test
  facet normal 1.38940797e-01 9.90300689e-01 0.00000000e+00
    outer loop
      vertex 1.00000000e+00 1.26000000e-03 -5.00000000e-02
      vertex 9.99903620e-01 1.27352224e-03 -5.00000000e-02
      vertex 9.99903620e-01 1.27352224e-03 5.00000000e-02
    endloop
  endfacet
  facet normal 1.38940797e-01 9.90300689e-01 -0.00000000e+00
    outer loop
      vertex 1.00000000e+00 1.26000000e-03 -5.00000000e-02
      vertex 9.99903620e-01 1.27352224e-03 5.00000000e-02
      vertex 1.00000000e+00 1.26000000e-03 5.00000000e-02
    endloop
  endfacet
  facet normal 1.38908280e-01 9.90305251e-01 0.00000000e+00
    outer loop
      vertex 9.99903620e-01 1.27352224e-03 -5.00000000e-02
      vertex 9.99614518e-01 1.31407405e-03 -5.00000000e-02
      vertex 9.99614518e-01 1.31407405e-03 5.00000000e-02
    endloop
  endfacet
  facet normal 1.38908280e-01 9.90305251e-01 -0.00000000e+00
    outer loop
      vertex 9.99903620e-01 1.27352224e-03 -5.00000000e-02
      vertex 9.99614518e-01 1.31407405e-03 5.00000000e-02
      vertex 9.99903620e-01 1.27352224e-03 5.00000000e-02
    endloop
  endfacet
  facet normal 1.38843296e-01 9.90314364e-01 0.00000000e+00
    outer loop
      vertex 9.99614518e-01 1.31407405e-03 -5.00000000e-02
      vertex 9.99132805e-01 1.38161082e-03 -5.00000000e-02
      vertex 9.99132805e-01 1.38161082e-03 5.00000000e-02
    endloop
  endfacet
  facet normal 1.38843296e-01 9.90314364e-01 -0.00000000e+00
    outer loop
      vertex 9.99614518e-01 1.31407405e-03 -5.00000000e-02
      vertex 9.99132805e-01 1.38161082e-03 5.00000000e-02
      vertex 9.99614518e-01 1.31407405e-03 5.00000000e-02
    endloop
  endfacet
  facet normal 1.38745949e-01 9.90328007e-01 0.00000000e+00
    outer loop
      vertex 9.99132805e-01 1.38161082e-03 -5.00000000e-02
      vertex 9.98458667e-01 1.47605826e-03 -5.00000000e-02
      vertex 9.98458667e-01 1.47605826e-03 5.00000000e-02
    endloop
  endfacet
  facet normal 1.38745949e-01 9.90328007e-01 -0.00000000e+00
    outer loop
      vertex 9.99132805e-01 1.38161082e-03 -5.00000000e-02
      vertex 9.98458667e-01 1.47605826e-03 5.00000000e-02
      vertex 9.99132805e-01 1.38161082e-03 5.00000000e-02
    endloop
  endfacet
  facet normal 1.38616391e-01 9.90346150e-01 0.00000000e+00
    outer loop
      vertex 9.98458667e-01 1.47605826e-03 -5.00000000e-02
      vertex 9.97592363e-01 1.59731270e-03 -5.00000000e-02
      vertex 9.97592363e-01 1.59731270e-03 5.00000000e-02
    endloop
  endfacet
  facet normal 1.38616391e-01 9.90346150e-01 -0.00000000e+00
    outer loop
      vertex 9.98458667e-01 1.47605826e-03 -5.00000000e-02
      vertex 9.97592363e-01 1.59731270e-03 5.00000000e-02
      vertex 9.98458667e-01 1.47605826e-03 5.00000000e-02
    endloop
  endfacet
  facet normal 1.38454825e-01 9.90368750e-01 0.00000000e+00
    outer loop
      vertex 9.97592363e-01 1.59731270e-03 -5.00000000e-02
      vertex 9.96534228e-01 1.74524131e-03 -5.00000000e-02
      vertex 9.96534228e-01 1.74524131e-03 5.00000000e-02
    endloop
  endfacet
  facet normal 1.38454825e-01 9.90368750e-01 -0.00000000e+00
    outer loop
      vertex 9.97592363e-01 1.59731270e-03 -5.00000000e-02
      vertex 9.96534228e-01 1.74524131e-03 5.00000000e-02
      vertex 9.97592363e-01 1.59731270e-03 5.00000000e-02
    endloop
  endfacet
  facet normal 1.38261502e-01 9.90395758e-01 0.00000000e+00
    outer loop
      vertex 9.96534228e-01 1.74524131e-03 -5.00000000e-02
      vertex 9.95284670e-01 1.91968249e-03 -5.00000000e-02
      vertex 9.95284670e-01 1.91968249e-03 5.00000000e-02
    endloop
  endfacet
  facet normal 1.38261502e-01 9.90395758e-01 -0.00000000e+00
    outer loop
      vertex 9.96534228e-01 1.74524131e-03 -5.00000000e-02
      vertex 9.95284670e-01 1.91968249e-03 5.00000000e-02
      vertex 9.96534228e-01 1.74524131e-03 5.00000000e-02
    endloop
  endfacet
  facet normal 1.38036723e-01 9.90427111e-01 0.00000000e+00
    outer loop
      vertex 9.95284670e-01 1.91968249e-03 -5.00000000e-02
      vertex 9.93844170e-01 2.12044627e-03 -5.00000000e-02
      vertex 9.93844170e-01 2.12044627e-03 5.00000000e-02
    endloop
  endfacet
  facet normal 1.38036723e-01 9.90427111e-01 -0.00000000e+00
    outer loop
      vertex 9.95284670e-01 1.91968249e-03 -5.00000000e-02
      vertex 9.93844170e-01 2.12044627e-03 5.00000000e-02
      vertex 9.95284670e-01 1.91968249e-03 5.00000000e-02
    endloop
  endfacet
  facet normal 1.37780833e-01 9.90462741e-01 0.00000000e+00
    outer loop
      vertex 9.93844170e-01 2.12044627e-03 -5.00000000e-02
      vertex 9.92213284e-01 2.34731484e-03 -5.00000000e-02
      vertex 9.92213284e-01 2.34731484e-03 5.00000000e-02
    endloop
  endfacet
  facet normal 1.37780833e-01 9.90462741e-01 -0.00000000e+00
    outer loop
      vertex 9.93844170e-01 2.12044627e-03 -5.00000000e-02
      vertex 9.92213284e-01 2.34731484e-03 5.00000000e-02
      vertex 9.93844170e-01 2.12044627e-03 5.00000000e-02
    endloop
  endfacet
  facet normal 1.37494223e-01 9.90502569e-01 0.00000000e+00
    outer loop
      vertex 9.92213284e-01 2.34731484e-03 -5.00000000e-02
      vertex 9.90392640e-01 2.60004312e-03 -5.00000000e-02
      vertex 9.90392640e-01 2.60004312e-03 5.00000000e-02
    endloop
  endfacet
  facet normal 1.37494223e-01 9.90502569e-01 -0.00000000e+00
    outer loop
      vertex 9.92213284e-01 2.34731484e-03 -5.00000000e-02
      vertex 9.90392640e-01 2.60004312e-03 5.00000000e-02
      vertex 9.92213284e-01 2.34731484e-03 5.00000000e-02
    endloop
  endfacet
  facet normal 1.37177326e-01 9.90546506e-01 0.00000000e+00
    outer loop
      vertex 9.90392640e-01 2.60004312e-03 -5.00000000e-02
      vertex 9.88382941e-01 2.87835939e-03 -5.00000000e-02
      vertex 9.88382941e-01 2.87835939e-03 5.00000000e-02
    endloop
  endfacet
  facet normal 1.37177326e-01 9.90546506e-01 -0.00000000e+00
    outer loop
      vertex 9.90392640e-01 2.60004312e-03 -5.00000000e-02
      vertex 9.88382941e-01 2.87835939e-03 5.00000000e-02
      vertex 9.90392640e-01 2.60004312e-03 5.00000000e-02
    endloop
  endfacet
  facet normal 1.36830615e-01 9.90594459e-01 0.00000000e+00
    outer loop
      vertex 9.88382941e-01 2.87835939e-03 -5.00000000e-02
      vertex 9.86184960e-01 3.18196599e-03 -5.00000000e-02
      vertex 9.86184960e-01 3.18196599e-03 5.00000000e-02
    endloop
  endfacet
  facet normal 1.36830615e-01 9.90594459e-01 -0.00000000e+00
    outer loop
      vertex 9.88382941e-01 2.87835939e-03 -5.00000000e-02
      vertex 9.86184960e-01 3.18196599e-03 5.00000000e-02
      vertex 9.88382941e-01 2.87835939e-03 5.00000000e-02
    endloop
  endfacet
  facet normal 1.36454605e-01 9.90646325e-01 0.00000000e+00
    outer loop
      vertex 9.86184960e-01 3.18196599e-03 -5.00000000e-02
      vertex 9.83799546e-01 3.51054010e-03 -5.00000000e-02
      vertex 9.83799546e-01 3.51054010e-03 5.00000000e-02
    endloop
  endfacet
  facet normal 1.36454605e-01 9.90646325e-01 -0.00000000e+00
    outer loop
      vertex 9.86184960e-01 3.18196599e-03 -5.00000000e-02
      vertex 9.83799546e-01 3.51054010e-03 5.00000000e-02
      vertex 9.86184960e-01 3.18196599e-03 5.00000000e-02
    endloop
  endfacet
  facet normal 1.36049844e-01 9.90701994e-01 0.00000000e+00
    outer loop
      vertex 9.83799546e-01 3.51054010e-03 -5.00000000e-02
      vertex 9.81227618e-01 3.86373450e-03 -5.00000000e-02
      vertex 9.81227618e-01 3.86373450e-03 5.00000000e-02
    endloop
  endfacet
  facet normal 1.36049844e-01 9.90701994e-01 -0.00000000e+00
    outer loop
      vertex 9.83799546e-01 3.51054010e-03 -5.00000000e-02
      vertex 9.81227618e-01 3.86373450e-03 5.00000000e-02
      vertex 9.83799546e-01 3.51054010e-03 5.00000000e-02
    endloop
  endfacet
  facet normal 1.35616913e-01 9.90761350e-01 0.00000000e+00
    outer loop
      vertex 9.81227618e-01 3.86373450e-03 -5.00000000e-02
      vertex 9.78470168e-01 4.24117847e-03 -5.00000000e-02
      vertex 9.78470168e-01 4.24117847e-03 5.00000000e-02
    endloop
  endfacet
  facet normal 1.35616913e-01 9.90761350e-01 -0.00000000e+00
    outer loop
      vertex 9.81227618e-01 3.86373450e-03 -5.00000000e-02
      vertex 9.78470168e-01 4.24117847e-03 5.00000000e-02
      vertex 9.81227618e-01 3.86373450e-03 5.00000000e-02
    endloop
  endfacet
  facet normal 1.35156426e-01 9.90824273e-01 0.00000000e+00
    outer loop
      vertex 9.78470168e-01 4.24117847e-03 -5.00000000e-02
      vertex 9.75528258e-01 4.64247870e-03 -5.00000000e-02
      vertex 9.75528258e-01 4.64247870e-03 5.00000000e-02
    endloop
  endfacet
  facet normal 1.35156426e-01 9.90824273e-01 -0.00000000e+00
    outer loop
      vertex 9.78470168e-01 4.24117847e-03 -5.00000000e-02
      vertex 9.75528258e-01 4.64247870e-03 5.00000000e-02
      vertex 9.78470168e-01 4.24117847e-03 5.00000000e-02
    endloop
  endfacet
  facet normal 1.34669022e-01 9.90890637e-01 0.00000000e+00
    outer loop
      vertex 9.75528258e-01 4.64247870e-03 -5.00000000e-02
      vertex 9.72403023e-01 5.06722015e-03 -5.00000000e-02
      vertex 9.72403023e-01 5.06722015e-03 5.00000000e-02
    endloop
  endfacet
  facet normal 1.34669022e-01 9.90890637e-01 -0.00000000e+00
    outer loop
      vertex 9.75528258e-01 4.64247870e-03 -5.00000000e-02
      vertex 9.72403023e-01 5.06722015e-03 5.00000000e-02
      vertex 9.75528258e-01 4.64247870e-03 5.00000000e-02
    endloop
  endfacet
  facet normal 1.34155368e-01 9.90960311e-01 0.00000000e+00
    outer loop
      vertex 9.72403023e-01 5.06722015e-03 -5.00000000e-02
      vertex 9.69095668e-01 5.51496711e-03 -5.00000000e-02
      vertex 9.69095668e-01 5.51496711e-03 5.00000000e-02
    endloop
  endfacet
  facet normal 1.34155368e-01 9.90960311e-01 -0.00000000e+00
    outer loop
      vertex 9.72403023e-01 5.06722015e-03 -5.00000000e-02
      vertex 9.69095668e-01 5.51496711e-03 5.00000000e-02
      vertex 9.72403023e-01 5.06722015e-03 5.00000000e-02
    endloop
  endfacet
  facet normal 1.33616148e-01 9.91033160e-01 0.00000000e+00
    outer loop
      vertex 9.69095668e-01 5.51496711e-03 -5.00000000e-02
      vertex 9.65607467e-01 5.98526411e-03 -5.00000000e-02
      vertex 9.65607467e-01 5.98526411e-03 5.00000000e-02
    endloop
  endfacet
  facet normal 1.33616148e-01 9.91033160e-01 -0.00000000e+00
    outer loop
      vertex 9.69095668e-01 5.51496711e-03 -5.00000000e-02
      vertex 9.65607467e-01 5.98526411e-03 5.00000000e-02
      vertex 9.69095668e-01 5.51496711e-03 5.00000000e-02
    endloop
  endfacet
  facet normal 1.33052065e-01 9.91109049e-01 0.00000000e+00
    outer loop
      vertex 9.65607467e-01 5.98526411e-03 -5.00000000e-02
      vertex 9.61939766e-01 6.47763698e-03 -5.00000000e-02
      vertex 9.61939766e-01 6.47763698e-03 5.00000000e-02
    endloop
  endfacet
  facet normal 1.33052065e-01 9.91109049e-01 -0.00000000e+00
    outer loop
      vertex 9.65607467e-01 5.98526411e-03 -5.00000000e-02
      vertex 9.61939766e-01 6.47763698e-03 5.00000000e-02
      vertex 9.65607467e-01 5.98526411e-03 5.00000000e-02
    endloop
  endfacet
  facet normal 1.32463839e-01 9.91187839e-01 0.00000000e+00
    outer loop
      vertex 9.61939766e-01 6.47763698e-03 -5.00000000e-02
      vertex 9.58093979e-01 6.99159386e-03 -5.00000000e-02
      vertex 9.58093979e-01 6.99159386e-03 5.00000000e-02
    endloop
  endfacet
  facet normal 1.32463839e-01 9.91187839e-01 -0.00000000e+00
    outer loop
      vertex 9.61939766e-01 6.47763698e-03 -5.00000000e-02
      vertex 9.58093979e-01 6.99159386e-03 5.00000000e-02
      vertex 9.61939766e-01 6.47763698e-03 5.00000000e-02
    endloop
  endfacet
  facet normal 1.31852196e-01 9.91269387e-01 0.00000000e+00
    outer loop
      vertex 9.58093979e-01 6.99159386e-03 -5.00000000e-02
      vertex 9.54071587e-01 7.52662619e-03 -5.00000000e-02
      vertex 9.54071587e-01 7.52662619e-03 5.00000000e-02
    endloop
  endfacet
  facet normal 1.31852196e-01 9.91269387e-01 -0.00000000e+00
    outer loop
      vertex 9.58093979e-01 6.99159386e-03 -5.00000000e-02
      vertex 9.54071587e-01 7.52662619e-03 5.00000000e-02
      vertex 9.58093979e-01 6.99159386e-03 5.00000000e-02
    endloop
  endfacet
  facet normal 1.31217872e-01 9.91353555e-01 0.00000000e+00
    outer loop
      vertex 9.54071587e-01 7.52662619e-03 -5.00000000e-02
      vertex 9.49874142e-01 8.08220980e-03 -5.00000000e-02
      vertex 9.49874142e-01 8.08220980e-03 5.00000000e-02
    endloop
  endfacet
  facet normal 1.31217872e-01 9.91353555e-01 -0.00000000e+00
    outer loop
      vertex 9.54071587e-01 7.52662619e-03 -5.00000000e-02
      vertex 9.49874142e-01 8.08220980e-03 5.00000000e-02
      vertex 9.54071587e-01 7.52662619e-03 5.00000000e-02
    endloop
  endfacet
  facet normal 1.30561604e-01 9.91440199e-01 0.00000000e+00
    outer loop
      vertex 9.49874142e-01 8.08220980e-03 -5.00000000e-02
      vertex 9.45503262e-01 8.65780588e-03 -5.00000000e-02
      vertex 9.45503262e-01 8.65780588e-03 5.00000000e-02
    endloop
  endfacet
  facet normal 1.30561604e-01 9.91440199e-01 -0.00000000e+00
    outer loop
      vertex 9.49874142e-01 8.08220980e-03 -5.00000000e-02
      vertex 9.45503262e-01 8.65780588e-03 5.00000000e-02
      vertex 9.49874142e-01 8.08220980e-03 5.00000000e-02
    endloop
  endfacet
  facet normal 1.29884129e-01 9.91529179e-01 0.00000000e+00
    outer loop
      vertex 9.45503262e-01 8.65780588e-03 -5.00000000e-02
      vertex 9.40960632e-01 9.25286203e-03 -5.00000000e-02
      vertex 9.40960632e-01 9.25286203e-03 5.00000000e-02
    endloop
  endfacet
  facet normal 1.29884129e-01 9.91529179e-01 -0.00000000e+00
    outer loop
      vertex 9.45503262e-01 8.65780588e-03 -5.00000000e-02
      vertex 9.40960632e-01 9.25286203e-03 5.00000000e-02
      vertex 9.45503262e-01 8.65780588e-03 5.00000000e-02
    endloop
  endfacet
  facet normal 1.29186177e-01 9.91620357e-01 0.00000000e+00
    outer loop
      vertex 9.40960632e-01 9.25286203e-03 -5.00000000e-02
      vertex 9.36248004e-01 9.86681320e-03 -5.00000000e-02
      vertex 9.36248004e-01 9.86681320e-03 5.00000000e-02
    endloop
  endfacet
  facet normal 1.29186177e-01 9.91620357e-01 -0.00000000e+00
    outer loop
      vertex 9.40960632e-01 9.25286203e-03 -5.00000000e-02
      vertex 9.36248004e-01 9.86681320e-03 5.00000000e-02
      vertex 9.40960632e-01 9.25286203e-03 5.00000000e-02
    endloop
  endfacet
  facet normal 1.28468472e-01 9.91713594e-01 0.00000000e+00
    outer loop
      vertex 9.36248004e-01 9.86681320e-03 -5.00000000e-02
      vertex 9.31367193e-01 1.04990827e-02 -5.00000000e-02
      vertex 9.31367193e-01 1.04990827e-02 5.00000000e-02
    endloop
  endfacet
  facet normal 1.28468472e-01 9.91713594e-01 -0.00000000e+00
    outer loop
      vertex 9.36248004e-01 9.86681320e-03 -5.00000000e-02
      vertex 9.31367193e-01 1.04990827e-02 5.00000000e-02
      vertex 9.36248004e-01 9.86681320e-03 5.00000000e-02
    endloop
  endfacet
  facet normal 1.27731722e-01 9.91808755e-01 0.00000000e+00
    outer loop
      vertex 9.31367193e-01 1.04990827e-02 -5.00000000e-02
      vertex 9.26320082e-01 1.11490832e-02 -5.00000000e-02
      vertex 9.26320082e-01 1.11490832e-02 5.00000000e-02
    endloop
  endfacet
  facet normal 1.27731722e-01 9.91808755e-01 -0.00000000e+00
    outer loop
      vertex 9.31367193e-01 1.04990827e-02 -5.00000000e-02
      vertex 9.26320082e-01 1.11490832e-02 5.00000000e-02
      vertex 9.31367193e-01 1.04990827e-02 5.00000000e-02
    endloop
  endfacet
  facet normal 1.26976620e-01 9.91905710e-01 0.00000000e+00
    outer loop
      vertex 9.26320082e-01 1.11490832e-02 -5.00000000e-02
      vertex 9.21108617e-01 1.18162174e-02 -5.00000000e-02
      vertex 9.21108617e-01 1.18162174e-02 5.00000000e-02
    endloop
  endfacet
  facet normal 1.26976620e-01 9.91905710e-01 -0.00000000e+00
    outer loop
      vertex 9.26320082e-01 1.11490832e-02 -5.00000000e-02
      vertex 9.21108617e-01 1.18162174e-02 5.00000000e-02
      vertex 9.26320082e-01 1.11490832e-02 5.00000000e-02
    endloop
  endfacet
  facet normal 1.26203835e-01 9.92004331e-01 0.00000000e+00
    outer loop
      vertex 9.21108617e-01 1.18162174e-02 -5.00000000e-02
      vertex 9.15734806e-01 1.24998793e-02 -5.00000000e-02
      vertex 9.15734806e-01 1.24998793e-02 5.00000000e-02
    endloop
  endfacet
  facet normal 1.26203835e-01 9.92004331e-01 -0.00000000e+00
    outer loop
      vertex 9.21108617e-01 1.18162174e-02 -5.00000000e-02
      vertex 9.15734806e-01 1.24998793e-02 5.00000000e-02
      vertex 9.21108617e-01 1.18162174e-02 5.00000000e-02
    endloop
  endfacet
  facet normal 1.25414013e-01 9.92104493e-01 0.00000000e+00
    outer loop
      vertex 9.15734806e-01 1.24998793e-02 -5.00000000e-02
      vertex 9.10200722e-01 1.31994545e-02 -5.00000000e-02
      vertex 9.10200722e-01 1.31994545e-02 5.00000000e-02
    endloop
  endfacet
  facet normal 1.25414013e-01 9.92104493e-01 -0.00000000e+00
    outer loop
      vertex 9.15734806e-01 1.24998793e-02 -5.00000000e-02
      vertex 9.10200722e-01 1.31994545e-02 5.00000000e-02
      vertex 9.15734806e-01 1.24998793e-02 5.00000000e-02
    endloop
  endfacet
  facet normal 1.24607769e-01 9.92206079e-01 0.00000000e+00
    outer loop
      vertex 9.10200722e-01 1.31994545e-02 -5.00000000e-02
      vertex 9.04508497e-01 1.39143215e-02 -5.00000000e-02
      vertex 9.04508497e-01 1.39143215e-02 5.00000000e-02
    endloop
  endfacet
  facet normal 1.24607769e-01 9.92206079e-01 -0.00000000e+00
    outer loop
      vertex 9.10200722e-01 1.31994545e-02 -5.00000000e-02
      vertex 9.04508497e-01 1.39143215e-02 5.00000000e-02
      vertex 9.10200722e-01 1.31994545e-02 5.00000000e-02
    endloop
  endfacet
  facet normal 1.23785688e-01 9.92308976e-01 0.00000000e+00
    outer loop
      vertex 9.04508497e-01 1.39143215e-02 -5.00000000e-02
      vertex 8.98660327e-01 1.46438521e-02 -5.00000000e-02
      vertex 8.98660327e-01 1.46438521e-02 5.00000000e-02
    endloop
  endfacet
  facet normal 1.23785688e-01 9.92308976e-01 -0.00000000e+00
    outer loop
      vertex 9.04508497e-01 1.39143215e-02 -5.00000000e-02
      vertex 8.98660327e-01 1.46438521e-02 5.00000000e-02
      vertex 9.04508497e-01 1.39143215e-02 5.00000000e-02
    endloop
  endfacet
  facet normal 1.22948314e-01 9.92413075e-01 0.00000000e+00
    outer loop
      vertex 8.98660327e-01 1.46438521e-02 -5.00000000e-02
      vertex 8.92658465e-01 1.53874122e-02 -5.00000000e-02
      vertex 8.92658465e-01 1.53874122e-02 5.00000000e-02
    endloop
  endfacet
  facet normal 1.22948314e-01 9.92413075e-01 -0.00000000e+00
    outer loop
      vertex 8.98660327e-01 1.46438521e-02 -5.00000000e-02
      vertex 8.92658465e-01 1.53874122e-02 5.00000000e-02
      vertex 8.98660327e-01 1.46438521e-02 5.00000000e-02
    endloop
  endfacet
  facet normal 1.22096152e-01 9.92518277e-01 0.00000000e+00
    outer loop
      vertex 8.92658465e-01 1.53874122e-02 -5.00000000e-02
      vertex 8.86505227e-01 1.61443623e-02 -5.00000000e-02
      vertex 8.86505227e-01 1.61443623e-02 5.00000000e-02
    endloop
  endfacet
  facet normal 1.22096152e-01 9.92518277e-01 -0.00000000e+00
    outer loop
      vertex 8.92658465e-01 1.53874122e-02 -5.00000000e-02
      vertex 8.86505227e-01 1.61443623e-02 5.00000000e-02
      vertex 8.92658465e-01 1.53874122e-02 5.00000000e-02
    endloop
  endfacet
  facet normal 1.21229662e-01 9.92624485e-01 0.00000000e+00
    outer loop
      vertex 8.86505227e-01 1.61443623e-02 -5.00000000e-02
      vertex 8.80202983e-01 1.69140581e-02 -5.00000000e-02
      vertex 8.80202983e-01 1.69140581e-02 5.00000000e-02
    endloop
  endfacet
  facet normal 1.21229662e-01 9.92624485e-01 -0.00000000e+00
    outer loop
      vertex 8.86505227e-01 1.61443623e-02 -5.00000000e-02
      vertex 8.80202983e-01 1.69140581e-02 5.00000000e-02
      vertex 8.86505227e-01 1.61443623e-02 5.00000000e-02
    endloop
  endfacet
  facet normal 1.20349257e-01 9.92731613e-01 0.00000000e+00
    outer loop
      vertex 8.80202983e-01 1.69140581e-02 -5.00000000e-02
      vertex 8.73754163e-01 1.76958511e-02 -5.00000000e-02
      vertex 8.73754163e-01 1.76958511e-02 5.00000000e-02
    endloop
  endfacet
  facet normal 1.20349257e-01 9.92731613e-01 -0.00000000e+00
    outer loop
      vertex 8.80202983e-01 1.69140581e-02 -5.00000000e-02
      vertex 8.73754163e-01 1.76958511e-02 5.00000000e-02
      vertex 8.80202983e-01 1.69140581e-02 5.00000000e-02
    endloop
  endfacet
  facet normal 1.19455296e-01 9.92839580e-01 0.00000000e+00
    outer loop
      vertex 8.73754163e-01 1.76958511e-02 -5.00000000e-02
      vertex 8.67161255e-01 1.84890889e-02 -5.00000000e-02
      vertex 8.67161255e-01 1.84890889e-02 5.00000000e-02
    endloop
  endfacet
  facet normal 1.19455296e-01 9.92839580e-01 -0.00000000e+00
    outer loop
      vertex 8.73754163e-01 1.76958511e-02 -5.00000000e-02
      vertex 8.67161255e-01 1.84890889e-02 5.00000000e-02
      vertex 8.73754163e-01 1.76958511e-02 5.00000000e-02
    endloop
  endfacet
  facet normal 1.18548084e-01 9.92948313e-01 0.00000000e+00
    outer loop
      vertex 8.67161255e-01 1.84890889e-02 -5.00000000e-02
      vertex 8.60426798e-01 1.92931155e-02 -5.00000000e-02
      vertex 8.60426798e-01 1.92931155e-02 5.00000000e-02
    endloop
  endfacet
  facet normal 1.18548084e-01 9.92948313e-01 -0.00000000e+00
    outer loop
      vertex 8.67161255e-01 1.84890889e-02 -5.00000000e-02
      vertex 8.60426798e-01 1.92931155e-02 5.00000000e-02
      vertex 8.67161255e-01 1.84890889e-02 5.00000000e-02
    endloop
  endfacet
  facet normal 1.17627870e-01 9.93057745e-01 0.00000000e+00
    outer loop
      vertex 8.60426798e-01 1.92931155e-02 -5.00000000e-02
      vertex 8.53553391e-01 2.01072719e-02 -5.00000000e-02
      vertex 8.53553391e-01 2.01072719e-02 5.00000000e-02
    endloop
  endfacet
  facet normal 1.17627870e-01 9.93057745e-01 -0.00000000e+00
    outer loop
      vertex 8.60426798e-01 1.92931155e-02 -5.00000000e-02
      vertex 8.53553391e-01 2.01072719e-02 5.00000000e-02
      vertex 8.60426798e-01 1.92931155e-02 5.00000000e-02
    endloop
  endfacet
  facet normal 1.16694838e-01 9.93167818e-01 0.00000000e+00
    outer loop
      vertex 8.53553391e-01 2.01072719e-02 -5.00000000e-02
      vertex 8.46543681e-01 2.09308959e-02 -5.00000000e-02
      vertex 8.46543681e-01 2.09308959e-02 5.00000000e-02
    endloop
  endfacet
  facet normal 1.16694838e-01 9.93167818e-01 -0.00000000e+00
    outer loop
      vertex 8.53553391e-01 2.01072719e-02 -5.00000000e-02
      vertex 8.46543681e-01 2.09308959e-02 5.00000000e-02
      vertex 8.53553391e-01 2.01072719e-02 5.00000000e-02
    endloop
  endfacet
  facet normal 1.15749112e-01 9.93278482e-01 0.00000000e+00
    outer loop
      vertex 8.46543681e-01 2.09308959e-02 -5.00000000e-02
      vertex 8.39400373e-01 2.17633227e-02 -5.00000000e-02
      vertex 8.39400373e-01 2.17633227e-02 5.00000000e-02
    endloop
  endfacet
  facet normal 1.15749112e-01 9.93278482e-01 -0.00000000e+00
    outer loop
      vertex 8.46543681e-01 2.09308959e-02 -5.00000000e-02
      vertex 8.39400373e-01 2.17633227e-02 5.00000000e-02
      vertex 8.46543681e-01 2.09308959e-02 5.00000000e-02
    endloop
  endfacet
  facet normal 1.14790746e-01 9.93389694e-01 0.00000000e+00
    outer loop
      vertex 8.39400373e-01 2.17633227e-02 -5.00000000e-02
      vertex 8.32126219e-01 2.26038846e-02 -5.00000000e-02
      vertex 8.32126219e-01 2.26038846e-02 5.00000000e-02
    endloop
  endfacet
  facet normal 1.14790746e-01 9.93389694e-01 -0.00000000e+00
    outer loop
      vertex 8.39400373e-01 2.17633227e-02 -5.00000000e-02
      vertex 8.32126219e-01 2.26038846e-02 5.00000000e-02
      vertex 8.39400373e-01 2.17633227e-02 5.00000000e-02
    endloop
  endfacet
  facet normal 1.13819726e-01 9.93501419e-01 0.00000000e+00
    outer loop
      vertex 8.32126219e-01 2.26038846e-02 -5.00000000e-02
      vertex 8.24724024e-01 2.34519114e-02 -5.00000000e-02
      vertex 8.24724024e-01 2.34519114e-02 5.00000000e-02
    endloop
  endfacet
  facet normal 1.13819726e-01 9.93501419e-01 -0.00000000e+00
    outer loop
      vertex 8.32126219e-01 2.26038846e-02 -5.00000000e-02
      vertex 8.24724024e-01 2.34519114e-02 5.00000000e-02
      vertex 8.32126219e-01 2.26038846e-02 5.00000000e-02
    endloop
  endfacet
  facet normal 1.12835969e-01 9.93613629e-01 0.00000000e+00
    outer loop
      vertex 8.24724024e-01 2.34519114e-02 -5.00000000e-02
      vertex 8.17196642e-01 2.43067300e-02 -5.00000000e-02
      vertex 8.17196642e-01 2.43067300e-02 5.00000000e-02
    endloop
  endfacet
  facet normal 1.12835969e-01 9.93613629e-01 -0.00000000e+00
    outer loop
      vertex 8.24724024e-01 2.34519114e-02 -5.00000000e-02
      vertex 8.17196642e-01 2.43067300e-02 5.00000000e-02
      vertex 8.24724024e-01 2.34519114e-02 5.00000000e-02
    endloop
  endfacet
  facet normal 1.11839316e-01 9.93726304e-01 0.00000000e+00
    outer loop
      vertex 8.17196642e-01 2.43067300e-02 -5.00000000e-02
      vertex 8.09546975e-01 2.51676648e-02 -5.00000000e-02
      vertex 8.09546975e-01 2.51676648e-02 5.00000000e-02
    endloop
  endfacet
  facet normal 1.11839316e-01 9.93726304e-01 -0.00000000e+00
    outer loop
      vertex 8.17196642e-01 2.43067300e-02 -5.00000000e-02
      vertex 8.09546975e-01 2.51676648e-02 5.00000000e-02
      vertex 8.17196642e-01 2.43067300e-02 5.00000000e-02
    endloop
  endfacet
  facet normal 1.10829533e-01 9.93839431e-01 0.00000000e+00
    outer loop
      vertex 8.09546975e-01 2.51676648e-02 -5.00000000e-02
      vertex 8.01777971e-01 2.60340372e-02 -5.00000000e-02
      vertex 8.01777971e-01 2.60340372e-02 5.00000000e-02
    endloop
  endfacet
  facet normal 1.10829533e-01 9.93839431e-01 -0.00000000e+00
    outer loop
      vertex 8.09546975e-01 2.51676648e-02 -5.00000000e-02
      vertex 8.01777971e-01 2.60340372e-02 5.00000000e-02
      vertex 8.09546975e-01 2.51676648e-02 5.00000000e-02
    endloop
  endfacet
  facet normal 1.09806310e-01 9.93953004e-01 0.00000000e+00
    outer loop
      vertex 8.01777971e-01 2.60340372e-02 -5.00000000e-02
      vertex 7.93892626e-01 2.69051656e-02 -5.00000000e-02
      vertex 7.93892626e-01 2.69051656e-02 5.00000000e-02
    endloop
  endfacet
  facet normal 1.09806310e-01 9.93953004e-01 -0.00000000e+00
    outer loop
      vertex 8.01777971e-01 2.60340372e-02 -5.00000000e-02
      vertex 7.93892626e-01 2.69051656e-02 5.00000000e-02
      vertex 8.01777971e-01 2.60340372e-02 5.00000000e-02
    endloop
  endfacet
  facet normal 1.08769260e-01 9.94067024e-01 0.00000000e+00
    outer loop
      vertex 7.93892626e-01 2.69051656e-02 -5.00000000e-02
      vertex 7.85893980e-01 2.77803649e-02 -5.00000000e-02
      vertex 7.85893980e-01 2.77803649e-02 5.00000000e-02
    endloop
  endfacet
  facet normal 1.08769260e-01 9.94067024e-01 -0.00000000e+00
    outer loop
      vertex 7.93892626e-01 2.69051656e-02 -5.00000000e-02
      vertex 7.85893980e-01 2.77803649e-02 5.00000000e-02
      vertex 7.93892626e-01 2.69051656e-02 5.00000000e-02
    endloop
  endfacet
  facet normal 1.07717914e-01 9.94181498e-01 0.00000000e+00
    outer loop
      vertex 7.85893980e-01 2.77803649e-02 -5.00000000e-02
      vertex 7.77785117e-01 2.86589468e-02 -5.00000000e-02
      vertex 7.77785117e-01 2.86589468e-02 5.00000000e-02
    endloop
  endfacet
  facet normal 1.07717914e-01 9.94181498e-01 -0.00000000e+00
    outer loop
      vertex 7.85893980e-01 2.77803649e-02 -5.00000000e-02
      vertex 7.77785117e-01 2.86589468e-02 5.00000000e-02
      vertex 7.85893980e-01 2.77803649e-02 5.00000000e-02
    endloop
  endfacet
  facet normal 1.06651726e-01 9.94296439e-01 0.00000000e+00
    outer loop
      vertex 7.77785117e-01 2.86589468e-02 -5.00000000e-02
      vertex 7.69569161e-01 2.95402190e-02 -5.00000000e-02
      vertex 7.69569161e-01 2.95402190e-02 5.00000000e-02
    endloop
  endfacet
  facet normal 1.06651726e-01 9.94296439e-01 -0.00000000e+00
    outer loop
      vertex 7.77785117e-01 2.86589468e-02 -5.00000000e-02
      vertex 7.69569161e-01 2.95402190e-02 5.00000000e-02
      vertex 7.77785117e-01 2.86589468e-02 5.00000000e-02
    endloop
  endfacet
  facet normal 1.05570068e-01 9.94411867e-01 0.00000000e+00
    outer loop
      vertex 7.69569161e-01 2.95402190e-02 -5.00000000e-02
      vertex 7.61249282e-01 3.04234850e-02 -5.00000000e-02
      vertex 7.61249282e-01 3.04234850e-02 5.00000000e-02
    endloop
  endfacet
  facet normal 1.05570068e-01 9.94411867e-01 -0.00000000e+00
    outer loop
      vertex 7.69569161e-01 2.95402190e-02 -5.00000000e-02
      vertex 7.61249282e-01 3.04234850e-02 5.00000000e-02
      vertex 7.69569161e-01 2.95402190e-02 5.00000000e-02
    endloop
  endfacet
  facet normal 1.04472230e-01 9.94527804e-01 0.00000000e+00
    outer loop
      vertex 7.61249282e-01 3.04234850e-02 -5.00000000e-02
      vertex 7.52828687e-01 3.13080439e-02 -5.00000000e-02
      vertex 7.52828687e-01 3.13080439e-02 5.00000000e-02
    endloop
  endfacet
  facet normal 1.04472230e-01 9.94527804e-01 -0.00000000e+00
    outer loop
      vertex 7.61249282e-01 3.04234850e-02 -5.00000000e-02
      vertex 7.52828687e-01 3.13080439e-02 5.00000000e-02
      vertex 7.61249282e-01 3.04234850e-02 5.00000000e-02
    endloop
  endfacet
  facet normal 1.03357423e-01 9.94644280e-01 0.00000000e+00
    outer loop
      vertex 7.52828687e-01 3.13080439e-02 -5.00000000e-02
      vertex 7.44310621e-01 3.21931898e-02 -5.00000000e-02
      vertex 7.44310621e-01 3.21931898e-02 5.00000000e-02
    endloop
  endfacet
  facet normal 1.03357423e-01 9.94644280e-01 -0.00000000e+00
    outer loop
      vertex 7.52828687e-01 3.13080439e-02 -5.00000000e-02
      vertex 7.44310621e-01 3.21931898e-02 5.00000000e-02
      vertex 7.52828687e-01 3.13080439e-02 5.00000000e-02
    endloop
  endfacet
  facet normal 1.02224775e-01 9.94761326e-01 0.00000000e+00
    outer loop
      vertex 7.44310621e-01 3.21931898e-02 -5.00000000e-02
      vertex 7.35698368e-01 3.30782117e-02 -5.00000000e-02
      vertex 7.35698368e-01 3.30782117e-02 5.00000000e-02
    endloop
  endfacet
  facet normal 1.02224775e-01 9.94761326e-01 -0.00000000e+00
    outer loop
      vertex 7.44310621e-01 3.21931898e-02 -5.00000000e-02
      vertex 7.35698368e-01 3.30782117e-02 5.00000000e-02
      vertex 7.44310621e-01 3.21931898e-02 5.00000000e-02
    endloop
  endfacet
  facet normal 1.01073334e-01 9.94878978e-01 0.00000000e+00
    outer loop
      vertex 7.35698368e-01 3.30782117e-02 -5.00000000e-02
      vertex 7.26995250e-01 3.39623928e-02 -5.00000000e-02
      vertex 7.26995250e-01 3.39623928e-02 5.00000000e-02
    endloop
  endfacet
  facet normal 1.01073334e-01 9.94878978e-01 -0.00000000e+00
    outer loop
      vertex 7.35698368e-01 3.30782117e-02 -5.00000000e-02
      vertex 7.26995250e-01 3.39623928e-02 5.00000000e-02
      vertex 7.35698368e-01 3.30782117e-02 5.00000000e-02
    endloop
  endfacet
  facet normal 9.99020696e-02 9.94997275e-01 0.00000000e+00
    outer loop
      vertex 7.26995250e-01 3.39623928e-02 -5.00000000e-02
      vertex 7.18204620e-01 3.48450104e-02 -5.00000000e-02
      vertex 7.18204620e-01 3.48450104e-02 5.00000000e-02
    endloop
  endfacet
  facet normal 9.99020696e-02 9.94997275e-01 -0.00000000e+00
    outer loop
      vertex 7.26995250e-01 3.39623928e-02 -5.00000000e-02
      vertex 7.18204620e-01 3.48450104e-02 5.00000000e-02
      vertex 7.26995250e-01 3.39623928e-02 5.00000000e-02
    endloop
  endfacet
  facet normal 9.87098689e-02 9.95116255e-01 0.00000000e+00
    outer loop
      vertex 7.18204620e-01 3.48450104e-02 -5.00000000e-02
      vertex 7.09329869e-01 3.57253353e-02 -5.00000000e-02
      vertex 7.09329869e-01 3.57253353e-02 5.00000000e-02
    endloop
  endfacet
  facet normal 9.87098689e-02 9.95116255e-01 -0.00000000e+00
    outer loop
      vertex 7.18204620e-01 3.48450104e-02 -5.00000000e-02
      vertex 7.09329869e-01 3.57253353e-02 5.00000000e-02
      vertex 7.18204620e-01 3.48450104e-02 5.00000000e-02
    endloop
  endfacet
  facet normal 9.74955428e-02 9.95235962e-01 0.00000000e+00
    outer loop
      vertex 7.09329869e-01 3.57253353e-02 -5.00000000e-02
      vertex 7.00374417e-01 3.66026314e-02 -5.00000000e-02
      vertex 7.00374417e-01 3.66026314e-02 5.00000000e-02
    endloop
  endfacet
  facet normal 9.74955428e-02 9.95235962e-01 -0.00000000e+00
    outer loop
      vertex 7.09329869e-01 3.57253353e-02 -5.00000000e-02
      vertex 7.00374417e-01 3.66026314e-02 5.00000000e-02
      vertex 7.09329869e-01 3.57253353e-02 5.00000000e-02
    endloop
  endfacet
  facet normal 9.62578247e-02 9.95356434e-01 0.00000000e+00
    outer loop
      vertex 7.00374417e-01 3.66026314e-02 -5.00000000e-02
      vertex 6.91341716e-01 3.74761558e-02 -5.00000000e-02
      vertex 6.91341716e-01 3.74761558e-02 5.00000000e-02
    endloop
  endfacet
  facet normal 9.62578247e-02 9.95356434e-01 -0.00000000e+00
    outer loop
      vertex 7.00374417e-01 3.66026314e-02 -5.00000000e-02
      vertex 6.91341716e-01 3.74761558e-02 5.00000000e-02
      vertex 7.00374417e-01 3.66026314e-02 5.00000000e-02
    endloop
  endfacet
  facet normal 9.49953725e-02 9.95477714e-01 0.00000000e+00
    outer loop
      vertex 6.91341716e-01 3.74761558e-02 -5.00000000e-02
      vertex 6.82235250e-01 3.83451578e-02 -5.00000000e-02
      vertex 6.82235250e-01 3.83451578e-02 5.00000000e-02
    endloop
  endfacet
  facet normal 9.49953725e-02 9.95477714e-01 -0.00000000e+00
    outer loop
      vertex 6.91341716e-01 3.74761558e-02 -5.00000000e-02
      vertex 6.82235250e-01 3.83451578e-02 5.00000000e-02
      vertex 6.91341716e-01 3.74761558e-02 5.00000000e-02
    endloop
  endfacet
  facet normal 9.37067702e-02 9.95599840e-01 0.00000000e+00
    outer loop
      vertex 6.82235250e-01 3.83451578e-02 -5.00000000e-02
      vertex 6.73058529e-01 3.92088792e-02 -5.00000000e-02
      vertex 6.73058529e-01 3.92088792e-02 5.00000000e-02
    endloop
  endfacet
  facet normal 9.37067702e-02 9.95599840e-01 -0.00000000e+00
    outer loop
      vertex 6.82235250e-01 3.83451578e-02 -5.00000000e-02
      vertex 6.73058529e-01 3.92088792e-02 5.00000000e-02
      vertex 6.82235250e-01 3.83451578e-02 5.00000000e-02
    endloop
  endfacet
  facet normal 9.23905296e-02 9.95722848e-01 0.00000000e+00
    outer loop
      vertex 6.73058529e-01 3.92088792e-02 -5.00000000e-02
      vertex 6.63815090e-01 4.00665538e-02 -5.00000000e-02
      vertex 6.63815090e-01 4.00665538e-02 5.00000000e-02
    endloop
  endfacet
  facet normal 9.23905296e-02 9.95722848e-01 -0.00000000e+00
    outer loop
      vertex 6.73058529e-01 3.92088792e-02 -5.00000000e-02
      vertex 6.63815090e-01 4.00665538e-02 5.00000000e-02
      vertex 6.73058529e-01 3.92088792e-02 5.00000000e-02
    endloop
  endfacet
  facet normal 9.10450927e-02 9.95846771e-01 0.00000000e+00
    outer loop
      vertex 6.63815090e-01 4.00665538e-02 -5.00000000e-02
      vertex 6.54508497e-01 4.09174072e-02 -5.00000000e-02
      vertex 6.54508497e-01 4.09174072e-02 5.00000000e-02
    endloop
  endfacet
  facet normal 9.10450927e-02 9.95846771e-01 -0.00000000e+00
    outer loop
      vertex 6.63815090e-01 4.00665538e-02 -5.00000000e-02
      vertex 6.54508497e-01 4.09174072e-02 5.00000000e-02
      vertex 6.63815090e-01 4.00665538e-02 5.00000000e-02
    endloop
  endfacet
  facet normal 8.96688336e-02 9.95971636e-01 0.00000000e+00
    outer loop
      vertex 6.54508497e-01 4.09174072e-02 -5.00000000e-02
      vertex 6.45142339e-01 4.17606566e-02 -5.00000000e-02
      vertex 6.45142339e-01 4.17606566e-02 5.00000000e-02
    endloop
  endfacet
  facet normal 8.96688336e-02 9.95971636e-01 -0.00000000e+00
    outer loop
      vertex 6.54508497e-01 4.09174072e-02 -5.00000000e-02
      vertex 6.45142339e-01 4.17606566e-02 5.00000000e-02
      vertex 6.54508497e-01 4.09174072e-02 5.00000000e-02
    endloop
  endfacet
  facet normal 8.82600608e-02 9.96097466e-01 0.00000000e+00
    outer loop
      vertex 6.45142339e-01 4.17606566e-02 -5.00000000e-02
      vertex 6.35720225e-01 4.25955110e-02 -5.00000000e-02
      vertex 6.35720225e-01 4.25955110e-02 5.00000000e-02
    endloop
  endfacet
  facet normal 8.82600608e-02 9.96097466e-01 -0.00000000e+00
    outer loop
      vertex 6.45142339e-01 4.17606566e-02 -5.00000000e-02
      vertex 6.35720225e-01 4.25955110e-02 5.00000000e-02
      vertex 6.45142339e-01 4.17606566e-02 5.00000000e-02
    endloop
  endfacet
  facet normal 8.68170198e-02 9.96224274e-01 0.00000000e+00
    outer loop
      vertex 6.35720225e-01 4.25955110e-02 -5.00000000e-02
      vertex 6.26245789e-01 4.34211708e-02 -5.00000000e-02
      vertex 6.26245789e-01 4.34211708e-02 5.00000000e-02
    endloop
  endfacet
  facet normal 8.68170198e-02 9.96224274e-01 -0.00000000e+00
    outer loop
      vertex 6.35720225e-01 4.25955110e-02 -5.00000000e-02
      vertex 6.26245789e-01 4.34211708e-02 5.00000000e-02
      vertex 6.35720225e-01 4.25955110e-02 5.00000000e-02
    endloop
  endfacet
  facet normal 8.53378958e-02 9.96352068e-01 0.00000000e+00
    outer loop
      vertex 6.26245789e-01 4.34211708e-02 -5.00000000e-02
      vertex 6.16722682e-01 4.42368282e-02 -5.00000000e-02
      vertex 6.16722682e-01 4.42368282e-02 5.00000000e-02
    endloop
  endfacet
  facet normal 8.53378958e-02 9.96352068e-01 -0.00000000e+00
    outer loop
      vertex 6.26245789e-01 4.34211708e-02 -5.00000000e-02
      vertex 6.16722682e-01 4.42368282e-02 5.00000000e-02
      vertex 6.26245789e-01 4.34211708e-02 5.00000000e-02
    endloop
  endfacet
  facet normal 8.38208160e-02 9.96480843e-01 0.00000000e+00
    outer loop
      vertex 6.16722682e-01 4.42368282e-02 -5.00000000e-02
      vertex 6.07154577e-01 4.50416669e-02 -5.00000000e-02
      vertex 6.07154577e-01 4.50416669e-02 5.00000000e-02
    endloop
  endfacet
  facet normal 8.38208160e-02 9.96480843e-01 -0.00000000e+00
    outer loop
      vertex 6.16722682e-01 4.42368282e-02 -5.00000000e-02
      vertex 6.07154577e-01 4.50416669e-02 5.00000000e-02
      vertex 6.16722682e-01 4.42368282e-02 5.00000000e-02
    endloop
  endfacet
  facet normal 8.22638526e-02 9.96610585e-01 0.00000000e+00
    outer loop
      vertex 6.07154577e-01 4.50416669e-02 -5.00000000e-02
      vertex 5.97545161e-01 4.58348629e-02 -5.00000000e-02
      vertex 5.97545161e-01 4.58348629e-02 5.00000000e-02
    endloop
  endfacet
  facet normal 8.22638526e-02 9.96610585e-01 -0.00000000e+00
    outer loop
      vertex 6.07154577e-01 4.50416669e-02 -5.00000000e-02
      vertex 5.97545161e-01 4.58348629e-02 5.00000000e-02
      vertex 6.07154577e-01 4.50416669e-02 5.00000000e-02
    endloop
  endfacet
  facet normal 8.06650256e-02 9.96741267e-01 0.00000000e+00
    outer loop
      vertex 5.97545161e-01 4.58348629e-02 -5.00000000e-02
      vertex 5.87898140e-01 4.66155843e-02 -5.00000000e-02
      vertex 5.87898140e-01 4.66155843e-02 5.00000000e-02
    endloop
  endfacet
  facet normal 8.06650256e-02 9.96741267e-01 -0.00000000e+00
    outer loop
      vertex 5.97545161e-01 4.58348629e-02 -5.00000000e-02
      vertex 5.87898140e-01 4.66155843e-02 5.00000000e-02
      vertex 5.97545161e-01 4.58348629e-02 5.00000000e-02
    endloop
  endfacet
  facet normal 7.90223056e-02 9.96872848e-01 0.00000000e+00
    outer loop
      vertex 5.87898140e-01 4.66155843e-02 -5.00000000e-02
      vertex 5.78217233e-01 4.73829917e-02 -5.00000000e-02
      vertex 5.78217233e-01 4.73829917e-02 5.00000000e-02
    endloop
  endfacet
  facet normal 7.90223056e-02 9.96872848e-01 -0.00000000e+00
    outer loop
      vertex 5.87898140e-01 4.66155843e-02 -5.00000000e-02
      vertex 5.78217233e-01 4.73829917e-02 5.00000000e-02
      vertex 5.87898140e-01 4.66155843e-02 5.00000000e-02
    endloop
  endfacet
  facet normal 7.73336167e-02 9.97005272e-01 0.00000000e+00
    outer loop
      vertex 5.78217233e-01 4.73829917e-02 -5.00000000e-02
      vertex 5.68506171e-01 4.81362390e-02 -5.00000000e-02
      vertex 5.68506171e-01 4.81362390e-02 5.00000000e-02
    endloop
  endfacet
  facet normal 7.73336167e-02 9.97005272e-01 -0.00000000e+00
    outer loop
      vertex 5.78217233e-01 4.73829917e-02 -5.00000000e-02
      vertex 5.68506171e-01 4.81362390e-02 5.00000000e-02
      vertex 5.78217233e-01 4.73829917e-02 5.00000000e-02
    endloop
  endfacet
  facet normal 7.55968392e-02 9.97138465e-01 0.00000000e+00
    outer loop
      vertex 5.68506171e-01 4.81362390e-02 -5.00000000e-02
      vertex 5.58768699e-01 4.88744736e-02 -5.00000000e-02
      vertex 5.58768699e-01 4.88744736e-02 5.00000000e-02
    endloop
  endfacet
  facet normal 7.55968392e-02 9.97138465e-01 -0.00000000e+00
    outer loop
      vertex 5.68506171e-01 4.81362390e-02 -5.00000000e-02
      vertex 5.58768699e-01 4.88744736e-02 5.00000000e-02
      vertex 5.68506171e-01 4.81362390e-02 5.00000000e-02
    endloop
  endfacet
  facet normal 7.38098126e-02 9.97272336e-01 0.00000000e+00
    outer loop
      vertex 5.58768699e-01 4.88744736e-02 -5.00000000e-02
      vertex 5.49008570e-01 4.95968372e-02 -5.00000000e-02
      vertex 5.49008570e-01 4.95968372e-02 5.00000000e-02
    endloop
  endfacet
  facet normal 7.38098126e-02 9.97272336e-01 -0.00000000e+00
    outer loop
      vertex 5.58768699e-01 4.88744736e-02 -5.00000000e-02
      vertex 5.49008570e-01 4.95968372e-02 5.00000000e-02
      vertex 5.58768699e-01 4.88744736e-02 5.00000000e-02
    endloop
  endfacet
  facet normal 7.19703381e-02 9.97406773e-01 0.00000000e+00
    outer loop
      vertex 5.49008570e-01 4.95968372e-02 -5.00000000e-02
      vertex 5.39229548e-01 5.03024666e-02 -5.00000000e-02
      vertex 5.39229548e-01 5.03024666e-02 5.00000000e-02
    endloop
  endfacet
  facet normal 7.19703381e-02 9.97406773e-01 -0.00000000e+00
    outer loop
      vertex 5.49008570e-01 4.95968372e-02 -5.00000000e-02
      vertex 5.39229548e-01 5.03024666e-02 5.00000000e-02
      vertex 5.49008570e-01 4.95968372e-02 5.00000000e-02
    endloop
  endfacet
  facet normal 7.00761816e-02 9.97541643e-01 0.00000000e+00
    outer loop
      vertex 5.39229548e-01 5.03024666e-02 -5.00000000e-02
      vertex 5.29435402e-01 5.09904944e-02 -5.00000000e-02
      vertex 5.29435402e-01 5.09904944e-02 5.00000000e-02
    endloop
  endfacet
  facet normal 7.00761816e-02 9.97541643e-01 -0.00000000e+00
    outer loop
      vertex 5.39229548e-01 5.03024666e-02 -5.00000000e-02
      vertex 5.29435402e-01 5.09904944e-02 5.00000000e-02
      vertex 5.39229548e-01 5.03024666e-02 5.00000000e-02
    endloop
  endfacet
  facet normal 6.81250758e-02 9.97676788e-01 0.00000000e+00
    outer loop
      vertex 5.29435402e-01 5.09904944e-02 -5.00000000e-02
      vertex 5.19629908e-01 5.16600499e-02 -5.00000000e-02
      vertex 5.19629908e-01 5.16600499e-02 5.00000000e-02
    endloop
  endfacet
  facet normal 6.81250758e-02 9.97676788e-01 -0.00000000e+00
    outer loop
      vertex 5.29435402e-01 5.09904944e-02 -5.00000000e-02
      vertex 5.19629908e-01 5.16600499e-02 5.00000000e-02
      vertex 5.29435402e-01 5.09904944e-02 5.00000000e-02
    endloop
  endfacet
  facet normal 6.61147230e-02 9.97812028e-01 0.00000000e+00
    outer loop
      vertex 5.19629908e-01 5.16600499e-02 -5.00000000e-02
      vertex 5.09816846e-01 5.23102604e-02 -5.00000000e-02
      vertex 5.09816846e-01 5.23102604e-02 5.00000000e-02
    endloop
  endfacet
  facet normal 6.61147230e-02 9.97812028e-01 -0.00000000e+00
    outer loop
      vertex 5.19629908e-01 5.16600499e-02 -5.00000000e-02
      vertex 5.09816846e-01 5.23102604e-02 5.00000000e-02
      vertex 5.19629908e-01 5.16600499e-02 5.00000000e-02
    endloop
  endfacet
  facet normal 6.40427970e-02 9.97947153e-01 0.00000000e+00
    outer loop
      vertex 5.09816846e-01 5.23102604e-02 -5.00000000e-02
      vertex 5.00000000e-01 5.29402520e-02 -5.00000000e-02
      vertex 5.00000000e-01 5.29402520e-02 5.00000000e-02
    endloop
  endfacet
  facet normal 6.40427970e-02 9.97947153e-01 -0.00000000e+00
    outer loop
      vertex 5.09816846e-01 5.23102604e-02 -5.00000000e-02
      vertex 5.00000000e-01 5.29402520e-02 5.00000000e-02
      vertex 5.09816846e-01 5.23102604e-02 5.00000000e-02
    endloop
  endfacet
  facet normal 6.19069450e-02 9.98081926e-01 0.00000000e+00
    outer loop
      vertex 5.00000000e-01 5.29402520e-02 -5.00000000e-02
      vertex 4.90183154e-01 5.35491509e-02 -5.00000000e-02
      vertex 4.90183154e-01 5.35491509e-02 5.00000000e-02
    endloop
  endfacet
  facet normal 6.19069450e-02 9.98081926e-01 -0.00000000e+00
    outer loop
      vertex 5.00000000e-01 5.29402520e-02 -5.00000000e-02
      vertex 4.90183154e-01 5.35491509e-02 5.00000000e-02
      vertex 5.00000000e-01 5.29402520e-02 5.00000000e-02
    endloop
  endfacet
  facet normal 5.97047898e-02 9.98216078e-01 0.00000000e+00
    outer loop
      vertex 4.90183154e-01 5.35491509e-02 -5.00000000e-02
      vertex 4.80370092e-01 5.41360847e-02 -5.00000000e-02
      vertex 4.80370092e-01 5.41360847e-02 5.00000000e-02
    endloop
  endfacet
  facet normal 5.97047898e-02 9.98216078e-01 -0.00000000e+00
    outer loop
      vertex 4.90183154e-01 5.35491509e-02 -5.00000000e-02
      vertex 4.80370092e-01 5.41360847e-02 5.00000000e-02
      vertex 4.90183154e-01 5.35491509e-02 5.00000000e-02
    endloop
  endfacet
  facet normal 5.74339307e-02 9.98349309e-01 0.00000000e+00
    outer loop
      vertex 4.80370092e-01 5.41360847e-02 -5.00000000e-02
      vertex 4.70564598e-01 5.47001839e-02 -5.00000000e-02
      vertex 4.70564598e-01 5.47001839e-02 5.00000000e-02
    endloop
  endfacet
  facet normal 5.74339307e-02 9.98349309e-01 -0.00000000e+00
    outer loop
      vertex 4.80370092e-01 5.41360847e-02 -5.00000000e-02
      vertex 4.70564598e-01 5.47001839e-02 5.00000000e-02
      vertex 4.80370092e-01 5.41360847e-02 5.00000000e-02
    endloop
  endfacet
  facet normal 5.50919447e-02 9.98481286e-01 0.00000000e+00
    outer loop
      vertex 4.70564598e-01 5.47001839e-02 -5.00000000e-02
      vertex 4.60770452e-01 5.52405832e-02 -5.00000000e-02
      vertex 4.60770452e-01 5.52405832e-02 5.00000000e-02
    endloop
  endfacet
  facet normal 5.50919447e-02 9.98481286e-01 -0.00000000e+00
    outer loop
      vertex 4.70564598e-01 5.47001839e-02 -5.00000000e-02
      vertex 4.60770452e-01 5.52405832e-02 5.00000000e-02
      vertex 4.70564598e-01 5.47001839e-02 5.00000000e-02
    endloop
  endfacet
  facet normal 5.26763876e-02 9.98611635e-01 0.00000000e+00
    outer loop
      vertex 4.60770452e-01 5.52405832e-02 -5.00000000e-02
      vertex 4.50991430e-01 5.57564229e-02 -5.00000000e-02
      vertex 4.50991430e-01 5.57564229e-02 5.00000000e-02
    endloop
  endfacet
  facet normal 5.26763876e-02 9.98611635e-01 -0.00000000e+00
    outer loop
      vertex 4.60770452e-01 5.52405832e-02 -5.00000000e-02
      vertex 4.50991430e-01 5.57564229e-02 5.00000000e-02
      vertex 4.60770452e-01 5.52405832e-02 5.00000000e-02
    endloop
  endfacet
  facet normal 5.01847938e-02 9.98739949e-01 0.00000000e+00
    outer loop
      vertex 4.50991430e-01 5.57564229e-02 -5.00000000e-02
      vertex 4.41231301e-01 5.62468509e-02 -5.00000000e-02
      vertex 4.41231301e-01 5.62468509e-02 5.00000000e-02
    endloop
  endfacet
  facet normal 5.01847938e-02 9.98739949e-01 -0.00000000e+00
    outer loop
      vertex 4.50991430e-01 5.57564229e-02 -5.00000000e-02
      vertex 4.41231301e-01 5.62468509e-02 5.00000000e-02
      vertex 4.50991430e-01 5.57564229e-02 5.00000000e-02
    endloop
  endfacet
  facet normal 4.76146764e-02 9.98865778e-01 0.00000000e+00
    outer loop
      vertex 4.41231301e-01 5.62468509e-02 -5.00000000e-02
      vertex 4.31493829e-01 5.67110240e-02 -5.00000000e-02
      vertex 4.31493829e-01 5.67110240e-02 5.00000000e-02
    endloop
  endfacet
  facet normal 4.76146764e-02 9.98865778e-01 -0.00000000e+00
    outer loop
      vertex 4.41231301e-01 5.62468509e-02 -5.00000000e-02
      vertex 4.31493829e-01 5.67110240e-02 5.00000000e-02
      vertex 4.41231301e-01 5.62468509e-02 5.00000000e-02
    endloop
  endfacet
  facet normal 4.49635263e-02 9.98988629e-01 0.00000000e+00
    outer loop
      vertex 4.31493829e-01 5.67110240e-02 -5.00000000e-02
      vertex 4.21782767e-01 5.71481096e-02 -5.00000000e-02
      vertex 4.21782767e-01 5.71481096e-02 5.00000000e-02
    endloop
  endfacet
  facet normal 4.49635263e-02 9.98988629e-01 -0.00000000e+00
    outer loop
      vertex 4.31493829e-01 5.67110240e-02 -5.00000000e-02
      vertex 4.21782767e-01 5.71481096e-02 5.00000000e-02
      vertex 4.31493829e-01 5.67110240e-02 5.00000000e-02
    endloop
  endfacet
  facet normal 4.22288113e-02 9.99107966e-01 0.00000000e+00
    outer loop
      vertex 4.21782767e-01 5.71481096e-02 -5.00000000e-02
      vertex 4.12101860e-01 5.75572878e-02 -5.00000000e-02
      vertex 4.12101860e-01 5.75572878e-02 5.00000000e-02
    endloop
  endfacet
  facet normal 4.22288113e-02 9.99107966e-01 -0.00000000e+00
    outer loop
      vertex 4.21782767e-01 5.71481096e-02 -5.00000000e-02
      vertex 4.12101860e-01 5.75572878e-02 5.00000000e-02
      vertex 4.21782767e-01 5.71481096e-02 5.00000000e-02
    endloop
  endfacet
  facet normal 3.94079738e-02 9.99223204e-01 0.00000000e+00
    outer loop
      vertex 4.12101860e-01 5.75572878e-02 -5.00000000e-02
      vertex 4.02454839e-01 5.79377529e-02 -5.00000000e-02
      vertex 4.02454839e-01 5.79377529e-02 5.00000000e-02
    endloop
  endfacet
  facet normal 3.94079738e-02 9.99223204e-01 -0.00000000e+00
    outer loop
      vertex 4.12101860e-01 5.75572878e-02 -5.00000000e-02
      vertex 4.02454839e-01 5.79377529e-02 5.00000000e-02
      vertex 4.12101860e-01 5.75572878e-02 5.00000000e-02
    endloop
  endfacet
  facet normal 3.64984282e-02 9.99333710e-01 0.00000000e+00
    outer loop
      vertex 4.02454839e-01 5.79377529e-02 -5.00000000e-02
      vertex 3.92845423e-01 5.82887153e-02 -5.00000000e-02
      vertex 3.92845423e-01 5.82887153e-02 5.00000000e-02
    endloop
  endfacet
  facet normal 3.64984282e-02 9.99333710e-01 -0.00000000e+00
    outer loop
      vertex 4.02454839e-01 5.79377529e-02 -5.00000000e-02
      vertex 3.92845423e-01 5.82887153e-02 5.00000000e-02
      vertex 4.02454839e-01 5.79377529e-02 5.00000000e-02
    endloop
  endfacet
  facet normal 3.34975579e-02 9.99438799e-01 0.00000000e+00
    outer loop
      vertex 3.92845423e-01 5.82887153e-02 -5.00000000e-02
      vertex 3.83277318e-01 5.86094035e-02 -5.00000000e-02
      vertex 3.83277318e-01 5.86094035e-02 5.00000000e-02
    endloop
  endfacet
  facet normal 3.34975579e-02 9.99438799e-01 -0.00000000e+00
    outer loop
      vertex 3.92845423e-01 5.82887153e-02 -5.00000000e-02
      vertex 3.83277318e-01 5.86094035e-02 5.00000000e-02
      vertex 3.92845423e-01 5.82887153e-02 5.00000000e-02
    endloop
  endfacet
  facet normal 3.04027106e-02 9.99537731e-01 0.00000000e+00
    outer loop
      vertex 3.83277318e-01 5.86094035e-02 -5.00000000e-02
      vertex 3.73754211e-01 5.88990656e-02 -5.00000000e-02
      vertex 3.73754211e-01 5.88990656e-02 5.00000000e-02
    endloop
  endfacet
  facet normal 3.04027106e-02 9.99537731e-01 -0.00000000e+00
    outer loop
      vertex 3.83277318e-01 5.86094035e-02 -5.00000000e-02
      vertex 3.73754211e-01 5.88990656e-02 5.00000000e-02
      vertex 3.83277318e-01 5.86094035e-02 5.00000000e-02
    endloop
  endfacet
  facet normal 2.72111935e-02 9.99629707e-01 0.00000000e+00
    outer loop
      vertex 3.73754211e-01 5.88990656e-02 -5.00000000e-02
      vertex 3.64279775e-01 5.91569718e-02 -5.00000000e-02
      vertex 3.64279775e-01 5.91569718e-02 5.00000000e-02
    endloop
  endfacet
  facet normal 2.72111935e-02 9.99629707e-01 -0.00000000e+00
    outer loop
      vertex 3.73754211e-01 5.88990656e-02 -5.00000000e-02
      vertex 3.64279775e-01 5.91569718e-02 5.00000000e-02
      vertex 3.73754211e-01 5.88990656e-02 5.00000000e-02
    endloop
  endfacet
  facet normal 2.39202669e-02 9.99713869e-01 0.00000000e+00
    outer loop
      vertex 3.64279775e-01 5.91569718e-02 -5.00000000e-02
      vertex 3.54857661e-01 5.93824158e-02 -5.00000000e-02
      vertex 3.54857661e-01 5.93824158e-02 5.00000000e-02
    endloop
  endfacet
  facet normal 2.39202669e-02 9.99713869e-01 -0.00000000e+00
    outer loop
      vertex 3.64279775e-01 5.91569718e-02 -5.00000000e-02
      vertex 3.54857661e-01 5.93824158e-02 5.00000000e-02
      vertex 3.64279775e-01 5.91569718e-02 5.00000000e-02
    endloop
  endfacet
  facet normal 2.05271370e-02 9.99789296e-01 0.00000000e+00
    outer loop
      vertex 3.54857661e-01 5.93824158e-02 -5.00000000e-02
      vertex 3.45491503e-01 5.95747168e-02 -5.00000000e-02
      vertex 3.45491503e-01 5.95747168e-02 5.00000000e-02
    endloop
  endfacet
  facet normal 2.05271370e-02 9.99789296e-01 -0.00000000e+00
    outer loop
      vertex 3.54857661e-01 5.93824158e-02 -5.00000000e-02
      vertex 3.45491503e-01 5.95747168e-02 5.00000000e-02
      vertex 3.54857661e-01 5.93824158e-02 5.00000000e-02
    endloop
  endfacet
  facet normal 1.70289474e-02 9.99854997e-01 0.00000000e+00
    outer loop
      vertex 3.45491503e-01 5.95747168e-02 -5.00000000e-02
      vertex 3.36184910e-01 5.97332212e-02 -5.00000000e-02
      vertex 3.36184910e-01 5.97332212e-02 5.00000000e-02
    endloop
  endfacet
  facet normal 1.70289474e-02 9.99854997e-01 -0.00000000e+00
    outer loop
      vertex 3.45491503e-01 5.95747168e-02 -5.00000000e-02
      vertex 3.36184910e-01 5.97332212e-02 5.00000000e-02
      vertex 3.45491503e-01 5.95747168e-02 5.00000000e-02
    endloop
  endfacet
  facet normal 1.34227694e-02 9.99909911e-01 0.00000000e+00
    outer loop
      vertex 3.36184910e-01 5.97332212e-02 -5.00000000e-02
      vertex 3.26941471e-01 5.98573050e-02 -5.00000000e-02
      vertex 3.26941471e-01 5.98573050e-02 5.00000000e-02
    endloop
  endfacet
  facet normal 1.34227694e-02 9.99909911e-01 -0.00000000e+00
    outer loop
      vertex 3.36184910e-01 5.97332212e-02 -5.00000000e-02
      vertex 3.26941471e-01 5.98573050e-02 5.00000000e-02
      vertex 3.36184910e-01 5.97332212e-02 5.00000000e-02
    endloop
  endfacet
  facet normal 9.70559043e-03 9.99952900e-01 0.00000000e+00
    outer loop
      vertex 3.26941471e-01 5.98573050e-02 -5.00000000e-02
      vertex 3.17764750e-01 5.99463746e-02 -5.00000000e-02
      vertex 3.17764750e-01 5.99463746e-02 5.00000000e-02
    endloop
  endfacet
  facet normal 9.70559043e-03 9.99952900e-01 -0.00000000e+00
    outer loop
      vertex 3.26941471e-01 5.98573050e-02 -5.00000000e-02
      vertex 3.17764750e-01 5.99463746e-02 5.00000000e-02
      vertex 3.26941471e-01 5.98573050e-02 5.00000000e-02
    endloop
  endfacet
  facet normal 5.87430139e-03 9.99982746e-01 0.00000000e+00
    outer loop
      vertex 3.17764750e-01 5.99463746e-02 -5.00000000e-02
      vertex 3.08658284e-01 5.99998697e-02 -5.00000000e-02
      vertex 3.08658284e-01 5.99998697e-02 5.00000000e-02
    endloop
  endfacet
  facet normal 5.87430139e-03 9.99982746e-01 -0.00000000e+00
    outer loop
      vertex 3.17764750e-01 5.99463746e-02 -5.00000000e-02
      vertex 3.08658284e-01 5.99998697e-02 5.00000000e-02
      vertex 3.17764750e-01 5.99463746e-02 5.00000000e-02
    endloop
  endfacet
  facet normal 1.92568198e-03 9.99998146e-01 0.00000000e+00
    outer loop
      vertex 3.08658284e-01 5.99998697e-02 -5.00000000e-02
      vertex 2.99625583e-01 6.00172638e-02 -5.00000000e-02
      vertex 2.99625583e-01 6.00172638e-02 5.00000000e-02
    endloop
  endfacet
  facet normal 1.92568198e-03 9.99998146e-01 -0.00000000e+00
    outer loop
      vertex 3.08658284e-01 5.99998697e-02 -5.00000000e-02
      vertex 2.99625583e-01 6.00172638e-02 5.00000000e-02
      vertex 3.08658284e-01 5.99998697e-02 5.00000000e-02
    endloop
  endfacet
  facet normal -2.14361590e-03 9.99997702e-01 0.00000000e+00
    outer loop
      vertex 2.99625583e-01 6.00172638e-02 -5.00000000e-02
      vertex 2.90670131e-01 5.99980667e-02 -5.00000000e-02
      vertex 2.90670131e-01 5.99980667e-02 5.00000000e-02
    endloop
  endfacet
  facet normal -2.14361590e-03 9.99997702e-01 0.00000000e+00
    outer loop
      vertex 2.99625583e-01 6.00172638e-02 -5.00000000e-02
      vertex 2.90670131e-01 5.99980667e-02 5.00000000e-02
      vertex 2.99625583e-01 6.00172638e-02 5.00000000e-02
    endloop
  endfacet
  facet normal -6.33708682e-03 9.99979920e-01 0.00000000e+00
    outer loop
      vertex 2.90670131e-01 5.99980667e-02 -5.00000000e-02
      vertex 2.81795380e-01 5.99418255e-02 -5.00000000e-02
      vertex 2.81795380e-01 5.99418255e-02 5.00000000e-02
    endloop
  endfacet
  facet normal -6.33708682e-03 9.99979920e-01 0.00000000e+00
    outer loop
      vertex 2.90670131e-01 5.99980667e-02 -5.00000000e-02
      vertex 2.81795380e-01 5.99418255e-02 5.00000000e-02
      vertex 2.90670131e-01 5.99980667e-02 5.00000000e-02
    endloop
  endfacet
  facet normal -1.06583928e-02 9.99943198e-01 0.00000000e+00
    outer loop
      vertex 2.81795380e-01 5.99418255e-02 -5.00000000e-02
      vertex 2.73004750e-01 5.98481262e-02 -5.00000000e-02
      vertex 2.73004750e-01 5.98481262e-02 5.00000000e-02
    endloop
  endfacet
  facet normal -1.06583928e-02 9.99943198e-01 0.00000000e+00
    outer loop
      vertex 2.81795380e-01 5.99418255e-02 -5.00000000e-02
      vertex 2.73004750e-01 5.98481262e-02 5.00000000e-02
      vertex 2.81795380e-01 5.99418255e-02 5.00000000e-02
    endloop
  endfacet
  facet normal -1.51113868e-02 9.99885816e-01 0.00000000e+00
    outer loop
      vertex 2.73004750e-01 5.98481262e-02 -5.00000000e-02
      vertex 2.64301632e-01 5.97165950e-02 -5.00000000e-02
      vertex 2.64301632e-01 5.97165950e-02 5.00000000e-02
    endloop
  endfacet
  facet normal -1.51113868e-02 9.99885816e-01 0.00000000e+00
    outer loop
      vertex 2.73004750e-01 5.98481262e-02 -5.00000000e-02
      vertex 2.64301632e-01 5.97165950e-02 5.00000000e-02
      vertex 2.73004750e-01 5.98481262e-02 5.00000000e-02
    endloop
  endfacet
  facet normal -1.97001393e-02 9.99805933e-01 0.00000000e+00
    outer loop
      vertex 2.64301632e-01 5.97165950e-02 -5.00000000e-02
      vertex 2.55689379e-01 5.95468995e-02 -5.00000000e-02
      vertex 2.55689379e-01 5.95468995e-02 5.00000000e-02
    endloop
  endfacet
  facet normal -1.97001393e-02 9.99805933e-01 0.00000000e+00
    outer loop
      vertex 2.64301632e-01 5.97165950e-02 -5.00000000e-02
      vertex 2.55689379e-01 5.95468995e-02 5.00000000e-02
      vertex 2.64301632e-01 5.97165950e-02 5.00000000e-02
    endloop
  endfacet
  facet normal -2.44289676e-02 9.99701568e-01 0.00000000e+00
    outer loop
      vertex 2.55689379e-01 5.95468995e-02 -5.00000000e-02
      vertex 2.47171313e-01 5.93387498e-02 -5.00000000e-02
      vertex 2.47171313e-01 5.93387498e-02 5.00000000e-02
    endloop
  endfacet
  facet normal -2.44289676e-02 9.99701568e-01 0.00000000e+00
    outer loop
      vertex 2.55689379e-01 5.95468995e-02 -5.00000000e-02
      vertex 2.47171313e-01 5.93387498e-02 5.00000000e-02
      vertex 2.55689379e-01 5.95468995e-02 5.00000000e-02
    endloop
  endfacet
  facet normal -2.93024690e-02 9.99570590e-01 0.00000000e+00
    outer loop
      vertex 2.47171313e-01 5.93387498e-02 -5.00000000e-02
      vertex 2.38750718e-01 5.90918996e-02 -5.00000000e-02
      vertex 2.38750718e-01 5.90918996e-02 5.00000000e-02
    endloop
  endfacet
  facet normal -2.93024690e-02 9.99570590e-01 0.00000000e+00
    outer loop
      vertex 2.47171313e-01 5.93387498e-02 -5.00000000e-02
      vertex 2.38750718e-01 5.90918996e-02 5.00000000e-02
      vertex 2.47171313e-01 5.93387498e-02 5.00000000e-02
    endloop
  endfacet
  facet normal -3.43255573e-02 9.99410704e-01 0.00000000e+00
    outer loop
      vertex 2.38750718e-01 5.90918996e-02 -5.00000000e-02
      vertex 2.30430839e-01 5.88061467e-02 -5.00000000e-02
      vertex 2.30430839e-01 5.88061467e-02 5.00000000e-02
    endloop
  endfacet
  facet normal -3.43255573e-02 9.99410704e-01 0.00000000e+00
    outer loop
      vertex 2.38750718e-01 5.90918996e-02 -5.00000000e-02
      vertex 2.30430839e-01 5.88061467e-02 5.00000000e-02
      vertex 2.38750718e-01 5.90918996e-02 5.00000000e-02
    endloop
  endfacet
  facet normal -3.95035044e-02 9.99219432e-01 0.00000000e+00
    outer loop
      vertex 2.30430839e-01 5.88061467e-02 -5.00000000e-02
      vertex 2.22214883e-01 5.84813342e-02 -5.00000000e-02
      vertex 2.22214883e-01 5.84813342e-02 5.00000000e-02
    endloop
  endfacet
  facet normal -3.95035044e-02 9.99219432e-01 0.00000000e+00
    outer loop
      vertex 2.30430839e-01 5.88061467e-02 -5.00000000e-02
      vertex 2.22214883e-01 5.84813342e-02 5.00000000e-02
      vertex 2.30430839e-01 5.88061467e-02 5.00000000e-02
    endloop
  endfacet
  facet normal -4.48419855e-02 9.98994092e-01 0.00000000e+00
    outer loop
      vertex 2.22214883e-01 5.84813342e-02 -5.00000000e-02
      vertex 2.14106020e-01 5.81173505e-02 -5.00000000e-02
      vertex 2.14106020e-01 5.81173505e-02 5.00000000e-02
    endloop
  endfacet
  facet normal -4.48419855e-02 9.98994092e-01 0.00000000e+00
    outer loop
      vertex 2.22214883e-01 5.84813342e-02 -5.00000000e-02
      vertex 2.14106020e-01 5.81173505e-02 5.00000000e-02
      vertex 2.22214883e-01 5.84813342e-02 5.00000000e-02
    endloop
  endfacet
  facet normal -5.03471308e-02 9.98731779e-01 0.00000000e+00
    outer loop
      vertex 2.14106020e-01 5.81173505e-02 -5.00000000e-02
      vertex 2.06107374e-01 5.77141302e-02 -5.00000000e-02
      vertex 2.06107374e-01 5.77141302e-02 5.00000000e-02
    endloop
  endfacet
  facet normal -5.03471308e-02 9.98731779e-01 0.00000000e+00
    outer loop
      vertex 2.14106020e-01 5.81173505e-02 -5.00000000e-02
      vertex 2.06107374e-01 5.77141302e-02 5.00000000e-02
      vertex 2.14106020e-01 5.81173505e-02 5.00000000e-02
    endloop
  endfacet
  facet normal -5.60255823e-02 9.98429334e-01 0.00000000e+00
    outer loop
      vertex 2.06107374e-01 5.77141302e-02 -5.00000000e-02
      vertex 1.98222029e-01 5.72716542e-02 -5.00000000e-02
      vertex 1.98222029e-01 5.72716542e-02 5.00000000e-02
    endloop
  endfacet
  facet normal -5.60255823e-02 9.98429334e-01 0.00000000e+00
    outer loop
      vertex 2.06107374e-01 5.77141302e-02 -5.00000000e-02
      vertex 1.98222029e-01 5.72716542e-02 5.00000000e-02
      vertex 2.06107374e-01 5.77141302e-02 5.00000000e-02
    endloop
  endfacet
  facet normal -6.18845576e-02 9.98083314e-01 0.00000000e+00
    outer loop
      vertex 1.98222029e-01 5.72716542e-02 -5.00000000e-02
      vertex 1.90453025e-01 5.67899496e-02 -5.00000000e-02
      vertex 1.90453025e-01 5.67899496e-02 5.00000000e-02
    endloop
  endfacet
  facet normal -6.18845576e-02 9.98083314e-01 0.00000000e+00
    outer loop
      vertex 1.98222029e-01 5.72716542e-02 -5.00000000e-02
      vertex 1.90453025e-01 5.67899496e-02 5.00000000e-02
      vertex 1.98222029e-01 5.72716542e-02 5.00000000e-02
    endloop
  endfacet
  facet normal -6.79319210e-02 9.97689959e-01 0.00000000e+00
    outer loop
      vertex 1.90453025e-01 5.67899496e-02 -5.00000000e-02
      vertex 1.82803358e-01 5.62690898e-02 -5.00000000e-02
      vertex 1.82803358e-01 5.62690898e-02 5.00000000e-02
    endloop
  endfacet
  facet normal -6.79319210e-02 9.97689959e-01 0.00000000e+00
    outer loop
      vertex 1.90453025e-01 5.67899496e-02 -5.00000000e-02
      vertex 1.82803358e-01 5.62690898e-02 5.00000000e-02
      vertex 1.90453025e-01 5.67899496e-02 5.00000000e-02
    endloop
  endfacet
  facet normal -7.41762632e-02 9.97245146e-01 0.00000000e+00
    outer loop
      vertex 1.82803358e-01 5.62690898e-02 -5.00000000e-02
      vertex 1.75275976e-01 5.57091943e-02 -5.00000000e-02
      vertex 1.75275976e-01 5.57091943e-02 5.00000000e-02
    endloop
  endfacet
  facet normal -7.41762632e-02 9.97245146e-01 0.00000000e+00
    outer loop
      vertex 1.82803358e-01 5.62690898e-02 -5.00000000e-02
      vertex 1.75275976e-01 5.57091943e-02 5.00000000e-02
      vertex 1.82803358e-01 5.62690898e-02 5.00000000e-02
    endloop
  endfacet
  facet normal -8.06269903e-02 9.96744345e-01 0.00000000e+00
    outer loop
      vertex 1.75275976e-01 5.57091943e-02 -5.00000000e-02
      vertex 1.67873781e-01 5.51104282e-02 -5.00000000e-02
      vertex 1.67873781e-01 5.51104282e-02 5.00000000e-02
    endloop
  endfacet
  facet normal -8.06269903e-02 9.96744345e-01 0.00000000e+00
    outer loop
      vertex 1.75275976e-01 5.57091943e-02 -5.00000000e-02
      vertex 1.67873781e-01 5.51104282e-02 5.00000000e-02
      vertex 1.75275976e-01 5.57091943e-02 5.00000000e-02
    endloop
  endfacet
  facet normal -8.72944239e-02 9.96182555e-01 0.00000000e+00
    outer loop
      vertex 1.67873781e-01 5.51104282e-02 -5.00000000e-02
      vertex 1.60599627e-01 5.44730018e-02 -5.00000000e-02
      vertex 1.60599627e-01 5.44730018e-02 5.00000000e-02
    endloop
  endfacet
  facet normal -8.72944239e-02 9.96182555e-01 0.00000000e+00
    outer loop
      vertex 1.67873781e-01 5.51104282e-02 -5.00000000e-02
      vertex 1.60599627e-01 5.44730018e-02 5.00000000e-02
      vertex 1.67873781e-01 5.51104282e-02 5.00000000e-02
    endloop
  endfacet
  facet normal -9.41899123e-02 9.95554248e-01 0.00000000e+00
    outer loop
      vertex 1.60599627e-01 5.44730018e-02 -5.00000000e-02
      vertex 1.53456319e-01 5.37971696e-02 -5.00000000e-02
      vertex 1.53456319e-01 5.37971696e-02 5.00000000e-02
    endloop
  endfacet
  facet normal -9.41899123e-02 9.95554248e-01 0.00000000e+00
    outer loop
      vertex 1.60599627e-01 5.44730018e-02 -5.00000000e-02
      vertex 1.53456319e-01 5.37971696e-02 5.00000000e-02
      vertex 1.60599627e-01 5.44730018e-02 5.00000000e-02
    endloop
  endfacet
  facet normal -1.01325957e-01 9.94853281e-01 0.00000000e+00
    outer loop
      vertex 1.53456319e-01 5.37971696e-02 -5.00000000e-02
      vertex 1.46446609e-01 5.30832297e-02 -5.00000000e-02
      vertex 1.46446609e-01 5.30832297e-02 5.00000000e-02
    endloop
  endfacet
  facet normal -1.01325957e-01 9.94853281e-01 0.00000000e+00
    outer loop
      vertex 1.53456319e-01 5.37971696e-02 -5.00000000e-02
      vertex 1.46446609e-01 5.30832297e-02 5.00000000e-02
      vertex 1.53456319e-01 5.37971696e-02 5.00000000e-02
    endloop
  endfacet
  facet normal -1.08716354e-01 9.94072811e-01 0.00000000e+00
    outer loop
      vertex 1.46446609e-01 5.30832297e-02 -5.00000000e-02
      vertex 1.39573202e-01 5.23315223e-02 -5.00000000e-02
      vertex 1.39573202e-01 5.23315223e-02 5.00000000e-02
    endloop
  endfacet
  facet normal -1.08716354e-01 9.94072811e-01 0.00000000e+00
    outer loop
      vertex 1.46446609e-01 5.30832297e-02 -5.00000000e-02
      vertex 1.39573202e-01 5.23315223e-02 5.00000000e-02
      vertex 1.46446609e-01 5.30832297e-02 5.00000000e-02
    endloop
  endfacet
  facet normal -1.16376352e-01 9.93205188e-01 0.00000000e+00
    outer loop
      vertex 1.39573202e-01 5.23315223e-02 -5.00000000e-02
      vertex 1.32838745e-01 5.15424291e-02 -5.00000000e-02
      vertex 1.32838745e-01 5.15424291e-02 5.00000000e-02
    endloop
  endfacet
  facet normal -1.16376352e-01 9.93205188e-01 0.00000000e+00
    outer loop
      vertex 1.39573202e-01 5.23315223e-02 -5.00000000e-02
      vertex 1.32838745e-01 5.15424291e-02 5.00000000e-02
      vertex 1.39573202e-01 5.23315223e-02 5.00000000e-02
    endloop
  endfacet
  facet normal -1.24322833e-01 9.92241822e-01 0.00000000e+00
    outer loop
      vertex 1.32838745e-01 5.15424291e-02 -5.00000000e-02
      vertex 1.26245837e-01 5.07163713e-02 -5.00000000e-02
      vertex 1.26245837e-01 5.07163713e-02 5.00000000e-02
    endloop
  endfacet
  facet normal -1.24322833e-01 9.92241822e-01 0.00000000e+00
    outer loop
      vertex 1.32838745e-01 5.15424291e-02 -5.00000000e-02
      vertex 1.26245837e-01 5.07163713e-02 5.00000000e-02
      vertex 1.32838745e-01 5.15424291e-02 5.00000000e-02
    endloop
  endfacet
  facet normal -1.32574514e-01 9.91173042e-01 0.00000000e+00
    outer loop
      vertex 1.26245837e-01 5.07163713e-02 -5.00000000e-02
      vertex 1.19797017e-01 4.98538084e-02 -5.00000000e-02
      vertex 1.19797017e-01 4.98538084e-02 5.00000000e-02
    endloop
  endfacet
  facet normal -1.32574514e-01 9.91173042e-01 0.00000000e+00
    outer loop
      vertex 1.26245837e-01 5.07163713e-02 -5.00000000e-02
      vertex 1.19797017e-01 4.98538084e-02 5.00000000e-02
      vertex 1.26245837e-01 5.07163713e-02 5.00000000e-02
    endloop
  endfacet
  facet normal -1.41152177e-01 9.89987911e-01 0.00000000e+00
    outer loop
      vertex 1.19797017e-01 4.98538084e-02 -5.00000000e-02
      vertex 1.13494773e-01 4.89552364e-02 -5.00000000e-02
      vertex 1.13494773e-01 4.89552364e-02 5.00000000e-02
    endloop
  endfacet
  facet normal -1.41152177e-01 9.89987911e-01 0.00000000e+00
    outer loop
      vertex 1.19797017e-01 4.98538084e-02 -5.00000000e-02
      vertex 1.13494773e-01 4.89552364e-02 5.00000000e-02
      vertex 1.19797017e-01 4.98538084e-02 5.00000000e-02
    endloop
  endfacet
  facet normal -1.50078929e-01 9.88674019e-01 0.00000000e+00
    outer loop
      vertex 1.13494773e-01 4.89552364e-02 -5.00000000e-02
      vertex 1.07341535e-01 4.80211859e-02 -5.00000000e-02
      vertex 1.07341535e-01 4.80211859e-02 5.00000000e-02
    endloop
  endfacet
  facet normal -1.50078929e-01 9.88674019e-01 0.00000000e+00
    outer loop
      vertex 1.13494773e-01 4.89552364e-02 -5.00000000e-02
      vertex 1.07341535e-01 4.80211859e-02 5.00000000e-02
      vertex 1.13494773e-01 4.89552364e-02 5.00000000e-02
    endloop
  endfacet
  facet normal -1.59380493e-01 9.87217230e-01 0.00000000e+00
    outer loop
      vertex 1.07341535e-01 4.80211859e-02 -5.00000000e-02
      vertex 1.01339673e-01 4.70522202e-02 -5.00000000e-02
      vertex 1.01339673e-01 4.70522202e-02 5.00000000e-02
    endloop
  endfacet
  facet normal -1.59380493e-01 9.87217230e-01 0.00000000e+00
    outer loop
      vertex 1.07341535e-01 4.80211859e-02 -5.00000000e-02
      vertex 1.01339673e-01 4.70522202e-02 5.00000000e-02
      vertex 1.07341535e-01 4.80211859e-02 5.00000000e-02
    endloop
  endfacet
  facet normal -1.69085546e-01 9.85601379e-01 0.00000000e+00
    outer loop
      vertex 1.01339673e-01 4.70522202e-02 -5.00000000e-02
      vertex 9.54915028e-02 4.60489332e-02 -5.00000000e-02
      vertex 9.54915028e-02 4.60489332e-02 5.00000000e-02
    endloop
  endfacet
  facet normal -1.69085546e-01 9.85601379e-01 0.00000000e+00
    outer loop
      vertex 1.01339673e-01 4.70522202e-02 -5.00000000e-02
      vertex 9.54915028e-02 4.60489332e-02 5.00000000e-02
      vertex 1.01339673e-01 4.70522202e-02 5.00000000e-02
    endloop
  endfacet
  facet normal -1.79226095e-01 9.83807912e-01 0.00000000e+00
    outer loop
      vertex 9.54915028e-02 4.60489332e-02 -5.00000000e-02
      vertex 8.97992782e-02 4.50119470e-02 -5.00000000e-02
      vertex 8.97992782e-02 4.50119470e-02 5.00000000e-02
    endloop
  endfacet
  facet normal -1.79226095e-01 9.83807912e-01 0.00000000e+00
    outer loop
      vertex 9.54915028e-02 4.60489332e-02 -5.00000000e-02
      vertex 8.97992782e-02 4.50119470e-02 5.00000000e-02
      vertex 9.54915028e-02 4.60489332e-02 5.00000000e-02
    endloop
  endfacet
  facet normal -1.89837905e-01 9.81815446e-01 0.00000000e+00
    outer loop
      vertex 8.97992782e-02 4.50119470e-02 -5.00000000e-02
      vertex 8.42651938e-02 4.39419099e-02 -5.00000000e-02
      vertex 8.42651938e-02 4.39419099e-02 5.00000000e-02
    endloop
  endfacet
  facet normal -1.89837905e-01 9.81815446e-01 0.00000000e+00
    outer loop
      vertex 8.97992782e-02 4.50119470e-02 -5.00000000e-02
      vertex 8.42651938e-02 4.39419099e-02 5.00000000e-02
      vertex 8.97992782e-02 4.50119470e-02 5.00000000e-02
    endloop
  endfacet
  facet normal -2.00960992e-01 9.79599244e-01 0.00000000e+00
    outer loop
      vertex 8.42651938e-02 4.39419099e-02 -5.00000000e-02
      vertex 7.88913831e-02 4.28394934e-02 -5.00000000e-02
      vertex 7.88913831e-02 4.28394934e-02 5.00000000e-02
    endloop
  endfacet
  facet normal -2.00960992e-01 9.79599244e-01 0.00000000e+00
    outer loop
      vertex 8.42651938e-02 4.39419099e-02 -5.00000000e-02
      vertex 7.88913831e-02 4.28394934e-02 5.00000000e-02
      vertex 8.42651938e-02 4.39419099e-02 5.00000000e-02
    endloop
  endfacet
  facet normal -2.12640174e-01 9.77130573e-01 0.00000000e+00
    outer loop
      vertex 7.88913831e-02 4.28394934e-02 -5.00000000e-02
      vertex 7.36799178e-02 4.17053902e-02 -5.00000000e-02
      vertex 7.36799178e-02 4.17053902e-02 5.00000000e-02
    endloop
  endfacet
  facet normal -2.12640174e-01 9.77130573e-01 0.00000000e+00
    outer loop
      vertex 7.88913831e-02 4.28394934e-02 -5.00000000e-02
      vertex 7.36799178e-02 4.17053902e-02 5.00000000e-02
      vertex 7.88913831e-02 4.28394934e-02 5.00000000e-02
    endloop
  endfacet
  facet normal -2.24925695e-01 9.74375919e-01 0.00000000e+00
    outer loop
      vertex 7.36799178e-02 4.17053902e-02 -5.00000000e-02
      vertex 6.86328070e-02 4.05403113e-02 -5.00000000e-02
      vertex 6.86328070e-02 4.05403113e-02 5.00000000e-02
    endloop
  endfacet
  facet normal -2.24925695e-01 9.74375919e-01 0.00000000e+00
    outer loop
      vertex 7.36799178e-02 4.17053902e-02 -5.00000000e-02
      vertex 6.86328070e-02 4.05403113e-02 5.00000000e-02
      vertex 7.36799178e-02 4.17053902e-02 5.00000000e-02
    endloop
  endfacet
  facet normal -2.37873935e-01 9.71296037e-01 0.00000000e+00
    outer loop
      vertex 6.86328070e-02 4.05403113e-02 -5.00000000e-02
      vertex 6.37519965e-02 3.93449830e-02 -5.00000000e-02
      vertex 6.37519965e-02 3.93449830e-02 5.00000000e-02
    endloop
  endfacet
  facet normal -2.37873935e-01 9.71296037e-01 0.00000000e+00
    outer loop
      vertex 6.86328070e-02 4.05403113e-02 -5.00000000e-02
      vertex 6.37519965e-02 3.93449830e-02 5.00000000e-02
      vertex 6.86328070e-02 4.05403113e-02 5.00000000e-02
    endloop
  endfacet
  facet normal -2.51548203e-01 9.67844771e-01 0.00000000e+00
    outer loop
      vertex 6.37519965e-02 3.93449830e-02 -5.00000000e-02
      vertex 5.90393678e-02 3.81201448e-02 -5.00000000e-02
      vertex 5.90393678e-02 3.81201448e-02 5.00000000e-02
    endloop
  endfacet
  facet normal -2.51548203e-01 9.67844771e-01 0.00000000e+00
    outer loop
      vertex 6.37519965e-02 3.93449830e-02 -5.00000000e-02
      vertex 5.90393678e-02 3.81201448e-02 5.00000000e-02
      vertex 6.37519965e-02 3.93449830e-02 5.00000000e-02
    endloop
  endfacet
  facet normal -2.66019616e-01 9.63967616e-01 0.00000000e+00
    outer loop
      vertex 5.90393678e-02 3.81201448e-02 -5.00000000e-02
      vertex 5.44967379e-02 3.68665459e-02 -5.00000000e-02
      vertex 5.44967379e-02 3.68665459e-02 5.00000000e-02
    endloop
  endfacet
  facet normal -2.66019616e-01 9.63967616e-01 0.00000000e+00
    outer loop
      vertex 5.90393678e-02 3.81201448e-02 -5.00000000e-02
      vertex 5.44967379e-02 3.68665459e-02 5.00000000e-02
      vertex 5.90393678e-02 3.81201448e-02 5.00000000e-02
    endloop
  endfacet
  facet normal -2.81368079e-01 9.59599919e-01 0.00000000e+00
    outer loop
      vertex 5.44967379e-02 3.68665459e-02 -5.00000000e-02
      vertex 5.01258580e-02 3.55849430e-02 -5.00000000e-02
      vertex 5.01258580e-02 3.55849430e-02 5.00000000e-02
    endloop
  endfacet
  facet normal -2.81368079e-01 9.59599919e-01 0.00000000e+00
    outer loop
      vertex 5.44967379e-02 3.68665459e-02 -5.00000000e-02
      vertex 5.01258580e-02 3.55849430e-02 5.00000000e-02
      vertex 5.44967379e-02 3.68665459e-02 5.00000000e-02
    endloop
  endfacet
  facet normal -2.97683332e-01 9.54664671e-01 0.00000000e+00
    outer loop
      vertex 5.01258580e-02 3.55849430e-02 -5.00000000e-02
      vertex 4.59284131e-02 3.42760966e-02 -5.00000000e-02
      vertex 4.59284131e-02 3.42760966e-02 5.00000000e-02
    endloop
  endfacet
  facet normal -2.97683332e-01 9.54664671e-01 0.00000000e+00
    outer loop
      vertex 5.01258580e-02 3.55849430e-02 -5.00000000e-02
      vertex 4.59284131e-02 3.42760966e-02 5.00000000e-02
      vertex 5.01258580e-02 3.55849430e-02 5.00000000e-02
    endloop
  endfacet
  facet normal -3.15066066e-01 9.49069741e-01 0.00000000e+00
    outer loop
      vertex 4.59284131e-02 3.42760966e-02 -5.00000000e-02
      vertex 4.19060214e-02 3.29407689e-02 -5.00000000e-02
      vertex 4.19060214e-02 3.29407689e-02 5.00000000e-02
    endloop
  endfacet
  facet normal -3.15066066e-01 9.49069741e-01 0.00000000e+00
    outer loop
      vertex 4.59284131e-02 3.42760966e-02 -5.00000000e-02
      vertex 4.19060214e-02 3.29407689e-02 5.00000000e-02
      vertex 4.59284131e-02 3.42760966e-02 5.00000000e-02
    endloop
  endfacet
  facet normal -3.33629046e-01 9.42704439e-01 0.00000000e+00
    outer loop
      vertex 4.19060214e-02 3.29407689e-02 -5.00000000e-02
      vertex 3.80602337e-02 3.15797204e-02 -5.00000000e-02
      vertex 3.80602337e-02 3.15797204e-02 5.00000000e-02
    endloop
  endfacet
  facet normal -3.33629046e-01 9.42704439e-01 0.00000000e+00
    outer loop
      vertex 4.19060214e-02 3.29407689e-02 -5.00000000e-02
      vertex 3.80602337e-02 3.15797204e-02 5.00000000e-02
      vertex 4.19060214e-02 3.29407689e-02 5.00000000e-02
    endloop
  endfacet
  facet normal -3.53498167e-01 9.35435217e-01 0.00000000e+00
    outer loop
      vertex 3.80602337e-02 3.15797204e-02 -5.00000000e-02
      vertex 3.43925326e-02 3.01937071e-02 -5.00000000e-02
      vertex 3.43925326e-02 3.01937071e-02 5.00000000e-02
    endloop
  endfacet
  facet normal -3.53498167e-01 9.35435217e-01 0.00000000e+00
    outer loop
      vertex 3.80602337e-02 3.15797204e-02 -5.00000000e-02
      vertex 3.43925326e-02 3.01937071e-02 5.00000000e-02
      vertex 3.80602337e-02 3.15797204e-02 5.00000000e-02
    endloop
  endfacet
  facet normal -3.74813301e-01 9.27100312e-01 0.00000000e+00
    outer loop
      vertex 3.43925326e-02 3.01937071e-02 -5.00000000e-02
      vertex 3.09043320e-02 2.87834779e-02 -5.00000000e-02
      vertex 3.09043320e-02 2.87834779e-02 5.00000000e-02
    endloop
  endfacet
  facet normal -3.74813301e-01 9.27100312e-01 0.00000000e+00
    outer loop
      vertex 3.43925326e-02 3.01937071e-02 -5.00000000e-02
      vertex 3.09043320e-02 2.87834779e-02 5.00000000e-02
      vertex 3.43925326e-02 3.01937071e-02 5.00000000e-02
    endloop
  endfacet
  facet normal -3.97728718e-01 9.17503061e-01 0.00000000e+00
    outer loop
      vertex 3.09043320e-02 2.87834779e-02 -5.00000000e-02
      vertex 2.75969768e-02 2.73497713e-02 -5.00000000e-02
      vertex 2.75969768e-02 2.73497713e-02 5.00000000e-02
    endloop
  endfacet
  facet normal -3.97728718e-01 9.17503061e-01 0.00000000e+00
    outer loop
      vertex 3.09043320e-02 2.87834779e-02 -5.00000000e-02
      vertex 2.75969768e-02 2.73497713e-02 5.00000000e-02
      vertex 3.09043320e-02 2.87834779e-02 5.00000000e-02
    endloop
  endfacet
  facet normal -4.22412703e-01 9.06403612e-01 0.00000000e+00
    outer loop
      vertex 2.75969768e-02 2.73497713e-02 -5.00000000e-02
      vertex 2.44717419e-02 2.58933132e-02 -5.00000000e-02
      vertex 2.44717419e-02 2.58933132e-02 5.00000000e-02
    endloop
  endfacet
  facet normal -4.22412703e-01 9.06403612e-01 0.00000000e+00
    outer loop
      vertex 2.75969768e-02 2.73497713e-02 -5.00000000e-02
      vertex 2.44717419e-02 2.58933132e-02 5.00000000e-02
      vertex 2.75969768e-02 2.73497713e-02 5.00000000e-02
    endloop
  endfacet
  facet normal -4.49045820e-01 8.93508730e-01 0.00000000e+00
    outer loop
      vertex 2.44717419e-02 2.58933132e-02 -5.00000000e-02
      vertex 2.15298321e-02 2.44148136e-02 -5.00000000e-02
      vertex 2.15298321e-02 2.44148136e-02 5.00000000e-02
    endloop
  endfacet
  facet normal -4.49045820e-01 8.93508730e-01 0.00000000e+00
    outer loop
      vertex 2.44717419e-02 2.58933132e-02 -5.00000000e-02
      vertex 2.15298321e-02 2.44148136e-02 5.00000000e-02
      vertex 2.44717419e-02 2.58933132e-02 5.00000000e-02
    endloop
  endfacet
  facet normal -4.77816948e-01 8.78459427e-01 0.00000000e+00
    outer loop
      vertex 2.15298321e-02 2.44148136e-02 -5.00000000e-02
      vertex 1.87723818e-02 2.29149646e-02 -5.00000000e-02
      vertex 1.87723818e-02 2.29149646e-02 5.00000000e-02
    endloop
  endfacet
  facet normal -4.77816948e-01 8.78459427e-01 0.00000000e+00
    outer loop
      vertex 2.15298321e-02 2.44148136e-02 -5.00000000e-02
      vertex 1.87723818e-02 2.29149646e-02 5.00000000e-02
      vertex 2.15298321e-02 2.44148136e-02 5.00000000e-02
    endloop
  endfacet
  facet normal -5.08915779e-01 8.60816316e-01 0.00000000e+00
    outer loop
      vertex 1.87723818e-02 2.29149646e-02 -5.00000000e-02
      vertex 1.62004538e-02 2.13944373e-02 -5.00000000e-02
      vertex 1.62004538e-02 2.13944373e-02 5.00000000e-02
    endloop
  endfacet
  facet normal -5.08915779e-01 8.60816316e-01 0.00000000e+00
    outer loop
      vertex 1.87723818e-02 2.29149646e-02 -5.00000000e-02
      vertex 1.62004538e-02 2.13944373e-02 5.00000000e-02
      vertex 1.87723818e-02 2.29149646e-02 5.00000000e-02
    endloop
  endfacet
  facet normal -5.42519893e-01 8.40042955e-01 0.00000000e+00
    outer loop
      vertex 1.62004538e-02 2.13944373e-02 -5.00000000e-02
      vertex 1.38150398e-02 1.98538797e-02 -5.00000000e-02
      vertex 1.38150398e-02 1.98538797e-02 5.00000000e-02
    endloop
  endfacet
  facet normal -5.42519893e-01 8.40042955e-01 0.00000000e+00
    outer loop
      vertex 1.62004538e-02 2.13944373e-02 -5.00000000e-02
      vertex 1.38150398e-02 1.98538797e-02 5.00000000e-02
      vertex 1.62004538e-02 2.13944373e-02 5.00000000e-02
    endloop
  endfacet
  facet normal -5.78773730e-01 8.15488179e-01 0.00000000e+00
    outer loop
      vertex 1.38150398e-02 1.98538797e-02 -5.00000000e-02
      vertex 1.16170593e-02 1.82939143e-02 -5.00000000e-02
      vertex 1.16170593e-02 1.82939143e-02 5.00000000e-02
    endloop
  endfacet
  facet normal -5.78773730e-01 8.15488179e-01 0.00000000e+00
    outer loop
      vertex 1.38150398e-02 1.98538797e-02 -5.00000000e-02
      vertex 1.16170593e-02 1.82939143e-02 5.00000000e-02
      vertex 1.38150398e-02 1.98538797e-02 5.00000000e-02
    endloop
  endfacet
  facet normal -6.17755939e-01 7.86369887e-01 0.00000000e+00
    outer loop
      vertex 1.16170593e-02 1.82939143e-02 -5.00000000e-02
      vertex 9.60735980e-03 1.67151358e-02 -5.00000000e-02
      vertex 9.60735980e-03 1.67151358e-02 5.00000000e-02
    endloop
  endfacet
  facet normal -6.17755939e-01 7.86369887e-01 0.00000000e+00
    outer loop
      vertex 1.16170593e-02 1.82939143e-02 -5.00000000e-02
      vertex 9.60735980e-03 1.67151358e-02 5.00000000e-02
      vertex 1.16170593e-02 1.82939143e-02 5.00000000e-02
    endloop
  endfacet
  facet normal -6.59430930e-01 7.51765155e-01 0.00000000e+00
    outer loop
      vertex 9.60735980e-03 1.67151358e-02 -5.00000000e-02
      vertex 7.78671596e-03 1.51181093e-02 -5.00000000e-02
      vertex 7.78671596e-03 1.51181093e-02 5.00000000e-02
    endloop
  endfacet
  facet normal -6.59430930e-01 7.51765155e-01 0.00000000e+00
    outer loop
      vertex 9.60735980e-03 1.67151358e-02 -5.00000000e-02
      vertex 7.78671596e-03 1.51181093e-02 5.00000000e-02
      vertex 9.60735980e-03 1.67151358e-02 5.00000000e-02
    endloop
  endfacet
  facet normal -7.03580648e-01 7.10615417e-01 0.00000000e+00
    outer loop
      vertex 7.78671596e-03 1.51181093e-02 -5.00000000e-02
      vertex 6.15582970e-03 1.35033681e-02 -5.00000000e-02
      vertex 6.15582970e-03 1.35033681e-02 5.00000000e-02
    endloop
  endfacet
  facet normal -7.03580648e-01 7.10615417e-01 0.00000000e+00
    outer loop
      vertex 7.78671596e-03 1.51181093e-02 -5.00000000e-02
      vertex 6.15582970e-03 1.35033681e-02 5.00000000e-02
      vertex 7.78671596e-03 1.51181093e-02 5.00000000e-02
    endloop
  endfacet
  facet normal -7.49715080e-01 6.61760757e-01 0.00000000e+00
    outer loop
      vertex 6.15582970e-03 1.35033681e-02 -5.00000000e-02
      vertex 4.71532978e-03 1.18714120e-02 -5.00000000e-02
      vertex 4.71532978e-03 1.18714120e-02 5.00000000e-02
    endloop
  endfacet
  facet normal -7.49715080e-01 6.61760757e-01 0.00000000e+00
    outer loop
      vertex 6.15582970e-03 1.35033681e-02 -5.00000000e-02
      vertex 4.71532978e-03 1.18714120e-02 5.00000000e-02
      vertex 6.15582970e-03 1.35033681e-02 5.00000000e-02
    endloop
  endfacet
  facet normal -7.96966867e-01 6.04023024e-01 0.00000000e+00
    outer loop
      vertex 4.71532978e-03 1.18714120e-02 -5.00000000e-02
      vertex 3.46577152e-03 1.02227058e-02 -5.00000000e-02
      vertex 3.46577152e-03 1.02227058e-02 5.00000000e-02
    endloop
  endfacet
  facet normal -7.96966867e-01 6.04023024e-01 0.00000000e+00
    outer loop
      vertex 4.71532978e-03 1.18714120e-02 -5.00000000e-02
      vertex 3.46577152e-03 1.02227058e-02 5.00000000e-02
      vertex 4.71532978e-03 1.18714120e-02 5.00000000e-02
    endloop
  endfacet
  facet normal -8.43989296e-01 5.36360017e-01 0.00000000e+00
    outer loop
      vertex 3.46577152e-03 1.02227058e-02 -5.00000000e-02
      vertex 2.40763666e-03 8.55767768e-03 -5.00000000e-02
      vertex 2.40763666e-03 8.55767768e-03 5.00000000e-02
    endloop
  endfacet
  facet normal -8.43989296e-01 5.36360017e-01 0.00000000e+00
    outer loop
      vertex 3.46577152e-03 1.02227058e-02 -5.00000000e-02
      vertex 2.40763666e-03 8.55767768e-03 5.00000000e-02
      vertex 3.46577152e-03 1.02227058e-02 5.00000000e-02
    endloop
  endfacet
  facet normal -8.88898177e-01 4.58104825e-01 0.00000000e+00
    outer loop
      vertex 2.40763666e-03 8.55767768e-03 -5.00000000e-02
      vertex 1.54133313e-03 6.87671824e-03 -5.00000000e-02
      vertex 1.54133313e-03 6.87671824e-03 5.00000000e-02
    endloop
  endfacet
  facet normal -8.88898177e-01 4.58104825e-01 0.00000000e+00
    outer loop
      vertex 2.40763666e-03 8.55767768e-03 -5.00000000e-02
      vertex 1.54133313e-03 6.87671824e-03 5.00000000e-02
      vertex 2.40763666e-03 8.55767768e-03 5.00000000e-02
    endloop
  endfacet
  facet normal -9.29320014e-01 3.69275388e-01 0.00000000e+00
    outer loop
      vertex 1.54133313e-03 6.87671824e-03 -5.00000000e-02
      vertex 8.67194908e-04 5.18017911e-03 -5.00000000e-02
      vertex 8.67194908e-04 5.18017911e-03 5.00000000e-02
    endloop
  endfacet
  facet normal -9.29320014e-01 3.69275388e-01 0.00000000e+00
    outer loop
      vertex 1.54133313e-03 6.87671824e-03 -5.00000000e-02
      vertex 8.67194908e-04 5.18017911e-03 5.00000000e-02
      vertex 1.54133313e-03 6.87671824e-03 5.00000000e-02
    endloop
  endfacet
  facet normal -9.62611748e-01 2.70884887e-01 0.00000000e+00
    outer loop
      vertex 8.67194908e-04 5.18017911e-03 -5.00000000e-02
      vertex 3.85481880e-04 3.46837221e-03 -5.00000000e-02
      vertex 3.85481880e-04 3.46837221e-03 5.00000000e-02
    endloop
  endfacet
  facet normal -9.62611748e-01 2.70884887e-01 0.00000000e+00
    outer loop
      vertex 8.67194908e-04 5.18017911e-03 -5.00000000e-02
      vertex 3.85481880e-04 3.46837221e-03 5.00000000e-02
      vertex 8.67194908e-04 5.18017911e-03 5.00000000e-02
    endloop
  endfacet
  facet normal -9.86273106e-01 1.65122259e-01 0.00000000e+00
    outer loop
      vertex 3.85481880e-04 3.46837221e-03 -5.00000000e-02
      vertex 9.63797590e-05 1.74156900e-03 -5.00000000e-02
      vertex 9.63797590e-05 1.74156900e-03 5.00000000e-02
    endloop
  endfacet
  facet normal -9.86273106e-01 1.65122259e-01 0.00000000e+00
    outer loop
      vertex 3.85481880e-04 3.46837221e-03 -5.00000000e-02
      vertex 9.63797590e-05 1.74156900e-03 5.00000000e-02
      vertex 3.85481880e-04 3.46837221e-03 5.00000000e-02
    endloop
  endfacet
  facet normal -9.98471896e-01 5.52618502e-02 0.00000000e+00
    outer loop
      vertex 9.63797590e-05 1.74156900e-03 -5.00000000e-02
      vertex 0.00000000e+00 1.78140000e-07 -5.00000000e-02
      vertex 0.00000000e+00 1.78140000e-07 5.00000000e-02
    endloop
  endfacet
  facet normal -9.98471896e-01 5.52618502e-02 0.00000000e+00
    outer loop
      vertex 9.63797590e-05 1.74156900e-03 -5.00000000e-02
      vertex 0.00000000e+00 1.78140000e-07 5.00000000e-02
      vertex 9.63797590e-05 1.74156900e-03 5.00000000e-02
    endloop
  endfacet
  facet normal -9.98472520e-01 -5.52505807e-02 0.00000000e+00
    outer loop
      vertex 0.00000000e+00 1.78140000e-07 -5.00000000e-02
      vertex 9.63797590e-05 -1.74156900e-03 -5.00000000e-02
      vertex 9.63797590e-05 -1.74156900e-03 5.00000000e-02
    endloop
  endfacet
  facet normal -9.98472520e-01 -5.52505807e-02 0.00000000e+00
    outer loop
      vertex 0.00000000e+00 1.78140000e-07 -5.00000000e-02
      vertex 9.63797590e-05 -1.74156900e-03 5.00000000e-02
      vertex 0.00000000e+00 1.78140000e-07 5.00000000e-02
    endloop
  endfacet
  facet normal -9.86273106e-01 -1.65122259e-01 0.00000000e+00
    outer loop
      vertex 9.63797590e-05 -1.74156900e-03 -5.00000000e-02
      vertex 3.85481880e-04 -3.46837221e-03 -5.00000000e-02
      vertex 3.85481880e-04 -3.46837221e-03 5.00000000e-02
    endloop
  endfacet
  facet normal -9.86273106e-01 -1.65122259e-01 0.00000000e+00
    outer loop
      vertex 9.63797590e-05 -1.74156900e-03 -5.00000000e-02
      vertex 3.85481880e-04 -3.46837221e-03 5.00000000e-02
      vertex 9.63797590e-05 -1.74156900e-03 5.00000000e-02
    endloop
  endfacet
  facet normal -9.62611748e-01 -2.70884887e-01 0.00000000e+00
    outer loop
      vertex 3.85481880e-04 -3.46837221e-03 -5.00000000e-02
      vertex 8.67194908e-04 -5.18017911e-03 -5.00000000e-02
      vertex 8.67194908e-04 -5.18017911e-03 5.00000000e-02
    endloop
  endfacet
  facet normal -9.62611748e-01 -2.70884887e-01 0.00000000e+00
    outer loop
      vertex 3.85481880e-04 -3.46837221e-03 -5.00000000e-02
      vertex 8.67194908e-04 -5.18017911e-03 5.00000000e-02
      vertex 3.85481880e-04 -3.46837221e-03 5.00000000e-02
    endloop
  endfacet
  facet normal -9.29320014e-01 -3.69275388e-01 0.00000000e+00
    outer loop
      vertex 8.67194908e-04 -5.18017911e-03 -5.00000000e-02
      vertex 1.54133313e-03 -6.87671824e-03 -5.00000000e-02
      vertex 1.54133313e-03 -6.87671824e-03 5.00000000e-02
    endloop
  endfacet
  facet normal -9.29320014e-01 -3.69275388e-01 0.00000000e+00
    outer loop
      vertex 8.67194908e-04 -5.18017911e-03 -5.00000000e-02
      vertex 1.54133313e-03 -6.87671824e-03 5.00000000e-02
      vertex 8.67194908e-04 -5.18017911e-03 5.00000000e-02
    endloop
  endfacet
  facet normal -8.88898177e-01 -4.58104825e-01 0.00000000e+00
    outer loop
      vertex 1.54133313e-03 -6.87671824e-03 -5.00000000e-02
      vertex 2.40763666e-03 -8.55767768e-03 -5.00000000e-02
      vertex 2.40763666e-03 -8.55767768e-03 5.00000000e-02
    endloop
  endfacet
  facet normal -8.88898177e-01 -4.58104825e-01 0.00000000e+00
    outer loop
      vertex 1.54133313e-03 -6.87671824e-03 -5.00000000e-02
      vertex 2.40763666e-03 -8.55767768e-03 5.00000000e-02
      vertex 1.54133313e-03 -6.87671824e-03 5.00000000e-02
    endloop
  endfacet
  facet normal -8.43989296e-01 -5.36360017e-01 0.00000000e+00
    outer loop
      vertex 2.40763666e-03 -8.55767768e-03 -5.00000000e-02
      vertex 3.46577152e-03 -1.02227058e-02 -5.00000000e-02
      vertex 3.46577152e-03 -1.02227058e-02 5.00000000e-02
    endloop
  endfacet
  facet normal -8.43989296e-01 -5.36360017e-01 0.00000000e+00
    outer loop
      vertex 2.40763666e-03 -8.55767768e-03 -5.00000000e-02
      vertex 3.46577152e-03 -1.02227058e-02 5.00000000e-02
      vertex 2.40763666e-03 -8.55767768e-03 5.00000000e-02
    endloop
  endfacet
  facet normal -7.96966867e-01 -6.04023024e-01 0.00000000e+00
    outer loop
      vertex 3.46577152e-03 -1.02227058e-02 -5.00000000e-02
      vertex 4.71532978e-03 -1.18714120e-02 -5.00000000e-02
      vertex 4.71532978e-03 -1.18714120e-02 5.00000000e-02
    endloop
  endfacet
  facet normal -7.96966867e-01 -6.04023024e-01 0.00000000e+00
    outer loop
      vertex 3.46577152e-03 -1.02227058e-02 -5.00000000e-02
      vertex 4.71532978e-03 -1.18714120e-02 5.00000000e-02
      vertex 3.46577152e-03 -1.02227058e-02 5.00000000e-02
    endloop
  endfacet
  facet normal -7.49715080e-01 -6.61760757e-01 0.00000000e+00
    outer loop
      vertex 4.71532978e-03 -1.18714120e-02 -5.00000000e-02
      vertex 6.15582970e-03 -1.35033681e-02 -5.00000000e-02
      vertex 6.15582970e-03 -1.35033681e-02 5.00000000e-02
    endloop
  endfacet
  facet normal -7.49715080e-01 -6.61760757e-01 0.00000000e+00
    outer loop
      vertex 4.71532978e-03 -1.18714120e-02 -5.00000000e-02
      vertex 6.15582970e-03 -1.35033681e-02 5.00000000e-02
      vertex 4.71532978e-03 -1.18714120e-02 5.00000000e-02
    endloop
  endfacet
  facet normal -7.03580648e-01 -7.10615417e-01 0.00000000e+00
    outer loop
      vertex 6.15582970e-03 -1.35033681e-02 -5.00000000e-02
      vertex 7.78671596e-03 -1.51181093e-02 -5.00000000e-02
      vertex 7.78671596e-03 -1.51181093e-02 5.00000000e-02
    endloop
  endfacet
  facet normal -7.03580648e-01 -7.10615417e-01 0.00000000e+00
    outer loop
      vertex 6.15582970e-03 -1.35033681e-02 -5.00000000e-02
      vertex 7.78671596e-03 -1.51181093e-02 5.00000000e-02
      vertex 6.15582970e-03 -1.35033681e-02 5.00000000e-02
    endloop
  endfacet
  facet normal -6.59430930e-01 -7.51765155e-01 0.00000000e+00
    outer loop
      vertex 7.78671596e-03 -1.51181093e-02 -5.00000000e-02
      vertex 9.60735980e-03 -1.67151358e-02 -5.00000000e-02
      vertex 9.60735980e-03 -1.67151358e-02 5.00000000e-02
    endloop
  endfacet
  facet normal -6.59430930e-01 -7.51765155e-01 0.00000000e+00
    outer loop
      vertex 7.78671596e-03 -1.51181093e-02 -5.00000000e-02
      vertex 9.60735980e-03 -1.67151358e-02 5.00000000e-02
      vertex 7.78671596e-03 -1.51181093e-02 5.00000000e-02
    endloop
  endfacet
  facet normal -6.17755939e-01 -7.86369887e-01 0.00000000e+00
    outer loop
      vertex 9.60735980e-03 -1.67151358e-02 -5.00000000e-02
      vertex 1.16170593e-02 -1.82939143e-02 -5.00000000e-02
      vertex 1.16170593e-02 -1.82939143e-02 5.00000000e-02
    endloop
  endfacet
  facet normal -6.17755939e-01 -7.86369887e-01 0.00000000e+00
    outer loop
      vertex 9.60735980e-03 -1.67151358e-02 -5.00000000e-02
      vertex 1.16170593e-02 -1.82939143e-02 5.00000000e-02
      vertex 9.60735980e-03 -1.67151358e-02 5.00000000e-02
    endloop
  endfacet
  facet normal -5.78773730e-01 -8.15488179e-01 0.00000000e+00
    outer loop
      vertex 1.16170593e-02 -1.82939143e-02 -5.00000000e-02
      vertex 1.38150398e-02 -1.98538797e-02 -5.00000000e-02
      vertex 1.38150398e-02 -1.98538797e-02 5.00000000e-02
    endloop
  endfacet
  facet normal -5.78773730e-01 -8.15488179e-01 0.00000000e+00
    outer loop
      vertex 1.16170593e-02 -1.82939143e-02 -5.00000000e-02
      vertex 1.38150398e-02 -1.98538797e-02 5.00000000e-02
      vertex 1.16170593e-02 -1.82939143e-02 5.00000000e-02
    endloop
  endfacet
  facet normal -5.42519893e-01 -8.40042955e-01 0.00000000e+00
    outer loop
      vertex 1.38150398e-02 -1.98538797e-02 -5.00000000e-02
      vertex 1.62004538e-02 -2.13944373e-02 -5.00000000e-02
      vertex 1.62004538e-02 -2.13944373e-02 5.00000000e-02
    endloop
  endfacet
  facet normal -5.42519893e-01 -8.40042955e-01 0.00000000e+00
    outer loop
      vertex 1.38150398e-02 -1.98538797e-02 -5.00000000e-02
      vertex 1.62004538e-02 -2.13944373e-02 5.00000000e-02
      vertex 1.38150398e-02 -1.98538797e-02 5.00000000e-02
    endloop
  endfacet
  facet normal -5.08915779e-01 -8.60816316e-01 0.00000000e+00
    outer loop
      vertex 1.62004538e-02 -2.13944373e-02 -5.00000000e-02
      vertex 1.87723818e-02 -2.29149646e-02 -5.00000000e-02
      vertex 1.87723818e-02 -2.29149646e-02 5.00000000e-02
    endloop
  endfacet
  facet normal -5.08915779e-01 -8.60816316e-01 0.00000000e+00
    outer loop
      vertex 1.62004538e-02 -2.13944373e-02 -5.00000000e-02
      vertex 1.87723818e-02 -2.29149646e-02 5.00000000e-02
      vertex 1.62004538e-02 -2.13944373e-02 5.00000000e-02
    endloop
  endfacet
  facet normal -4.77816948e-01 -8.78459427e-01 0.00000000e+00
    outer loop
      vertex 1.87723818e-02 -2.29149646e-02 -5.00000000e-02
      vertex 2.15298321e-02 -2.44148136e-02 -5.00000000e-02
      vertex 2.15298321e-02 -2.44148136e-02 5.00000000e-02
    endloop
  endfacet
  facet normal -4.77816948e-01 -8.78459427e-01 0.00000000e+00
    outer loop
      vertex 1.87723818e-02 -2.29149646e-02 -5.00000000e-02
      vertex 2.15298321e-02 -2.44148136e-02 5.00000000e-02
      vertex 1.87723818e-02 -2.29149646e-02 5.00000000e-02
    endloop
  endfacet
  facet normal -4.49045820e-01 -8.93508730e-01 0.00000000e+00
    outer loop
      vertex 2.15298321e-02 -2.44148136e-02 -5.00000000e-02
      vertex 2.44717419e-02 -2.58933132e-02 -5.00000000e-02
      vertex 2.44717419e-02 -2.58933132e-02 5.00000000e-02
    endloop
  endfacet
  facet normal -4.49045820e-01 -8.93508730e-01 0.00000000e+00
    outer loop
      vertex 2.15298321e-02 -2.44148136e-02 -5.00000000e-02
      vertex 2.44717419e-02 -2.58933132e-02 5.00000000e-02
      vertex 2.15298321e-02 -2.44148136e-02 5.00000000e-02
    endloop
  endfacet
  facet normal -4.22412703e-01 -9.06403612e-01 0.00000000e+00
    outer loop
      vertex 2.44717419e-02 -2.58933132e-02 -5.00000000e-02
      vertex 2.75969768e-02 -2.73497713e-02 -5.00000000e-02
      vertex 2.75969768e-02 -2.73497713e-02 5.00000000e-02
    endloop
  endfacet
  facet normal -4.22412703e-01 -9.06403612e-01 0.00000000e+00
    outer loop
      vertex 2.44717419e-02 -2.58933132e-02 -5.00000000e-02
      vertex 2.75969768e-02 -2.73497713e-02 5.00000000e-02
      vertex 2.44717419e-02 -2.58933132e-02 5.00000000e-02
    endloop
  endfacet
  facet normal -3.97728718e-01 -9.17503061e-01 0.00000000e+00
    outer loop
      vertex 2.75969768e-02 -2.73497713e-02 -5.00000000e-02
      vertex 3.09043320e-02 -2.87834779e-02 -5.00000000e-02
      vertex 3.09043320e-02 -2.87834779e-02 5.00000000e-02
    endloop
  endfacet
  facet normal -3.97728718e-01 -9.17503061e-01 0.00000000e+00
    outer loop
      vertex 2.75969768e-02 -2.73497713e-02 -5.00000000e-02
      vertex 3.09043320e-02 -2.87834779e-02 5.00000000e-02
      vertex 2.75969768e-02 -2.73497713e-02 5.00000000e-02
    endloop
  endfacet
  facet normal -3.74813301e-01 -9.27100312e-01 0.00000000e+00
    outer loop
      vertex 3.09043320e-02 -2.87834779e-02 -5.00000000e-02
      vertex 3.43925326e-02 -3.01937071e-02 -5.00000000e-02
      vertex 3.43925326e-02 -3.01937071e-02 5.00000000e-02
    endloop
  endfacet
  facet normal -3.74813301e-01 -9.27100312e-01 0.00000000e+00
    outer loop
      vertex 3.09043320e-02 -2.87834779e-02 -5.00000000e-02
      vertex 3.43925326e-02 -3.01937071e-02 5.00000000e-02
      vertex 3.09043320e-02 -2.87834779e-02 5.00000000e-02
    endloop
  endfacet
  facet normal -3.53498167e-01 -9.35435217e-01 0.00000000e+00
    outer loop
      vertex 3.43925326e-02 -3.01937071e-02 -5.00000000e-02
      vertex 3.80602337e-02 -3.15797204e-02 -5.00000000e-02
      vertex 3.80602337e-02 -3.15797204e-02 5.00000000e-02
    endloop
  endfacet
  facet normal -3.53498167e-01 -9.35435217e-01 0.00000000e+00
    outer loop
      vertex 3.43925326e-02 -3.01937071e-02 -5.00000000e-02
      vertex 3.80602337e-02 -3.15797204e-02 5.00000000e-02
      vertex 3.43925326e-02 -3.01937071e-02 5.00000000e-02
    endloop
  endfacet
  facet normal -3.33629046e-01 -9.42704439e-01 0.00000000e+00
    outer loop
      vertex 3.80602337e-02 -3.15797204e-02 -5.00000000e-02
      vertex 4.19060214e-02 -3.29407689e-02 -5.00000000e-02
      vertex 4.19060214e-02 -3.29407689e-02 5.00000000e-02
    endloop
  endfacet
  facet normal -3.33629046e-01 -9.42704439e-01 0.00000000e+00
    outer loop
      vertex 3.80602337e-02 -3.15797204e-02 -5.00000000e-02
      vertex 4.19060214e-02 -3.29407689e-02 5.00000000e-02
      vertex 3.80602337e-02 -3.15797204e-02 5.00000000e-02
    endloop
  endfacet
  facet normal -3.15066066e-01 -9.49069741e-01 0.00000000e+00
    outer loop
      vertex 4.19060214e-02 -3.29407689e-02 -5.00000000e-02
      vertex 4.59284131e-02 -3.42760966e-02 -5.00000000e-02
      vertex 4.59284131e-02 -3.42760966e-02 5.00000000e-02
    endloop
  endfacet
  facet normal -3.15066066e-01 -9.49069741e-01 0.00000000e+00
    outer loop
      vertex 4.19060214e-02 -3.29407689e-02 -5.00000000e-02
      vertex 4.59284131e-02 -3.42760966e-02 5.00000000e-02
      vertex 4.19060214e-02 -3.29407689e-02 5.00000000e-02
    endloop
  endfacet
  facet normal -2.97683332e-01 -9.54664671e-01 0.00000000e+00
    outer loop
      vertex 4.59284131e-02 -3.42760966e-02 -5.00000000e-02
      vertex 5.01258580e-02 -3.55849430e-02 -5.00000000e-02
      vertex 5.01258580e-02 -3.55849430e-02 5.00000000e-02
    endloop
  endfacet
  facet normal -2.97683332e-01 -9.54664671e-01 0.00000000e+00
    outer loop
      vertex 4.59284131e-02 -3.42760966e-02 -5.00000000e-02
      vertex 5.01258580e-02 -3.55849430e-02 5.00000000e-02
      vertex 4.59284131e-02 -3.42760966e-02 5.00000000e-02
    endloop
  endfacet
  facet normal -2.81368079e-01 -9.59599919e-01 0.00000000e+00
    outer loop
      vertex 5.01258580e-02 -3.55849430e-02 -5.00000000e-02
      vertex 5.44967379e-02 -3.68665459e-02 -5.00000000e-02
      vertex 5.44967379e-02 -3.68665459e-02 5.00000000e-02
    endloop
  endfacet
  facet normal -2.81368079e-01 -9.59599919e-01 0.00000000e+00
    outer loop
      vertex 5.01258580e-02 -3.55849430e-02 -5.00000000e-02
      vertex 5.44967379e-02 -3.68665459e-02 5.00000000e-02
      vertex 5.01258580e-02 -3.55849430e-02 5.00000000e-02
    endloop
  endfacet
  facet normal -2.66019616e-01 -9.63967616e-01 0.00000000e+00
    outer loop
      vertex 5.44967379e-02 -3.68665459e-02 -5.00000000e-02
      vertex 5.90393678e-02 -3.81201448e-02 -5.00000000e-02
      vertex 5.90393678e-02 -3.81201448e-02 5.00000000e-02
    endloop
  endfacet
  facet normal -2.66019616e-01 -9.63967616e-01 0.00000000e+00
    outer loop
      vertex 5.44967379e-02 -3.68665459e-02 -5.00000000e-02
      vertex 5.90393678e-02 -3.81201448e-02 5.00000000e-02
      vertex 5.44967379e-02 -3.68665459e-02 5.00000000e-02
    endloop
  endfacet
  facet normal -2.51548203e-01 -9.67844771e-01 0.00000000e+00
    outer loop
      vertex 5.90393678e-02 -3.81201448e-02 -5.00000000e-02
      vertex 6.37519965e-02 -3.93449830e-02 -5.00000000e-02
      vertex 6.37519965e-02 -3.93449830e-02 5.00000000e-02
    endloop
  endfacet
  facet normal -2.51548203e-01 -9.67844771e-01 0.00000000e+00
    outer loop
      vertex 5.90393678e-02 -3.81201448e-02 -5.00000000e-02
      vertex 6.37519965e-02 -3.93449830e-02 5.00000000e-02
      vertex 5.90393678e-02 -3.81201448e-02 5.00000000e-02
    endloop
  endfacet
  facet normal -2.37873935e-01 -9.71296037e-01 0.00000000e+00
    outer loop
      vertex 6.37519965e-02 -3.93449830e-02 -5.00000000e-02
      vertex 6.86328070e-02 -4.05403113e-02 -5.00000000e-02
      vertex 6.86328070e-02 -4.05403113e-02 5.00000000e-02
    endloop
  endfacet
  facet normal -2.37873935e-01 -9.71296037e-01 0.00000000e+00
    outer loop
      vertex 6.37519965e-02 -3.93449830e-02 -5.00000000e-02
      vertex 6.86328070e-02 -4.05403113e-02 5.00000000e-02
      vertex 6.37519965e-02 -3.93449830e-02 5.00000000e-02
    endloop
  endfacet
  facet normal -2.24925695e-01 -9.74375919e-01 0.00000000e+00
    outer loop
      vertex 6.86328070e-02 -4.05403113e-02 -5.00000000e-02
      vertex 7.36799178e-02 -4.17053902e-02 -5.00000000e-02
      vertex 7.36799178e-02 -4.17053902e-02 5.00000000e-02
    endloop
  endfacet
  facet normal -2.24925695e-01 -9.74375919e-01 0.00000000e+00
    outer loop
      vertex 6.86328070e-02 -4.05403113e-02 -5.00000000e-02
      vertex 7.36799178e-02 -4.17053902e-02 5.00000000e-02
      vertex 6.86328070e-02 -4.05403113e-02 5.00000000e-02
    endloop
  endfacet
  facet normal -2.12640174e-01 -9.77130573e-01 0.00000000e+00
    outer loop
      vertex 7.36799178e-02 -4.17053902e-02 -5.00000000e-02
      vertex 7.88913831e-02 -4.28394934e-02 -5.00000000e-02
      vertex 7.88913831e-02 -4.28394934e-02 5.00000000e-02
    endloop
  endfacet
  facet normal -2.12640174e-01 -9.77130573e-01 0.00000000e+00
    outer loop
      vertex 7.36799178e-02 -4.17053902e-02 -5.00000000e-02
      vertex 7.88913831e-02 -4.28394934e-02 5.00000000e-02
      vertex 7.36799178e-02 -4.17053902e-02 5.00000000e-02
    endloop
  endfacet
  facet normal -2.00960992e-01 -9.79599244e-01 0.00000000e+00
    outer loop
      vertex 7.88913831e-02 -4.28394934e-02 -5.00000000e-02
      vertex 8.42651938e-02 -4.39419099e-02 -5.00000000e-02
      vertex 8.42651938e-02 -4.39419099e-02 5.00000000e-02
    endloop
  endfacet
  facet normal -2.00960992e-01 -9.79599244e-01 0.00000000e+00
    outer loop
      vertex 7.88913831e-02 -4.28394934e-02 -5.00000000e-02
      vertex 8.42651938e-02 -4.39419099e-02 5.00000000e-02
      vertex 7.88913831e-02 -4.28394934e-02 5.00000000e-02
    endloop
  endfacet
  facet normal -1.89837905e-01 -9.81815446e-01 0.00000000e+00
    outer loop
      vertex 8.42651938e-02 -4.39419099e-02 -5.00000000e-02
      vertex 8.97992782e-02 -4.50119470e-02 -5.00000000e-02
      vertex 8.97992782e-02 -4.50119470e-02 5.00000000e-02
    endloop
  endfacet
  facet normal -1.89837905e-01 -9.81815446e-01 0.00000000e+00
    outer loop
      vertex 8.42651938e-02 -4.39419099e-02 -5.00000000e-02
      vertex 8.97992782e-02 -4.50119470e-02 5.00000000e-02
      vertex 8.42651938e-02 -4.39419099e-02 5.00000000e-02
    endloop
  endfacet
  facet normal -1.79226095e-01 -9.83807912e-01 0.00000000e+00
    outer loop
      vertex 8.97992782e-02 -4.50119470e-02 -5.00000000e-02
      vertex 9.54915028e-02 -4.60489332e-02 -5.00000000e-02
      vertex 9.54915028e-02 -4.60489332e-02 5.00000000e-02
    endloop
  endfacet
  facet normal -1.79226095e-01 -9.83807912e-01 0.00000000e+00
    outer loop
      vertex 8.97992782e-02 -4.50119470e-02 -5.00000000e-02
      vertex 9.54915028e-02 -4.60489332e-02 5.00000000e-02
      vertex 8.97992782e-02 -4.50119470e-02 5.00000000e-02
    endloop
  endfacet
  facet normal -1.69085546e-01 -9.85601379e-01 0.00000000e+00
    outer loop
      vertex 9.54915028e-02 -4.60489332e-02 -5.00000000e-02
      vertex 1.01339673e-01 -4.70522202e-02 -5.00000000e-02
      vertex 1.01339673e-01 -4.70522202e-02 5.00000000e-02
    endloop
  endfacet
  facet normal -1.69085546e-01 -9.85601379e-01 0.00000000e+00
    outer loop
      vertex 9.54915028e-02 -4.60489332e-02 -5.00000000e-02
      vertex 1.01339673e-01 -4.70522202e-02 5.00000000e-02
      vertex 9.54915028e-02 -4.60489332e-02 5.00000000e-02
    endloop
  endfacet
  facet normal -1.59380493e-01 -9.87217230e-01 0.00000000e+00
    outer loop
      vertex 1.01339673e-01 -4.70522202e-02 -5.00000000e-02
      vertex 1.07341535e-01 -4.80211859e-02 -5.00000000e-02
      vertex 1.07341535e-01 -4.80211859e-02 5.00000000e-02
    endloop
  endfacet
  facet normal -1.59380493e-01 -9.87217230e-01 0.00000000e+00
    outer loop
      vertex 1.01339673e-01 -4.70522202e-02 -5.00000000e-02
      vertex 1.07341535e-01 -4.80211859e-02 5.00000000e-02
      vertex 1.01339673e-01 -4.70522202e-02 5.00000000e-02
    endloop
  endfacet
  facet normal -1.50078929e-01 -9.88674019e-01 0.00000000e+00
    outer loop
      vertex 1.07341535e-01 -4.80211859e-02 -5.00000000e-02
      vertex 1.13494773e-01 -4.89552364e-02 -5.00000000e-02
      vertex 1.13494773e-01 -4.89552364e-02 5.00000000e-02
    endloop
  endfacet
  facet normal -1.50078929e-01 -9.88674019e-01 0.00000000e+00
    outer loop
      vertex 1.07341535e-01 -4.80211859e-02 -5.00000000e-02
      vertex 1.13494773e-01 -4.89552364e-02 5.00000000e-02
      vertex 1.07341535e-01 -4.80211859e-02 5.00000000e-02
    endloop
  endfacet
  facet normal -1.41152177e-01 -9.89987911e-01 0.00000000e+00
    outer loop
      vertex 1.13494773e-01 -4.89552364e-02 -5.00000000e-02
      vertex 1.19797017e-01 -4.98538084e-02 -5.00000000e-02
      vertex 1.19797017e-01 -4.98538084e-02 5.00000000e-02
    endloop
  endfacet
  facet normal -1.41152177e-01 -9.89987911e-01 0.00000000e+00
    outer loop
      vertex 1.13494773e-01 -4.89552364e-02 -5.00000000e-02
      vertex 1.19797017e-01 -4.98538084e-02 5.00000000e-02
      vertex 1.13494773e-01 -4.89552364e-02 5.00000000e-02
    endloop
  endfacet
  facet normal -1.32574514e-01 -9.91173042e-01 0.00000000e+00
    outer loop
      vertex 1.19797017e-01 -4.98538084e-02 -5.00000000e-02
      vertex 1.26245837e-01 -5.07163713e-02 -5.00000000e-02
      vertex 1.26245837e-01 -5.07163713e-02 5.00000000e-02
    endloop
  endfacet
  facet normal -1.32574514e-01 -9.91173042e-01 0.00000000e+00
    outer loop
      vertex 1.19797017e-01 -4.98538084e-02 -5.00000000e-02
      vertex 1.26245837e-01 -5.07163713e-02 5.00000000e-02
      vertex 1.19797017e-01 -4.98538084e-02 5.00000000e-02
    endloop
  endfacet
  facet normal -1.24322833e-01 -9.92241822e-01 0.00000000e+00
    outer loop
      vertex 1.26245837e-01 -5.07163713e-02 -5.00000000e-02
      vertex 1.32838745e-01 -5.15424291e-02 -5.00000000e-02
      vertex 1.32838745e-01 -5.15424291e-02 5.00000000e-02
    endloop
  endfacet
  facet normal -1.24322833e-01 -9.92241822e-01 0.00000000e+00
    outer loop
      vertex 1.26245837e-01 -5.07163713e-02 -5.00000000e-02
      vertex 1.32838745e-01 -5.15424291e-02 5.00000000e-02
      vertex 1.26245837e-01 -5.07163713e-02 5.00000000e-02
    endloop
  endfacet
  facet normal -1.16376352e-01 -9.93205188e-01 0.00000000e+00
    outer loop
      vertex 1.32838745e-01 -5.15424291e-02 -5.00000000e-02
      vertex 1.39573202e-01 -5.23315223e-02 -5.00000000e-02
      vertex 1.39573202e-01 -5.23315223e-02 5.00000000e-02
    endloop
  endfacet
  facet normal -1.16376352e-01 -9.93205188e-01 0.00000000e+00
    outer loop
      vertex 1.32838745e-01 -5.15424291e-02 -5.00000000e-02
      vertex 1.39573202e-01 -5.23315223e-02 5.00000000e-02
      vertex 1.32838745e-01 -5.15424291e-02 5.00000000e-02
    endloop
  endfacet
  facet normal -1.08716354e-01 -9.94072811e-01 0.00000000e+00
    outer loop
      vertex 1.39573202e-01 -5.23315223e-02 -5.00000000e-02
      vertex 1.46446609e-01 -5.30832297e-02 -5.00000000e-02
      vertex 1.46446609e-01 -5.30832297e-02 5.00000000e-02
    endloop
  endfacet
  facet normal -1.08716354e-01 -9.94072811e-01 0.00000000e+00
    outer loop
      vertex 1.39573202e-01 -5.23315223e-02 -5.00000000e-02
      vertex 1.46446609e-01 -5.30832297e-02 5.00000000e-02
      vertex 1.39573202e-01 -5.23315223e-02 5.00000000e-02
    endloop
  endfacet
  facet normal -1.01325957e-01 -9.94853281e-01 0.00000000e+00
    outer loop
      vertex 1.46446609e-01 -5.30832297e-02 -5.00000000e-02
      vertex 1.53456319e-01 -5.37971696e-02 -5.00000000e-02
      vertex 1.53456319e-01 -5.37971696e-02 5.00000000e-02
    endloop
  endfacet
  facet normal -1.01325957e-01 -9.94853281e-01 0.00000000e+00
    outer loop
      vertex 1.46446609e-01 -5.30832297e-02 -5.00000000e-02
      vertex 1.53456319e-01 -5.37971696e-02 5.00000000e-02
      vertex 1.46446609e-01 -5.30832297e-02 5.00000000e-02
    endloop
  endfacet
  facet normal -9.41899123e-02 -9.95554248e-01 0.00000000e+00
    outer loop
      vertex 1.53456319e-01 -5.37971696e-02 -5.00000000e-02
      vertex 1.60599627e-01 -5.44730018e-02 -5.00000000e-02
      vertex 1.60599627e-01 -5.44730018e-02 5.00000000e-02
    endloop
  endfacet
  facet normal -9.41899123e-02 -9.95554248e-01 0.00000000e+00
    outer loop
      vertex 1.53456319e-01 -5.37971696e-02 -5.00000000e-02
      vertex 1.60599627e-01 -5.44730018e-02 5.00000000e-02
      vertex 1.53456319e-01 -5.37971696e-02 5.00000000e-02
    endloop
  endfacet
  facet normal -8.72944239e-02 -9.96182555e-01 0.00000000e+00
    outer loop
      vertex 1.60599627e-01 -5.44730018e-02 -5.00000000e-02
      vertex 1.67873781e-01 -5.51104282e-02 -5.00000000e-02
      vertex 1.67873781e-01 -5.51104282e-02 5.00000000e-02
    endloop
  endfacet
  facet normal -8.72944239e-02 -9.96182555e-01 0.00000000e+00
    outer loop
      vertex 1.60599627e-01 -5.44730018e-02 -5.00000000e-02
      vertex 1.67873781e-01 -5.51104282e-02 5.00000000e-02
      vertex 1.60599627e-01 -5.44730018e-02 5.00000000e-02
    endloop
  endfacet
  facet normal -8.06269903e-02 -9.96744345e-01 0.00000000e+00
    outer loop
      vertex 1.67873781e-01 -5.51104282e-02 -5.00000000e-02
      vertex 1.75275976e-01 -5.57091943e-02 -5.00000000e-02
      vertex 1.75275976e-01 -5.57091943e-02 5.00000000e-02
    endloop
  endfacet
  facet normal -8.06269903e-02 -9.96744345e-01 0.00000000e+00
    outer loop
      vertex 1.67873781e-01 -5.51104282e-02 -5.00000000e-02
      vertex 1.75275976e-01 -5.57091943e-02 5.00000000e-02
      vertex 1.67873781e-01 -5.51104282e-02 5.00000000e-02
    endloop
  endfacet
  facet normal -7.41762632e-02 -9.97245146e-01 0.00000000e+00
    outer loop
      vertex 1.75275976e-01 -5.57091943e-02 -5.00000000e-02
      vertex 1.82803358e-01 -5.62690898e-02 -5.00000000e-02
      vertex 1.82803358e-01 -5.62690898e-02 5.00000000e-02
    endloop
  endfacet
  facet normal -7.41762632e-02 -9.97245146e-01 0.00000000e+00
    outer loop
      vertex 1.75275976e-01 -5.57091943e-02 -5.00000000e-02
      vertex 1.82803358e-01 -5.62690898e-02 5.00000000e-02
      vertex 1.75275976e-01 -5.57091943e-02 5.00000000e-02
    endloop
  endfacet
  facet normal -6.79319210e-02 -9.97689959e-01 0.00000000e+00
    outer loop
      vertex 1.82803358e-01 -5.62690898e-02 -5.00000000e-02
      vertex 1.90453025e-01 -5.67899496e-02 -5.00000000e-02
      vertex 1.90453025e-01 -5.67899496e-02 5.00000000e-02
    endloop
  endfacet
  facet normal -6.79319210e-02 -9.97689959e-01 0.00000000e+00
    outer loop
      vertex 1.82803358e-01 -5.62690898e-02 -5.00000000e-02
      vertex 1.90453025e-01 -5.67899496e-02 5.00000000e-02
      vertex 1.82803358e-01 -5.62690898e-02 5.00000000e-02
    endloop
  endfacet
  facet normal -6.18845576e-02 -9.98083314e-01 0.00000000e+00
    outer loop
      vertex 1.90453025e-01 -5.67899496e-02 -5.00000000e-02
      vertex 1.98222029e-01 -5.72716542e-02 -5.00000000e-02
      vertex 1.98222029e-01 -5.72716542e-02 5.00000000e-02
    endloop
  endfacet
  facet normal -6.18845576e-02 -9.98083314e-01 0.00000000e+00
    outer loop
      vertex 1.90453025e-01 -5.67899496e-02 -5.00000000e-02
      vertex 1.98222029e-01 -5.72716542e-02 5.00000000e-02
      vertex 1.90453025e-01 -5.67899496e-02 5.00000000e-02
    endloop
  endfacet
  facet normal -5.60255823e-02 -9.98429334e-01 0.00000000e+00
    outer loop
      vertex 1.98222029e-01 -5.72716542e-02 -5.00000000e-02
      vertex 2.06107374e-01 -5.77141302e-02 -5.00000000e-02
      vertex 2.06107374e-01 -5.77141302e-02 5.00000000e-02
    endloop
  endfacet
  facet normal -5.60255823e-02 -9.98429334e-01 0.00000000e+00
    outer loop
      vertex 1.98222029e-01 -5.72716542e-02 -5.00000000e-02
      vertex 2.06107374e-01 -5.77141302e-02 5.00000000e-02
      vertex 1.98222029e-01 -5.72716542e-02 5.00000000e-02
    endloop
  endfacet
  facet normal -5.03471308e-02 -9.98731779e-01 0.00000000e+00
    outer loop
      vertex 2.06107374e-01 -5.77141302e-02 -5.00000000e-02
      vertex 2.14106020e-01 -5.81173505e-02 -5.00000000e-02
      vertex 2.14106020e-01 -5.81173505e-02 5.00000000e-02
    endloop
  endfacet
  facet normal -5.03471308e-02 -9.98731779e-01 0.00000000e+00
    outer loop
      vertex 2.06107374e-01 -5.77141302e-02 -5.00000000e-02
      vertex 2.14106020e-01 -5.81173505e-02 5.00000000e-02
      vertex 2.06107374e-01 -5.77141302e-02 5.00000000e-02
    endloop
  endfacet
  facet normal -4.48419855e-02 -9.98994092e-01 0.00000000e+00
    outer loop
      vertex 2.14106020e-01 -5.81173505e-02 -5.00000000e-02
      vertex 2.22214883e-01 -5.84813342e-02 -5.00000000e-02
      vertex 2.22214883e-01 -5.84813342e-02 5.00000000e-02
    endloop
  endfacet
  facet normal -4.48419855e-02 -9.98994092e-01 0.00000000e+00
    outer loop
      vertex 2.14106020e-01 -5.81173505e-02 -5.00000000e-02
      vertex 2.22214883e-01 -5.84813342e-02 5.00000000e-02
      vertex 2.14106020e-01 -5.81173505e-02 5.00000000e-02
    endloop
  endfacet
  facet normal -3.95035044e-02 -9.99219432e-01 0.00000000e+00
    outer loop
      vertex 2.22214883e-01 -5.84813342e-02 -5.00000000e-02
      vertex 2.30430839e-01 -5.88061467e-02 -5.00000000e-02
      vertex 2.30430839e-01 -5.88061467e-02 5.00000000e-02
    endloop
  endfacet
  facet normal -3.95035044e-02 -9.99219432e-01 0.00000000e+00
    outer loop
      vertex 2.22214883e-01 -5.84813342e-02 -5.00000000e-02
      vertex 2.30430839e-01 -5.88061467e-02 5.00000000e-02
      vertex 2.22214883e-01 -5.84813342e-02 5.00000000e-02
    endloop
  endfacet
  facet normal -3.43255573e-02 -9.99410704e-01 0.00000000e+00
    outer loop
      vertex 2.30430839e-01 -5.88061467e-02 -5.00000000e-02
      vertex 2.38750718e-01 -5.90918996e-02 -5.00000000e-02
      vertex 2.38750718e-01 -5.90918996e-02 5.00000000e-02
    endloop
  endfacet
  facet normal -3.43255573e-02 -9.99410704e-01 0.00000000e+00
    outer loop
      vertex 2.30430839e-01 -5.88061467e-02 -5.00000000e-02
      vertex 2.38750718e-01 -5.90918996e-02 5.00000000e-02
      vertex 2.30430839e-01 -5.88061467e-02 5.00000000e-02
    endloop
  endfacet
  facet normal -2.93024690e-02 -9.99570590e-01 0.00000000e+00
    outer loop
      vertex 2.38750718e-01 -5.90918996e-02 -5.00000000e-02
      vertex 2.47171313e-01 -5.93387498e-02 -5.00000000e-02
      vertex 2.47171313e-01 -5.93387498e-02 5.00000000e-02
    endloop
  endfacet
  facet normal -2.93024690e-02 -9.99570590e-01 0.00000000e+00
    outer loop
      vertex 2.38750718e-01 -5.90918996e-02 -5.00000000e-02
      vertex 2.47171313e-01 -5.93387498e-02 5.00000000e-02
      vertex 2.38750718e-01 -5.90918996e-02 5.00000000e-02
    endloop
  endfacet
  facet normal -2.44289676e-02 -9.99701568e-01 0.00000000e+00
    outer loop
      vertex 2.47171313e-01 -5.93387498e-02 -5.00000000e-02
      vertex 2.55689379e-01 -5.95468995e-02 -5.00000000e-02
      vertex 2.55689379e-01 -5.95468995e-02 5.00000000e-02
    endloop
  endfacet
  facet normal -2.44289676e-02 -9.99701568e-01 0.00000000e+00
    outer loop
      vertex 2.47171313e-01 -5.93387498e-02 -5.00000000e-02
      vertex 2.55689379e-01 -5.95468995e-02 5.00000000e-02
      vertex 2.47171313e-01 -5.93387498e-02 5.00000000e-02
    endloop
  endfacet
  facet normal -1.97001393e-02 -9.99805933e-01 0.00000000e+00
    outer loop
      vertex 2.55689379e-01 -5.95468995e-02 -5.00000000e-02
      vertex 2.64301632e-01 -5.97165950e-02 -5.00000000e-02
      vertex 2.64301632e-01 -5.97165950e-02 5.00000000e-02
    endloop
  endfacet
  facet normal -1.97001393e-02 -9.99805933e-01 0.00000000e+00
    outer loop
      vertex 2.55689379e-01 -5.95468995e-02 -5.00000000e-02
      vertex 2.64301632e-01 -5.97165950e-02 5.00000000e-02
      vertex 2.55689379e-01 -5.95468995e-02 5.00000000e-02
    endloop
  endfacet
  facet normal -1.51113868e-02 -9.99885816e-01 0.00000000e+00
    outer loop
      vertex 2.64301632e-01 -5.97165950e-02 -5.00000000e-02
      vertex 2.73004750e-01 -5.98481262e-02 -5.00000000e-02
      vertex 2.73004750e-01 -5.98481262e-02 5.00000000e-02
    endloop
  endfacet
  facet normal -1.51113868e-02 -9.99885816e-01 0.00000000e+00
    outer loop
      vertex 2.64301632e-01 -5.97165950e-02 -5.00000000e-02
      vertex 2.73004750e-01 -5.98481262e-02 5.00000000e-02
      vertex 2.64301632e-01 -5.97165950e-02 5.00000000e-02
    endloop
  endfacet
  facet normal -1.06583928e-02 -9.99943198e-01 0.00000000e+00
    outer loop
      vertex 2.73004750e-01 -5.98481262e-02 -5.00000000e-02
      vertex 2.81795380e-01 -5.99418255e-02 -5.00000000e-02
      vertex 2.81795380e-01 -5.99418255e-02 5.00000000e-02
    endloop
  endfacet
  facet normal -1.06583928e-02 -9.99943198e-01 0.00000000e+00
    outer loop
      vertex 2.73004750e-01 -5.98481262e-02 -5.00000000e-02
      vertex 2.81795380e-01 -5.99418255e-02 5.00000000e-02
      vertex 2.73004750e-01 -5.98481262e-02 5.00000000e-02
    endloop
  endfacet
  facet normal -6.33708682e-03 -9.99979920e-01 0.00000000e+00
    outer loop
      vertex 2.81795380e-01 -5.99418255e-02 -5.00000000e-02
      vertex 2.90670131e-01 -5.99980667e-02 -5.00000000e-02
      vertex 2.90670131e-01 -5.99980667e-02 5.00000000e-02
    endloop
  endfacet
  facet normal -6.33708682e-03 -9.99979920e-01 0.00000000e+00
    outer loop
      vertex 2.81795380e-01 -5.99418255e-02 -5.00000000e-02
      vertex 2.90670131e-01 -5.99980667e-02 5.00000000e-02
      vertex 2.81795380e-01 -5.99418255e-02 5.00000000e-02
    endloop
  endfacet
  facet normal -2.14361590e-03 -9.99997702e-01 0.00000000e+00
    outer loop
      vertex 2.90670131e-01 -5.99980667e-02 -5.00000000e-02
      vertex 2.99625583e-01 -6.00172638e-02 -5.00000000e-02
      vertex 2.99625583e-01 -6.00172638e-02 5.00000000e-02
    endloop
  endfacet
  facet normal -2.14361590e-03 -9.99997702e-01 0.00000000e+00
    outer loop
      vertex 2.90670131e-01 -5.99980667e-02 -5.00000000e-02
      vertex 2.99625583e-01 -6.00172638e-02 5.00000000e-02
      vertex 2.90670131e-01 -5.99980667e-02 5.00000000e-02
    endloop
  endfacet
  facet normal 1.92568198e-03 -9.99998146e-01 0.00000000e+00
    outer loop
      vertex 2.99625583e-01 -6.00172638e-02 -5.00000000e-02
      vertex 3.08658284e-01 -5.99998697e-02 -5.00000000e-02
      vertex 3.08658284e-01 -5.99998697e-02 5.00000000e-02
    endloop
  endfacet
  facet normal 1.92568198e-03 -9.99998146e-01 0.00000000e+00
    outer loop
      vertex 2.99625583e-01 -6.00172638e-02 -5.00000000e-02
      vertex 3.08658284e-01 -5.99998697e-02 5.00000000e-02
      vertex 2.99625583e-01 -6.00172638e-02 5.00000000e-02
    endloop
  endfacet
  facet normal 5.87430139e-03 -9.99982746e-01 0.00000000e+00
    outer loop
      vertex 3.08658284e-01 -5.99998697e-02 -5.00000000e-02
      vertex 3.17764750e-01 -5.99463746e-02 -5.00000000e-02
      vertex 3.17764750e-01 -5.99463746e-02 5.00000000e-02
    endloop
  endfacet
  facet normal 5.87430139e-03 -9.99982746e-01 0.00000000e+00
    outer loop
      vertex 3.08658284e-01 -5.99998697e-02 -5.00000000e-02
      vertex 3.17764750e-01 -5.99463746e-02 5.00000000e-02
      vertex 3.08658284e-01 -5.99998697e-02 5.00000000e-02
    endloop
  endfacet
  facet normal 9.70559043e-03 -9.99952900e-01 0.00000000e+00
    outer loop
      vertex 3.17764750e-01 -5.99463746e-02 -5.00000000e-02
      vertex 3.26941471e-01 -5.98573050e-02 -5.00000000e-02
      vertex 3.26941471e-01 -5.98573050e-02 5.00000000e-02
    endloop
  endfacet
  facet normal 9.70559043e-03 -9.99952900e-01 0.00000000e+00
    outer loop
      vertex 3.17764750e-01 -5.99463746e-02 -5.00000000e-02
      vertex 3.26941471e-01 -5.98573050e-02 5.00000000e-02
      vertex 3.17764750e-01 -5.99463746e-02 5.00000000e-02
    endloop
  endfacet
  facet normal 1.34227694e-02 -9.99909911e-01 0.00000000e+00
    outer loop
      vertex 3.26941471e-01 -5.98573050e-02 -5.00000000e-02
      vertex 3.36184910e-01 -5.97332212e-02 -5.00000000e-02
      vertex 3.36184910e-01 -5.97332212e-02 5.00000000e-02
    endloop
  endfacet
  facet normal 1.34227694e-02 -9.99909911e-01 0.00000000e+00
    outer loop
      vertex 3.26941471e-01 -5.98573050e-02 -5.00000000e-02
      vertex 3.36184910e-01 -5.97332212e-02 5.00000000e-02
      vertex 3.26941471e-01 -5.98573050e-02 5.00000000e-02
    endloop
  endfacet
  facet normal 1.70289474e-02 -9.99854997e-01 0.00000000e+00
    outer loop
      vertex 3.36184910e-01 -5.97332212e-02 -5.00000000e-02
      vertex 3.45491503e-01 -5.95747168e-02 -5.00000000e-02
      vertex 3.45491503e-01 -5.95747168e-02 5.00000000e-02
    endloop
  endfacet
  facet normal 1.70289474e-02 -9.99854997e-01 0.00000000e+00
    outer loop
      vertex 3.36184910e-01 -5.97332212e-02 -5.00000000e-02
      vertex 3.45491503e-01 -5.95747168e-02 5.00000000e-02
      vertex 3.36184910e-01 -5.97332212e-02 5.00000000e-02
    endloop
  endfacet
  facet normal 2.05271370e-02 -9.99789296e-01 0.00000000e+00
    outer loop
      vertex 3.45491503e-01 -5.95747168e-02 -5.00000000e-02
      vertex 3.54857661e-01 -5.93824158e-02 -5.00000000e-02
      vertex 3.54857661e-01 -5.93824158e-02 5.00000000e-02
    endloop
  endfacet
  facet normal 2.05271370e-02 -9.99789296e-01 0.00000000e+00
    outer loop
      vertex 3.45491503e-01 -5.95747168e-02 -5.00000000e-02
      vertex 3.54857661e-01 -5.93824158e-02 5.00000000e-02
      vertex 3.45491503e-01 -5.95747168e-02 5.00000000e-02
    endloop
  endfacet
  facet normal 2.39202669e-02 -9.99713869e-01 0.00000000e+00
    outer loop
      vertex 3.54857661e-01 -5.93824158e-02 -5.00000000e-02
      vertex 3.64279775e-01 -5.91569718e-02 -5.00000000e-02
      vertex 3.64279775e-01 -5.91569718e-02 5.00000000e-02
    endloop
  endfacet
  facet normal 2.39202669e-02 -9.99713869e-01 0.00000000e+00
    outer loop
      vertex 3.54857661e-01 -5.93824158e-02 -5.00000000e-02
      vertex 3.64279775e-01 -5.91569718e-02 5.00000000e-02
      vertex 3.54857661e-01 -5.93824158e-02 5.00000000e-02
    endloop
  endfacet
  facet normal 2.72111935e-02 -9.99629707e-01 0.00000000e+00
    outer loop
      vertex 3.64279775e-01 -5.91569718e-02 -5.00000000e-02
      vertex 3.73754211e-01 -5.88990656e-02 -5.00000000e-02
      vertex 3.73754211e-01 -5.88990656e-02 5.00000000e-02
    endloop
  endfacet
  facet normal 2.72111935e-02 -9.99629707e-01 0.00000000e+00
    outer loop
      vertex 3.64279775e-01 -5.91569718e-02 -5.00000000e-02
      vertex 3.73754211e-01 -5.88990656e-02 5.00000000e-02
      vertex 3.64279775e-01 -5.91569718e-02 5.00000000e-02
    endloop
  endfacet
  facet normal 3.04027106e-02 -9.99537731e-01 0.00000000e+00
    outer loop
      vertex 3.73754211e-01 -5.88990656e-02 -5.00000000e-02
      vertex 3.83277318e-01 -5.86094035e-02 -5.00000000e-02
      vertex 3.83277318e-01 -5.86094035e-02 5.00000000e-02
    endloop
  endfacet
  facet normal 3.04027106e-02 -9.99537731e-01 0.00000000e+00
    outer loop
      vertex 3.73754211e-01 -5.88990656e-02 -5.00000000e-02
      vertex 3.83277318e-01 -5.86094035e-02 5.00000000e-02
      vertex 3.73754211e-01 -5.88990656e-02 5.00000000e-02
    endloop
  endfacet
  facet normal 3.34975579e-02 -9.99438799e-01 0.00000000e+00
    outer loop
      vertex 3.83277318e-01 -5.86094035e-02 -5.00000000e-02
      vertex 3.92845423e-01 -5.82887153e-02 -5.00000000e-02
      vertex 3.92845423e-01 -5.82887153e-02 5.00000000e-02
    endloop
  endfacet
  facet normal 3.34975579e-02 -9.99438799e-01 0.00000000e+00
    outer loop
      vertex 3.83277318e-01 -5.86094035e-02 -5.00000000e-02
      vertex 3.92845423e-01 -5.82887153e-02 5.00000000e-02
      vertex 3.83277318e-01 -5.86094035e-02 5.00000000e-02
    endloop
  endfacet
  facet normal 3.64984282e-02 -9.99333710e-01 0.00000000e+00
    outer loop
      vertex 3.92845423e-01 -5.82887153e-02 -5.00000000e-02
      vertex 4.02454839e-01 -5.79377529e-02 -5.00000000e-02
      vertex 4.02454839e-01 -5.79377529e-02 5.00000000e-02
    endloop
  endfacet
  facet normal 3.64984282e-02 -9.99333710e-01 0.00000000e+00
    outer loop
      vertex 3.92845423e-01 -5.82887153e-02 -5.00000000e-02
      vertex 4.02454839e-01 -5.79377529e-02 5.00000000e-02
      vertex 3.92845423e-01 -5.82887153e-02 5.00000000e-02
    endloop
  endfacet
  facet normal 3.94079738e-02 -9.99223204e-01 0.00000000e+00
    outer loop
      vertex 4.02454839e-01 -5.79377529e-02 -5.00000000e-02
      vertex 4.12101860e-01 -5.75572878e-02 -5.00000000e-02
      vertex 4.12101860e-01 -5.75572878e-02 5.00000000e-02
    endloop
  endfacet
  facet normal 3.94079738e-02 -9.99223204e-01 0.00000000e+00
    outer loop
      vertex 4.02454839e-01 -5.79377529e-02 -5.00000000e-02
      vertex 4.12101860e-01 -5.75572878e-02 5.00000000e-02
      vertex 4.02454839e-01 -5.79377529e-02 5.00000000e-02
    endloop
  endfacet
  facet normal 4.22288113e-02 -9.99107966e-01 0.00000000e+00
    outer loop
      vertex 4.12101860e-01 -5.75572878e-02 -5.00000000e-02
      vertex 4.21782767e-01 -5.71481096e-02 -5.00000000e-02
      vertex 4.21782767e-01 -5.71481096e-02 5.00000000e-02
    endloop
  endfacet
  facet normal 4.22288113e-02 -9.99107966e-01 0.00000000e+00
    outer loop
      vertex 4.12101860e-01 -5.75572878e-02 -5.00000000e-02
      vertex 4.21782767e-01 -5.71481096e-02 5.00000000e-02
      vertex 4.12101860e-01 -5.75572878e-02 5.00000000e-02
    endloop
  endfacet
  facet normal 4.49635263e-02 -9.98988629e-01 0.00000000e+00
    outer loop
      vertex 4.21782767e-01 -5.71481096e-02 -5.00000000e-02
      vertex 4.31493829e-01 -5.67110240e-02 -5.00000000e-02
      vertex 4.31493829e-01 -5.67110240e-02 5.00000000e-02
    endloop
  endfacet
  facet normal 4.49635263e-02 -9.98988629e-01 0.00000000e+00
    outer loop
      vertex 4.21782767e-01 -5.71481096e-02 -5.00000000e-02
      vertex 4.31493829e-01 -5.67110240e-02 5.00000000e-02
      vertex 4.21782767e-01 -5.71481096e-02 5.00000000e-02
    endloop
  endfacet
  facet normal 4.76146764e-02 -9.98865778e-01 0.00000000e+00
    outer loop
      vertex 4.31493829e-01 -5.67110240e-02 -5.00000000e-02
      vertex 4.41231301e-01 -5.62468509e-02 -5.00000000e-02
      vertex 4.41231301e-01 -5.62468509e-02 5.00000000e-02
    endloop
  endfacet
  facet normal 4.76146764e-02 -9.98865778e-01 0.00000000e+00
    outer loop
      vertex 4.31493829e-01 -5.67110240e-02 -5.00000000e-02
      vertex 4.41231301e-01 -5.62468509e-02 5.00000000e-02
      vertex 4.31493829e-01 -5.67110240e-02 5.00000000e-02
    endloop
  endfacet
  facet normal 5.01847938e-02 -9.98739949e-01 0.00000000e+00
    outer loop
      vertex 4.41231301e-01 -5.62468509e-02 -5.00000000e-02
      vertex 4.50991430e-01 -5.57564229e-02 -5.00000000e-02
      vertex 4.50991430e-01 -5.57564229e-02 5.00000000e-02
    endloop
  endfacet
  facet normal 5.01847938e-02 -9.98739949e-01 0.00000000e+00
    outer loop
      vertex 4.41231301e-01 -5.62468509e-02 -5.00000000e-02
      vertex 4.50991430e-01 -5.57564229e-02 5.00000000e-02
      vertex 4.41231301e-01 -5.62468509e-02 5.00000000e-02
    endloop
  endfacet
  facet normal 5.26763876e-02 -9.98611635e-01 0.00000000e+00
    outer loop
      vertex 4.50991430e-01 -5.57564229e-02 -5.00000000e-02
      vertex 4.60770452e-01 -5.52405832e-02 -5.00000000e-02
      vertex 4.60770452e-01 -5.52405832e-02 5.00000000e-02
    endloop
  endfacet
  facet normal 5.26763876e-02 -9.98611635e-01 0.00000000e+00
    outer loop
      vertex 4.50991430e-01 -5.57564229e-02 -5.00000000e-02
      vertex 4.60770452e-01 -5.52405832e-02 5.00000000e-02
      vertex 4.50991430e-01 -5.57564229e-02 5.00000000e-02
    endloop
  endfacet
  facet normal 5.50919447e-02 -9.98481286e-01 0.00000000e+00
    outer loop
      vertex 4.60770452e-01 -5.52405832e-02 -5.00000000e-02
      vertex 4.70564598e-01 -5.47001839e-02 -5.00000000e-02
      vertex 4.70564598e-01 -5.47001839e-02 5.00000000e-02
    endloop
  endfacet
  facet normal 5.50919447e-02 -9.98481286e-01 0.00000000e+00
    outer loop
      vertex 4.60770452e-01 -5.52405832e-02 -5.00000000e-02
      vertex 4.70564598e-01 -5.47001839e-02 5.00000000e-02
      vertex 4.60770452e-01 -5.52405832e-02 5.00000000e-02
    endloop
  endfacet
  facet normal 5.74339307e-02 -9.98349309e-01 0.00000000e+00
    outer loop
      vertex 4.70564598e-01 -5.47001839e-02 -5.00000000e-02
      vertex 4.80370092e-01 -5.41360847e-02 -5.00000000e-02
      vertex 4.80370092e-01 -5.41360847e-02 5.00000000e-02
    endloop
  endfacet
  facet normal 5.74339307e-02 -9.98349309e-01 0.00000000e+00
    outer loop
      vertex 4.70564598e-01 -5.47001839e-02 -5.00000000e-02
      vertex 4.80370092e-01 -5.41360847e-02 5.00000000e-02
      vertex 4.70564598e-01 -5.47001839e-02 5.00000000e-02
    endloop
  endfacet
  facet normal 5.97047898e-02 -9.98216078e-01 0.00000000e+00
    outer loop
      vertex 4.80370092e-01 -5.41360847e-02 -5.00000000e-02
      vertex 4.90183154e-01 -5.35491509e-02 -5.00000000e-02
      vertex 4.90183154e-01 -5.35491509e-02 5.00000000e-02
    endloop
  endfacet
  facet normal 5.97047898e-02 -9.98216078e-01 0.00000000e+00
    outer loop
      vertex 4.80370092e-01 -5.41360847e-02 -5.00000000e-02
      vertex 4.90183154e-01 -5.35491509e-02 5.00000000e-02
      vertex 4.80370092e-01 -5.41360847e-02 5.00000000e-02
    endloop
  endfacet
  facet normal 6.19069450e-02 -9.98081926e-01 0.00000000e+00
    outer loop
      vertex 4.90183154e-01 -5.35491509e-02 -5.00000000e-02
      vertex 5.00000000e-01 -5.29402520e-02 -5.00000000e-02
      vertex 5.00000000e-01 -5.29402520e-02 5.00000000e-02
    endloop
  endfacet
  facet normal 6.19069450e-02 -9.98081926e-01 0.00000000e+00
    outer loop
      vertex 4.90183154e-01 -5.35491509e-02 -5.00000000e-02
      vertex 5.00000000e-01 -5.29402520e-02 5.00000000e-02
      vertex 4.90183154e-01 -5.35491509e-02 5.00000000e-02
    endloop
  endfacet
  facet normal 6.40427970e-02 -9.97947153e-01 0.00000000e+00
    outer loop
      vertex 5.00000000e-01 -5.29402520e-02 -5.00000000e-02
      vertex 5.09816846e-01 -5.23102604e-02 -5.00000000e-02
      vertex 5.09816846e-01 -5.23102604e-02 5.00000000e-02
    endloop
  endfacet
  facet normal 6.40427970e-02 -9.97947153e-01 0.00000000e+00
    outer loop
      vertex 5.00000000e-01 -5.29402520e-02 -5.00000000e-02
      vertex 5.09816846e-01 -5.23102604e-02 5.00000000e-02
      vertex 5.00000000e-01 -5.29402520e-02 5.00000000e-02
    endloop
  endfacet
  facet normal 6.61147230e-02 -9.97812028e-01 0.00000000e+00
    outer loop
      vertex 5.09816846e-01 -5.23102604e-02 -5.00000000e-02
      vertex 5.19629908e-01 -5.16600499e-02 -5.00000000e-02
      vertex 5.19629908e-01 -5.16600499e-02 5.00000000e-02
    endloop
  endfacet
  facet normal 6.61147230e-02 -9.97812028e-01 0.00000000e+00
    outer loop
      vertex 5.09816846e-01 -5.23102604e-02 -5.00000000e-02
      vertex 5.19629908e-01 -5.16600499e-02 5.00000000e-02
      vertex 5.09816846e-01 -5.23102604e-02 5.00000000e-02
    endloop
  endfacet
  facet normal 6.81250758e-02 -9.97676788e-01 0.00000000e+00
    outer loop
      vertex 5.19629908e-01 -5.16600499e-02 -5.00000000e-02
      vertex 5.29435402e-01 -5.09904944e-02 -5.00000000e-02
      vertex 5.29435402e-01 -5.09904944e-02 5.00000000e-02
    endloop
  endfacet
  facet normal 6.81250758e-02 -9.97676788e-01 0.00000000e+00
    outer loop
      vertex 5.19629908e-01 -5.16600499e-02 -5.00000000e-02
      vertex 5.29435402e-01 -5.09904944e-02 5.00000000e-02
      vertex 5.19629908e-01 -5.16600499e-02 5.00000000e-02
    endloop
  endfacet
  facet normal 7.00761816e-02 -9.97541643e-01 0.00000000e+00
    outer loop
      vertex 5.29435402e-01 -5.09904944e-02 -5.00000000e-02
      vertex 5.39229548e-01 -5.03024666e-02 -5.00000000e-02
      vertex 5.39229548e-01 -5.03024666e-02 5.00000000e-02
    endloop
  endfacet
  facet normal 7.00761816e-02 -9.97541643e-01 0.00000000e+00
    outer loop
      vertex 5.29435402e-01 -5.09904944e-02 -5.00000000e-02
      vertex 5.39229548e-01 -5.03024666e-02 5.00000000e-02
      vertex 5.29435402e-01 -5.09904944e-02 5.00000000e-02
    endloop
  endfacet
  facet normal 7.19703381e-02 -9.97406773e-01 0.00000000e+00
    outer loop
      vertex 5.39229548e-01 -5.03024666e-02 -5.00000000e-02
      vertex 5.49008570e-01 -4.95968372e-02 -5.00000000e-02
      vertex 5.49008570e-01 -4.95968372e-02 5.00000000e-02
    endloop
  endfacet
  facet normal 7.19703381e-02 -9.97406773e-01 0.00000000e+00
    outer loop
      vertex 5.39229548e-01 -5.03024666e-02 -5.00000000e-02
      vertex 5.49008570e-01 -4.95968372e-02 5.00000000e-02
      vertex 5.39229548e-01 -5.03024666e-02 5.00000000e-02
    endloop
  endfacet
  facet normal 7.38098126e-02 -9.97272336e-01 0.00000000e+00
    outer loop
      vertex 5.49008570e-01 -4.95968372e-02 -5.00000000e-02
      vertex 5.58768699e-01 -4.88744736e-02 -5.00000000e-02
      vertex 5.58768699e-01 -4.88744736e-02 5.00000000e-02
    endloop
  endfacet
  facet normal 7.38098126e-02 -9.97272336e-01 0.00000000e+00
    outer loop
      vertex 5.49008570e-01 -4.95968372e-02 -5.00000000e-02
      vertex 5.58768699e-01 -4.88744736e-02 5.00000000e-02
      vertex 5.49008570e-01 -4.95968372e-02 5.00000000e-02
    endloop
  endfacet
  facet normal 7.55968392e-02 -9.97138465e-01 0.00000000e+00
    outer loop
      vertex 5.58768699e-01 -4.88744736e-02 -5.00000000e-02
      vertex 5.68506171e-01 -4.81362390e-02 -5.00000000e-02
      vertex 5.68506171e-01 -4.81362390e-02 5.00000000e-02
    endloop
  endfacet
  facet normal 7.55968392e-02 -9.97138465e-01 0.00000000e+00
    outer loop
      vertex 5.58768699e-01 -4.88744736e-02 -5.00000000e-02
      vertex 5.68506171e-01 -4.81362390e-02 5.00000000e-02
      vertex 5.58768699e-01 -4.88744736e-02 5.00000000e-02
    endloop
  endfacet
  facet normal 7.73336167e-02 -9.97005272e-01 0.00000000e+00
    outer loop
      vertex 5.68506171e-01 -4.81362390e-02 -5.00000000e-02
      vertex 5.78217233e-01 -4.73829917e-02 -5.00000000e-02
      vertex 5.78217233e-01 -4.73829917e-02 5.00000000e-02
    endloop
  endfacet
  facet normal 7.73336167e-02 -9.97005272e-01 0.00000000e+00
    outer loop
      vertex 5.68506171e-01 -4.81362390e-02 -5.00000000e-02
      vertex 5.78217233e-01 -4.73829917e-02 5.00000000e-02
      vertex 5.68506171e-01 -4.81362390e-02 5.00000000e-02
    endloop
  endfacet
  facet normal 7.90223056e-02 -9.96872848e-01 0.00000000e+00
    outer loop
      vertex 5.78217233e-01 -4.73829917e-02 -5.00000000e-02
      vertex 5.87898140e-01 -4.66155843e-02 -5.00000000e-02
      vertex 5.87898140e-01 -4.66155843e-02 5.00000000e-02
    endloop
  endfacet
  facet normal 7.90223056e-02 -9.96872848e-01 0.00000000e+00
    outer loop
      vertex 5.78217233e-01 -4.73829917e-02 -5.00000000e-02
      vertex 5.87898140e-01 -4.66155843e-02 5.00000000e-02
      vertex 5.78217233e-01 -4.73829917e-02 5.00000000e-02
    endloop
  endfacet
  facet normal 8.06650256e-02 -9.96741267e-01 0.00000000e+00
    outer loop
      vertex 5.87898140e-01 -4.66155843e-02 -5.00000000e-02
      vertex 5.97545161e-01 -4.58348629e-02 -5.00000000e-02
      vertex 5.97545161e-01 -4.58348629e-02 5.00000000e-02
    endloop
  endfacet
  facet normal 8.06650256e-02 -9.96741267e-01 0.00000000e+00
    outer loop
      vertex 5.87898140e-01 -4.66155843e-02 -5.00000000e-02
      vertex 5.97545161e-01 -4.58348629e-02 5.00000000e-02
      vertex 5.87898140e-01 -4.66155843e-02 5.00000000e-02
    endloop
  endfacet
  facet normal 8.22638526e-02 -9.96610585e-01 0.00000000e+00
    outer loop
      vertex 5.97545161e-01 -4.58348629e-02 -5.00000000e-02
      vertex 6.07154577e-01 -4.50416669e-02 -5.00000000e-02
      vertex 6.07154577e-01 -4.50416669e-02 5.00000000e-02
    endloop
  endfacet
  facet normal 8.22638526e-02 -9.96610585e-01 0.00000000e+00
    outer loop
      vertex 5.97545161e-01 -4.58348629e-02 -5.00000000e-02
      vertex 6.07154577e-01 -4.50416669e-02 5.00000000e-02
      vertex 5.97545161e-01 -4.58348629e-02 5.00000000e-02
    endloop
  endfacet
  facet normal 8.38208160e-02 -9.96480843e-01 0.00000000e+00
    outer loop
      vertex 6.07154577e-01 -4.50416669e-02 -5.00000000e-02
      vertex 6.16722682e-01 -4.42368282e-02 -5.00000000e-02
      vertex 6.16722682e-01 -4.42368282e-02 5.00000000e-02
    endloop
  endfacet
  facet normal 8.38208160e-02 -9.96480843e-01 0.00000000e+00
    outer loop
      vertex 6.07154577e-01 -4.50416669e-02 -5.00000000e-02
      vertex 6.16722682e-01 -4.42368282e-02 5.00000000e-02
      vertex 6.07154577e-01 -4.50416669e-02 5.00000000e-02
    endloop
  endfacet
  facet normal 8.53378958e-02 -9.96352068e-01 0.00000000e+00
    outer loop
      vertex 6.16722682e-01 -4.42368282e-02 -5.00000000e-02
      vertex 6.26245789e-01 -4.34211708e-02 -5.00000000e-02
      vertex 6.26245789e-01 -4.34211708e-02 5.00000000e-02
    endloop
  endfacet
  facet normal 8.53378958e-02 -9.96352068e-01 0.00000000e+00
    outer loop
      vertex 6.16722682e-01 -4.42368282e-02 -5.00000000e-02
      vertex 6.26245789e-01 -4.34211708e-02 5.00000000e-02
      vertex 6.16722682e-01 -4.42368282e-02 5.00000000e-02
    endloop
  endfacet
  facet normal 8.68170198e-02 -9.96224274e-01 0.00000000e+00
    outer loop
      vertex 6.26245789e-01 -4.34211708e-02 -5.00000000e-02
      vertex 6.35720225e-01 -4.25955110e-02 -5.00000000e-02
      vertex 6.35720225e-01 -4.25955110e-02 5.00000000e-02
    endloop
  endfacet
  facet normal 8.68170198e-02 -9.96224274e-01 0.00000000e+00
    outer loop
      vertex 6.26245789e-01 -4.34211708e-02 -5.00000000e-02
      vertex 6.35720225e-01 -4.25955110e-02 5.00000000e-02
      vertex 6.26245789e-01 -4.34211708e-02 5.00000000e-02
    endloop
  endfacet
  facet normal 8.82600608e-02 -9.96097466e-01 0.00000000e+00
    outer loop
      vertex 6.35720225e-01 -4.25955110e-02 -5.00000000e-02
      vertex 6.45142339e-01 -4.17606566e-02 -5.00000000e-02
      vertex 6.45142339e-01 -4.17606566e-02 5.00000000e-02
    endloop
  endfacet
  facet normal 8.82600608e-02 -9.96097466e-01 0.00000000e+00
    outer loop
      vertex 6.35720225e-01 -4.25955110e-02 -5.00000000e-02
      vertex 6.45142339e-01 -4.17606566e-02 5.00000000e-02
      vertex 6.35720225e-01 -4.25955110e-02 5.00000000e-02
    endloop
  endfacet
  facet normal 8.96688336e-02 -9.95971636e-01 0.00000000e+00
    outer loop
      vertex 6.45142339e-01 -4.17606566e-02 -5.00000000e-02
      vertex 6.54508497e-01 -4.09174072e-02 -5.00000000e-02
      vertex 6.54508497e-01 -4.09174072e-02 5.00000000e-02
    endloop
  endfacet
  facet normal 8.96688336e-02 -9.95971636e-01 0.00000000e+00
    outer loop
      vertex 6.45142339e-01 -4.17606566e-02 -5.00000000e-02
      vertex 6.54508497e-01 -4.09174072e-02 5.00000000e-02
      vertex 6.45142339e-01 -4.17606566e-02 5.00000000e-02
    endloop
  endfacet
  facet normal 9.10450927e-02 -9.95846771e-01 0.00000000e+00
    outer loop
      vertex 6.54508497e-01 -4.09174072e-02 -5.00000000e-02
      vertex 6.63815090e-01 -4.00665538e-02 -5.00000000e-02
      vertex 6.63815090e-01 -4.00665538e-02 5.00000000e-02
    endloop
  endfacet
  facet normal 9.10450927e-02 -9.95846771e-01 0.00000000e+00
    outer loop
      vertex 6.54508497e-01 -4.09174072e-02 -5.00000000e-02
      vertex 6.63815090e-01 -4.00665538e-02 5.00000000e-02
      vertex 6.54508497e-01 -4.09174072e-02 5.00000000e-02
    endloop
  endfacet
  facet normal 9.23905296e-02 -9.95722848e-01 0.00000000e+00
    outer loop
      vertex 6.63815090e-01 -4.00665538e-02 -5.00000000e-02
      vertex 6.73058529e-01 -3.92088792e-02 -5.00000000e-02
      vertex 6.73058529e-01 -3.92088792e-02 5.00000000e-02
    endloop
  endfacet
  facet normal 9.23905296e-02 -9.95722848e-01 0.00000000e+00
    outer loop
      vertex 6.63815090e-01 -4.00665538e-02 -5.00000000e-02
      vertex 6.73058529e-01 -3.92088792e-02 5.00000000e-02
      vertex 6.63815090e-01 -4.00665538e-02 5.00000000e-02
    endloop
  endfacet
  facet normal 9.37067702e-02 -9.95599840e-01 0.00000000e+00
    outer loop
      vertex 6.73058529e-01 -3.92088792e-02 -5.00000000e-02
      vertex 6.82235250e-01 -3.83451578e-02 -5.00000000e-02
      vertex 6.82235250e-01 -3.83451578e-02 5.00000000e-02
    endloop
  endfacet
  facet normal 9.37067702e-02 -9.95599840e-01 0.00000000e+00
    outer loop
      vertex 6.73058529e-01 -3.92088792e-02 -5.00000000e-02
      vertex 6.82235250e-01 -3.83451578e-02 5.00000000e-02
      vertex 6.73058529e-01 -3.92088792e-02 5.00000000e-02
    endloop
  endfacet
  facet normal 9.49953725e-02 -9.95477714e-01 0.00000000e+00
    outer loop
      vertex 6.82235250e-01 -3.83451578e-02 -5.00000000e-02
      vertex 6.91341716e-01 -3.74761558e-02 -5.00000000e-02
      vertex 6.91341716e-01 -3.74761558e-02 5.00000000e-02
    endloop
  endfacet
  facet normal 9.49953725e-02 -9.95477714e-01 0.00000000e+00
    outer loop
      vertex 6.82235250e-01 -3.83451578e-02 -5.00000000e-02
      vertex 6.91341716e-01 -3.74761558e-02 5.00000000e-02
      vertex 6.82235250e-01 -3.83451578e-02 5.00000000e-02
    endloop
  endfacet
  facet normal 9.62578247e-02 -9.95356434e-01 0.00000000e+00
    outer loop
      vertex 6.91341716e-01 -3.74761558e-02 -5.00000000e-02
      vertex 7.00374417e-01 -3.66026314e-02 -5.00000000e-02
      vertex 7.00374417e-01 -3.66026314e-02 5.00000000e-02
    endloop
  endfacet
  facet normal 9.62578247e-02 -9.95356434e-01 0.00000000e+00
    outer loop
      vertex 6.91341716e-01 -3.74761558e-02 -5.00000000e-02
      vertex 7.00374417e-01 -3.66026314e-02 5.00000000e-02
      vertex 6.91341716e-01 -3.74761558e-02 5.00000000e-02
    endloop
  endfacet
  facet normal 9.74955428e-02 -9.95235962e-01 0.00000000e+00
    outer loop
      vertex 7.00374417e-01 -3.66026314e-02 -5.00000000e-02
      vertex 7.09329869e-01 -3.57253353e-02 -5.00000000e-02
      vertex 7.09329869e-01 -3.57253353e-02 5.00000000e-02
    endloop
  endfacet
  facet normal 9.74955428e-02 -9.95235962e-01 0.00000000e+00
    outer loop
      vertex 7.00374417e-01 -3.66026314e-02 -5.00000000e-02
      vertex 7.09329869e-01 -3.57253353e-02 5.00000000e-02
      vertex 7.00374417e-01 -3.66026314e-02 5.00000000e-02
    endloop
  endfacet
  facet normal 9.87098689e-02 -9.95116255e-01 0.00000000e+00
    outer loop
      vertex 7.09329869e-01 -3.57253353e-02 -5.00000000e-02
      vertex 7.18204620e-01 -3.48450104e-02 -5.00000000e-02
      vertex 7.18204620e-01 -3.48450104e-02 5.00000000e-02
    endloop
  endfacet
  facet normal 9.87098689e-02 -9.95116255e-01 0.00000000e+00
    outer loop
      vertex 7.09329869e-01 -3.57253353e-02 -5.00000000e-02
      vertex 7.18204620e-01 -3.48450104e-02 5.00000000e-02
      vertex 7.09329869e-01 -3.57253353e-02 5.00000000e-02
    endloop
  endfacet
  facet normal 9.99020696e-02 -9.94997275e-01 0.00000000e+00
    outer loop
      vertex 7.18204620e-01 -3.48450104e-02 -5.00000000e-02
      vertex 7.26995250e-01 -3.39623928e-02 -5.00000000e-02
      vertex 7.26995250e-01 -3.39623928e-02 5.00000000e-02
    endloop
  endfacet
  facet normal 9.99020696e-02 -9.94997275e-01 0.00000000e+00
    outer loop
      vertex 7.18204620e-01 -3.48450104e-02 -5.00000000e-02
      vertex 7.26995250e-01 -3.39623928e-02 5.00000000e-02
      vertex 7.18204620e-01 -3.48450104e-02 5.00000000e-02
    endloop
  endfacet
  facet normal 1.01073334e-01 -9.94878978e-01 0.00000000e+00
    outer loop
      vertex 7.26995250e-01 -3.39623928e-02 -5.00000000e-02
      vertex 7.35698368e-01 -3.30782117e-02 -5.00000000e-02
      vertex 7.35698368e-01 -3.30782117e-02 5.00000000e-02
    endloop
  endfacet
  facet normal 1.01073334e-01 -9.94878978e-01 0.00000000e+00
    outer loop
      vertex 7.26995250e-01 -3.39623928e-02 -5.00000000e-02
      vertex 7.35698368e-01 -3.30782117e-02 5.00000000e-02
      vertex 7.26995250e-01 -3.39623928e-02 5.00000000e-02
    endloop
  endfacet
  facet normal 1.02224775e-01 -9.94761326e-01 0.00000000e+00
    outer loop
      vertex 7.35698368e-01 -3.30782117e-02 -5.00000000e-02
      vertex 7.44310621e-01 -3.21931898e-02 -5.00000000e-02
      vertex 7.44310621e-01 -3.21931898e-02 5.00000000e-02
    endloop
  endfacet
  facet normal 1.02224775e-01 -9.94761326e-01 0.00000000e+00
    outer loop
      vertex 7.35698368e-01 -3.30782117e-02 -5.00000000e-02
      vertex 7.44310621e-01 -3.21931898e-02 5.00000000e-02
      vertex 7.35698368e-01 -3.30782117e-02 5.00000000e-02
    endloop
  endfacet
  facet normal 1.03357423e-01 -9.94644280e-01 0.00000000e+00
    outer loop
      vertex 7.44310621e-01 -3.21931898e-02 -5.00000000e-02
      vertex 7.52828687e-01 -3.13080439e-02 -5.00000000e-02
      vertex 7.52828687e-01 -3.13080439e-02 5.00000000e-02
    endloop
  endfacet
  facet normal 1.03357423e-01 -9.94644280e-01 0.00000000e+00
    outer loop
      vertex 7.44310621e-01 -3.21931898e-02 -5.00000000e-02
      vertex 7.52828687e-01 -3.13080439e-02 5.00000000e-02
      vertex 7.44310621e-01 -3.21931898e-02 5.00000000e-02
    endloop
  endfacet
  facet normal 1.04472230e-01 -9.94527804e-01 0.00000000e+00
    outer loop
      vertex 7.52828687e-01 -3.13080439e-02 -5.00000000e-02
      vertex 7.61249282e-01 -3.04234850e-02 -5.00000000e-02
      vertex 7.61249282e-01 -3.04234850e-02 5.00000000e-02
    endloop
  endfacet
  facet normal 1.04472230e-01 -9.94527804e-01 0.00000000e+00
    outer loop
      vertex 7.52828687e-01 -3.13080439e-02 -5.00000000e-02
      vertex 7.61249282e-01 -3.04234850e-02 5.00000000e-02
      vertex 7.52828687e-01 -3.13080439e-02 5.00000000e-02
    endloop
  endfacet
  facet normal 1.05570068e-01 -9.94411867e-01 0.00000000e+00
    outer loop
      vertex 7.61249282e-01 -3.04234850e-02 -5.00000000e-02
      vertex 7.69569161e-01 -2.95402190e-02 -5.00000000e-02
      vertex 7.69569161e-01 -2.95402190e-02 5.00000000e-02
    endloop
  endfacet
  facet normal 1.05570068e-01 -9.94411867e-01 0.00000000e+00
    outer loop
      vertex 7.61249282e-01 -3.04234850e-02 -5.00000000e-02
      vertex 7.69569161e-01 -2.95402190e-02 5.00000000e-02
      vertex 7.61249282e-01 -3.04234850e-02 5.00000000e-02
    endloop
  endfacet
  facet normal 1.06651726e-01 -9.94296439e-01 0.00000000e+00
    outer loop
      vertex 7.69569161e-01 -2.95402190e-02 -5.00000000e-02
      vertex 7.77785117e-01 -2.86589468e-02 -5.00000000e-02
      vertex 7.77785117e-01 -2.86589468e-02 5.00000000e-02
    endloop
  endfacet
  facet normal 1.06651726e-01 -9.94296439e-01 0.00000000e+00
    outer loop
      vertex 7.69569161e-01 -2.95402190e-02 -5.00000000e-02
      vertex 7.77785117e-01 -2.86589468e-02 5.00000000e-02
      vertex 7.69569161e-01 -2.95402190e-02 5.00000000e-02
    endloop
  endfacet
  facet normal 1.07717914e-01 -9.94181498e-01 0.00000000e+00
    outer loop
      vertex 7.77785117e-01 -2.86589468e-02 -5.00000000e-02
      vertex 7.85893980e-01 -2.77803649e-02 -5.00000000e-02
      vertex 7.85893980e-01 -2.77803649e-02 5.00000000e-02
    endloop
  endfacet
  facet normal 1.07717914e-01 -9.94181498e-01 0.00000000e+00
    outer loop
      vertex 7.77785117e-01 -2.86589468e-02 -5.00000000e-02
      vertex 7.85893980e-01 -2.77803649e-02 5.00000000e-02
      vertex 7.77785117e-01 -2.86589468e-02 5.00000000e-02
    endloop
  endfacet
  facet normal 1.08769260e-01 -9.94067024e-01 0.00000000e+00
    outer loop
      vertex 7.85893980e-01 -2.77803649e-02 -5.00000000e-02
      vertex 7.93892626e-01 -2.69051656e-02 -5.00000000e-02
      vertex 7.93892626e-01 -2.69051656e-02 5.00000000e-02
    endloop
  endfacet
  facet normal 1.08769260e-01 -9.94067024e-01 0.00000000e+00
    outer loop
      vertex 7.85893980e-01 -2.77803649e-02 -5.00000000e-02
      vertex 7.93892626e-01 -2.69051656e-02 5.00000000e-02
      vertex 7.85893980e-01 -2.77803649e-02 5.00000000e-02
    endloop
  endfacet
  facet normal 1.09806310e-01 -9.93953004e-01 0.00000000e+00
    outer loop
      vertex 7.93892626e-01 -2.69051656e-02 -5.00000000e-02
      vertex 8.01777971e-01 -2.60340372e-02 -5.00000000e-02
      vertex 8.01777971e-01 -2.60340372e-02 5.00000000e-02
    endloop
  endfacet
  facet normal 1.09806310e-01 -9.93953004e-01 0.00000000e+00
    outer loop
      vertex 7.93892626e-01 -2.69051656e-02 -5.00000000e-02
      vertex 8.01777971e-01 -2.60340372e-02 5.00000000e-02
      vertex 7.93892626e-01 -2.69051656e-02 5.00000000e-02
    endloop
  endfacet
  facet normal 1.10829533e-01 -9.93839431e-01 0.00000000e+00
    outer loop
      vertex 8.01777971e-01 -2.60340372e-02 -5.00000000e-02
      vertex 8.09546975e-01 -2.51676648e-02 -5.00000000e-02
      vertex 8.09546975e-01 -2.51676648e-02 5.00000000e-02
    endloop
  endfacet
  facet normal 1.10829533e-01 -9.93839431e-01 0.00000000e+00
    outer loop
      vertex 8.01777971e-01 -2.60340372e-02 -5.00000000e-02
      vertex 8.09546975e-01 -2.51676648e-02 5.00000000e-02
      vertex 8.01777971e-01 -2.60340372e-02 5.00000000e-02
    endloop
  endfacet
  facet normal 1.11839316e-01 -9.93726304e-01 0.00000000e+00
    outer loop
      vertex 8.09546975e-01 -2.51676648e-02 -5.00000000e-02
      vertex 8.17196642e-01 -2.43067300e-02 -5.00000000e-02
      vertex 8.17196642e-01 -2.43067300e-02 5.00000000e-02
    endloop
  endfacet
  facet normal 1.11839316e-01 -9.93726304e-01 0.00000000e+00
    outer loop
      vertex 8.09546975e-01 -2.51676648e-02 -5.00000000e-02
      vertex 8.17196642e-01 -2.43067300e-02 5.00000000e-02
      vertex 8.09546975e-01 -2.51676648e-02 5.00000000e-02
    endloop
  endfacet
  facet normal 1.12835969e-01 -9.93613629e-01 0.00000000e+00
    outer loop
      vertex 8.17196642e-01 -2.43067300e-02 -5.00000000e-02
      vertex 8.24724024e-01 -2.34519114e-02 -5.00000000e-02
      vertex 8.24724024e-01 -2.34519114e-02 5.00000000e-02
    endloop
  endfacet
  facet normal 1.12835969e-01 -9.93613629e-01 0.00000000e+00
    outer loop
      vertex 8.17196642e-01 -2.43067300e-02 -5.00000000e-02
      vertex 8.24724024e-01 -2.34519114e-02 5.00000000e-02
      vertex 8.17196642e-01 -2.43067300e-02 5.00000000e-02
    endloop
  endfacet
  facet normal 1.13819726e-01 -9.93501419e-01 0.00000000e+00
    outer loop
      vertex 8.24724024e-01 -2.34519114e-02 -5.00000000e-02
      vertex 8.32126219e-01 -2.26038846e-02 -5.00000000e-02
      vertex 8.32126219e-01 -2.26038846e-02 5.00000000e-02
    endloop
  endfacet
  facet normal 1.13819726e-01 -9.93501419e-01 0.00000000e+00
    outer loop
      vertex 8.24724024e-01 -2.34519114e-02 -5.00000000e-02
      vertex 8.32126219e-01 -2.26038846e-02 5.00000000e-02
      vertex 8.24724024e-01 -2.34519114e-02 5.00000000e-02
    endloop
  endfacet
  facet normal 1.14790746e-01 -9.93389694e-01 0.00000000e+00
    outer loop
      vertex 8.32126219e-01 -2.26038846e-02 -5.00000000e-02
      vertex 8.39400373e-01 -2.17633227e-02 -5.00000000e-02
      vertex 8.39400373e-01 -2.17633227e-02 5.00000000e-02
    endloop
  endfacet
  facet normal 1.14790746e-01 -9.93389694e-01 0.00000000e+00
    outer loop
      vertex 8.32126219e-01 -2.26038846e-02 -5.00000000e-02
      vertex 8.39400373e-01 -2.17633227e-02 5.00000000e-02
      vertex 8.32126219e-01 -2.26038846e-02 5.00000000e-02
    endloop
  endfacet
  facet normal 1.15749112e-01 -9.93278482e-01 0.00000000e+00
    outer loop
      vertex 8.39400373e-01 -2.17633227e-02 -5.00000000e-02
      vertex 8.46543681e-01 -2.09308959e-02 -5.00000000e-02
      vertex 8.46543681e-01 -2.09308959e-02 5.00000000e-02
    endloop
  endfacet
  facet normal 1.15749112e-01 -9.93278482e-01 0.00000000e+00
    outer loop
      vertex 8.39400373e-01 -2.17633227e-02 -5.00000000e-02
      vertex 8.46543681e-01 -2.09308959e-02 5.00000000e-02
      vertex 8.39400373e-01 -2.17633227e-02 5.00000000e-02
    endloop
  endfacet
  facet normal 1.16694838e-01 -9.93167818e-01 0.00000000e+00
    outer loop
      vertex 8.46543681e-01 -2.09308959e-02 -5.00000000e-02
      vertex 8.53553391e-01 -2.01072719e-02 -5.00000000e-02
      vertex 8.53553391e-01 -2.01072719e-02 5.00000000e-02
    endloop
  endfacet
  facet normal 1.16694838e-01 -9.93167818e-01 0.00000000e+00
    outer loop
      vertex 8.46543681e-01 -2.09308959e-02 -5.00000000e-02
      vertex 8.53553391e-01 -2.01072719e-02 5.00000000e-02
      vertex 8.46543681e-01 -2.09308959e-02 5.00000000e-02
    endloop
  endfacet
  facet normal 1.17627870e-01 -9.93057745e-01 0.00000000e+00
    outer loop
      vertex 8.53553391e-01 -2.01072719e-02 -5.00000000e-02
      vertex 8.60426798e-01 -1.92931155e-02 -5.00000000e-02
      vertex 8.60426798e-01 -1.92931155e-02 5.00000000e-02
    endloop
  endfacet
  facet normal 1.17627870e-01 -9.93057745e-01 0.00000000e+00
    outer loop
      vertex 8.53553391e-01 -2.01072719e-02 -5.00000000e-02
      vertex 8.60426798e-01 -1.92931155e-02 5.00000000e-02
      vertex 8.53553391e-01 -2.01072719e-02 5.00000000e-02
    endloop
  endfacet
  facet normal 1.18548084e-01 -9.92948313e-01 0.00000000e+00
    outer loop
      vertex 8.60426798e-01 -1.92931155e-02 -5.00000000e-02
      vertex 8.67161255e-01 -1.84890889e-02 -5.00000000e-02
      vertex 8.67161255e-01 -1.84890889e-02 5.00000000e-02
    endloop
  endfacet
  facet normal 1.18548084e-01 -9.92948313e-01 0.00000000e+00
    outer loop
      vertex 8.60426798e-01 -1.92931155e-02 -5.00000000e-02
      vertex 8.67161255e-01 -1.84890889e-02 5.00000000e-02
      vertex 8.60426798e-01 -1.92931155e-02 5.00000000e-02
    endloop
  endfacet
  facet normal 1.19455296e-01 -9.92839580e-01 0.00000000e+00
    outer loop
      vertex 8.67161255e-01 -1.84890889e-02 -5.00000000e-02
      vertex 8.73754163e-01 -1.76958511e-02 -5.00000000e-02
      vertex 8.73754163e-01 -1.76958511e-02 5.00000000e-02
    endloop
  endfacet
  facet normal 1.19455296e-01 -9.92839580e-01 0.00000000e+00
    outer loop
      vertex 8.67161255e-01 -1.84890889e-02 -5.00000000e-02
      vertex 8.73754163e-01 -1.76958511e-02 5.00000000e-02
      vertex 8.67161255e-01 -1.84890889e-02 5.00000000e-02
    endloop
  endfacet
  facet normal 1.20349257e-01 -9.92731613e-01 0.00000000e+00
    outer loop
      vertex 8.73754163e-01 -1.76958511e-02 -5.00000000e-02
      vertex 8.80202983e-01 -1.69140581e-02 -5.00000000e-02
      vertex 8.80202983e-01 -1.69140581e-02 5.00000000e-02
    endloop
  endfacet
  facet normal 1.20349257e-01 -9.92731613e-01 0.00000000e+00
    outer loop
      vertex 8.73754163e-01 -1.76958511e-02 -5.00000000e-02
      vertex 8.80202983e-01 -1.69140581e-02 5.00000000e-02
      vertex 8.73754163e-01 -1.76958511e-02 5.00000000e-02
    endloop
  endfacet
  facet normal 1.21229662e-01 -9.92624485e-01 0.00000000e+00
    outer loop
      vertex 8.80202983e-01 -1.69140581e-02 -5.00000000e-02
      vertex 8.86505227e-01 -1.61443623e-02 -5.00000000e-02
      vertex 8.86505227e-01 -1.61443623e-02 5.00000000e-02
    endloop
  endfacet
  facet normal 1.21229662e-01 -9.92624485e-01 0.00000000e+00
    outer loop
      vertex 8.80202983e-01 -1.69140581e-02 -5.00000000e-02
      vertex 8.86505227e-01 -1.61443623e-02 5.00000000e-02
      vertex 8.80202983e-01 -1.69140581e-02 5.00000000e-02
    endloop
  endfacet
  facet normal 1.22096152e-01 -9.92518277e-01 0.00000000e+00
    outer loop
      vertex 8.86505227e-01 -1.61443623e-02 -5.00000000e-02
      vertex 8.92658465e-01 -1.53874122e-02 -5.00000000e-02
      vertex 8.92658465e-01 -1.53874122e-02 5.00000000e-02
    endloop
  endfacet
  facet normal 1.22096152e-01 -9.92518277e-01 0.00000000e+00
    outer loop
      vertex 8.86505227e-01 -1.61443623e-02 -5.00000000e-02
      vertex 8.92658465e-01 -1.53874122e-02 5.00000000e-02
      vertex 8.86505227e-01 -1.61443623e-02 5.00000000e-02
    endloop
  endfacet
  facet normal 1.22948314e-01 -9.92413075e-01 0.00000000e+00
    outer loop
      vertex 8.92658465e-01 -1.53874122e-02 -5.00000000e-02
      vertex 8.98660327e-01 -1.46438521e-02 -5.00000000e-02
      vertex 8.98660327e-01 -1.46438521e-02 5.00000000e-02
    endloop
  endfacet
  facet normal 1.22948314e-01 -9.92413075e-01 0.00000000e+00
    outer loop
      vertex 8.92658465e-01 -1.53874122e-02 -5.00000000e-02
      vertex 8.98660327e-01 -1.46438521e-02 5.00000000e-02
      vertex 8.92658465e-01 -1.53874122e-02 5.00000000e-02
    endloop
  endfacet
  facet normal 1.23785688e-01 -9.92308976e-01 0.00000000e+00
    outer loop
      vertex 8.98660327e-01 -1.46438521e-02 -5.00000000e-02
      vertex 9.04508497e-01 -1.39143215e-02 -5.00000000e-02
      vertex 9.04508497e-01 -1.39143215e-02 5.00000000e-02
    endloop
  endfacet
  facet normal 1.23785688e-01 -9.92308976e-01 0.00000000e+00
    outer loop
      vertex 8.98660327e-01 -1.46438521e-02 -5.00000000e-02
      vertex 9.04508497e-01 -1.39143215e-02 5.00000000e-02
      vertex 8.98660327e-01 -1.46438521e-02 5.00000000e-02
    endloop
  endfacet
  facet normal 1.24607769e-01 -9.92206079e-01 0.00000000e+00
    outer loop
      vertex 9.04508497e-01 -1.39143215e-02 -5.00000000e-02
      vertex 9.10200722e-01 -1.31994545e-02 -5.00000000e-02
      vertex 9.10200722e-01 -1.31994545e-02 5.00000000e-02
    endloop
  endfacet
  facet normal 1.24607769e-01 -9.92206079e-01 0.00000000e+00
    outer loop
      vertex 9.04508497e-01 -1.39143215e-02 -5.00000000e-02
      vertex 9.10200722e-01 -1.31994545e-02 5.00000000e-02
      vertex 9.04508497e-01 -1.39143215e-02 5.00000000e-02
    endloop
  endfacet
  facet normal 1.25414013e-01 -9.92104493e-01 0.00000000e+00
    outer loop
      vertex 9.10200722e-01 -1.31994545e-02 -5.00000000e-02
      vertex 9.15734806e-01 -1.24998793e-02 -5.00000000e-02
      vertex 9.15734806e-01 -1.24998793e-02 5.00000000e-02
    endloop
  endfacet
  facet normal 1.25414013e-01 -9.92104493e-01 0.00000000e+00
    outer loop
      vertex 9.10200722e-01 -1.31994545e-02 -5.00000000e-02
      vertex 9.15734806e-01 -1.24998793e-02 5.00000000e-02
      vertex 9.10200722e-01 -1.31994545e-02 5.00000000e-02
    endloop
  endfacet
  facet normal 1.26203835e-01 -9.92004331e-01 0.00000000e+00
    outer loop
      vertex 9.15734806e-01 -1.24998793e-02 -5.00000000e-02
      vertex 9.21108617e-01 -1.18162174e-02 -5.00000000e-02
      vertex 9.21108617e-01 -1.18162174e-02 5.00000000e-02
    endloop
  endfacet
  facet normal 1.26203835e-01 -9.92004331e-01 0.00000000e+00
    outer loop
      vertex 9.15734806e-01 -1.24998793e-02 -5.00000000e-02
      vertex 9.21108617e-01 -1.18162174e-02 5.00000000e-02
      vertex 9.15734806e-01 -1.24998793e-02 5.00000000e-02
    endloop
  endfacet
  facet normal 1.26976620e-01 -9.91905710e-01 0.00000000e+00
    outer loop
      vertex 9.21108617e-01 -1.18162174e-02 -5.00000000e-02
      vertex 9.26320082e-01 -1.11490832e-02 -5.00000000e-02
      vertex 9.26320082e-01 -1.11490832e-02 5.00000000e-02
    endloop
  endfacet
  facet normal 1.26976620e-01 -9.91905710e-01 0.00000000e+00
    outer loop
      vertex 9.21108617e-01 -1.18162174e-02 -5.00000000e-02
      vertex 9.26320082e-01 -1.11490832e-02 5.00000000e-02
      vertex 9.21108617e-01 -1.18162174e-02 5.00000000e-02
    endloop
  endfacet
  facet normal 1.27731722e-01 -9.91808755e-01 0.00000000e+00
    outer loop
      vertex 9.26320082e-01 -1.11490832e-02 -5.00000000e-02
      vertex 9.31367193e-01 -1.04990827e-02 -5.00000000e-02
      vertex 9.31367193e-01 -1.04990827e-02 5.00000000e-02
    endloop
  endfacet
  facet normal 1.27731722e-01 -9.91808755e-01 0.00000000e+00
    outer loop
      vertex 9.26320082e-01 -1.11490832e-02 -5.00000000e-02
      vertex 9.31367193e-01 -1.04990827e-02 5.00000000e-02
      vertex 9.26320082e-01 -1.11490832e-02 5.00000000e-02
    endloop
  endfacet
  facet normal 1.28468472e-01 -9.91713594e-01 0.00000000e+00
    outer loop
      vertex 9.31367193e-01 -1.04990827e-02 -5.00000000e-02
      vertex 9.36248004e-01 -9.86681320e-03 -5.00000000e-02
      vertex 9.36248004e-01 -9.86681320e-03 5.00000000e-02
    endloop
  endfacet
  facet normal 1.28468472e-01 -9.91713594e-01 0.00000000e+00
    outer loop
      vertex 9.31367193e-01 -1.04990827e-02 -5.00000000e-02
      vertex 9.36248004e-01 -9.86681320e-03 5.00000000e-02
      vertex 9.31367193e-01 -1.04990827e-02 5.00000000e-02
    endloop
  endfacet
  facet normal 1.29186177e-01 -9.91620357e-01 0.00000000e+00
    outer loop
      vertex 9.36248004e-01 -9.86681320e-03 -5.00000000e-02
      vertex 9.40960632e-01 -9.25286203e-03 -5.00000000e-02
      vertex 9.40960632e-01 -9.25286203e-03 5.00000000e-02
    endloop
  endfacet
  facet normal 1.29186177e-01 -9.91620357e-01 0.00000000e+00
    outer loop
      vertex 9.36248004e-01 -9.86681320e-03 -5.00000000e-02
      vertex 9.40960632e-01 -9.25286203e-03 5.00000000e-02
      vertex 9.36248004e-01 -9.86681320e-03 5.00000000e-02
    endloop
  endfacet
  facet normal 1.29884129e-01 -9.91529179e-01 0.00000000e+00
    outer loop
      vertex 9.40960632e-01 -9.25286203e-03 -5.00000000e-02
      vertex 9.45503262e-01 -8.65780588e-03 -5.00000000e-02
      vertex 9.45503262e-01 -8.65780588e-03 5.00000000e-02
    endloop
  endfacet
  facet normal 1.29884129e-01 -9.91529179e-01 0.00000000e+00
    outer loop
      vertex 9.40960632e-01 -9.25286203e-03 -5.00000000e-02
      vertex 9.45503262e-01 -8.65780588e-03 5.00000000e-02
      vertex 9.40960632e-01 -9.25286203e-03 5.00000000e-02
    endloop
  endfacet
  facet normal 1.30561604e-01 -9.91440199e-01 0.00000000e+00
    outer loop
      vertex 9.45503262e-01 -8.65780588e-03 -5.00000000e-02
      vertex 9.49874142e-01 -8.08220980e-03 -5.00000000e-02
      vertex 9.49874142e-01 -8.08220980e-03 5.00000000e-02
    endloop
  endfacet
  facet normal 1.30561604e-01 -9.91440199e-01 0.00000000e+00
    outer loop
      vertex 9.45503262e-01 -8.65780588e-03 -5.00000000e-02
      vertex 9.49874142e-01 -8.08220980e-03 5.00000000e-02
      vertex 9.45503262e-01 -8.65780588e-03 5.00000000e-02
    endloop
  endfacet
  facet normal 1.31217872e-01 -9.91353555e-01 0.00000000e+00
    outer loop
      vertex 9.49874142e-01 -8.08220980e-03 -5.00000000e-02
      vertex 9.54071587e-01 -7.52662619e-03 -5.00000000e-02
      vertex 9.54071587e-01 -7.52662619e-03 5.00000000e-02
    endloop
  endfacet
  facet normal 1.31217872e-01 -9.91353555e-01 0.00000000e+00
    outer loop
      vertex 9.49874142e-01 -8.08220980e-03 -5.00000000e-02
      vertex 9.54071587e-01 -7.52662619e-03 5.00000000e-02
      vertex 9.49874142e-01 -8.08220980e-03 5.00000000e-02
    endloop
  endfacet
  facet normal 1.31852196e-01 -9.91269387e-01 0.00000000e+00
    outer loop
      vertex 9.54071587e-01 -7.52662619e-03 -5.00000000e-02
      vertex 9.58093979e-01 -6.99159386e-03 -5.00000000e-02
      vertex 9.58093979e-01 -6.99159386e-03 5.00000000e-02
    endloop
  endfacet
  facet normal 1.31852196e-01 -9.91269387e-01 0.00000000e+00
    outer loop
      vertex 9.54071587e-01 -7.52662619e-03 -5.00000000e-02
      vertex 9.58093979e-01 -6.99159386e-03 5.00000000e-02
      vertex 9.54071587e-01 -7.52662619e-03 5.00000000e-02
    endloop
  endfacet
  facet normal 1.32463839e-01 -9.91187839e-01 0.00000000e+00
    outer loop
      vertex 9.58093979e-01 -6.99159386e-03 -5.00000000e-02
      vertex 9.61939766e-01 -6.47763698e-03 -5.00000000e-02
      vertex 9.61939766e-01 -6.47763698e-03 5.00000000e-02
    endloop
  endfacet
  facet normal 1.32463839e-01 -9.91187839e-01 0.00000000e+00
    outer loop
      vertex 9.58093979e-01 -6.99159386e-03 -5.00000000e-02
      vertex 9.61939766e-01 -6.47763698e-03 5.00000000e-02
      vertex 9.58093979e-01 -6.99159386e-03 5.00000000e-02
    endloop
  endfacet
  facet normal 1.33052065e-01 -9.91109049e-01 0.00000000e+00
    outer loop
      vertex 9.61939766e-01 -6.47763698e-03 -5.00000000e-02
      vertex 9.65607467e-01 -5.98526411e-03 -5.00000000e-02
      vertex 9.65607467e-01 -5.98526411e-03 5.00000000e-02
    endloop
  endfacet
  facet normal 1.33052065e-01 -9.91109049e-01 0.00000000e+00
    outer loop
      vertex 9.61939766e-01 -6.47763698e-03 -5.00000000e-02
      vertex 9.65607467e-01 -5.98526411e-03 5.00000000e-02
      vertex 9.61939766e-01 -6.47763698e-03 5.00000000e-02
    endloop
  endfacet
  facet normal 1.33616148e-01 -9.91033160e-01 0.00000000e+00
    outer loop
      vertex 9.65607467e-01 -5.98526411e-03 -5.00000000e-02
      vertex 9.69095668e-01 -5.51496711e-03 -5.00000000e-02
      vertex 9.69095668e-01 -5.51496711e-03 5.00000000e-02
    endloop
  endfacet
  facet normal 1.33616148e-01 -9.91033160e-01 0.00000000e+00
    outer loop
      vertex 9.65607467e-01 -5.98526411e-03 -5.00000000e-02
      vertex 9.69095668e-01 -5.51496711e-03 5.00000000e-02
      vertex 9.65607467e-01 -5.98526411e-03 5.00000000e-02
    endloop
  endfacet
  facet normal 1.34155368e-01 -9.90960311e-01 0.00000000e+00
    outer loop
      vertex 9.69095668e-01 -5.51496711e-03 -5.00000000e-02
      vertex 9.72403023e-01 -5.06722015e-03 -5.00000000e-02
      vertex 9.72403023e-01 -5.06722015e-03 5.00000000e-02
    endloop
  endfacet
  facet normal 1.34155368e-01 -9.90960311e-01 0.00000000e+00
    outer loop
      vertex 9.69095668e-01 -5.51496711e-03 -5.00000000e-02
      vertex 9.72403023e-01 -5.06722015e-03 5.00000000e-02
      vertex 9.69095668e-01 -5.51496711e-03 5.00000000e-02
    endloop
  endfacet
  facet normal 1.34669022e-01 -9.90890637e-01 0.00000000e+00
    outer loop
      vertex 9.72403023e-01 -5.06722015e-03 -5.00000000e-02
      vertex 9.75528258e-01 -4.64247870e-03 -5.00000000e-02
      vertex 9.75528258e-01 -4.64247870e-03 5.00000000e-02
    endloop
  endfacet
  facet normal 1.34669022e-01 -9.90890637e-01 0.00000000e+00
    outer loop
      vertex 9.72403023e-01 -5.06722015e-03 -5.00000000e-02
      vertex 9.75528258e-01 -4.64247870e-03 5.00000000e-02
      vertex 9.72403023e-01 -5.06722015e-03 5.00000000e-02
    endloop
  endfacet
  facet normal 1.35156426e-01 -9.90824273e-01 0.00000000e+00
    outer loop
      vertex 9.75528258e-01 -4.64247870e-03 -5.00000000e-02
      vertex 9.78470168e-01 -4.24117847e-03 -5.00000000e-02
      vertex 9.78470168e-01 -4.24117847e-03 5.00000000e-02
    endloop
  endfacet
  facet normal 1.35156426e-01 -9.90824273e-01 0.00000000e+00
    outer loop
      vertex 9.75528258e-01 -4.64247870e-03 -5.00000000e-02
      vertex 9.78470168e-01 -4.24117847e-03 5.00000000e-02
      vertex 9.75528258e-01 -4.64247870e-03 5.00000000e-02
    endloop
  endfacet
  facet normal 1.35616913e-01 -9.90761350e-01 0.00000000e+00
    outer loop
      vertex 9.78470168e-01 -4.24117847e-03 -5.00000000e-02
      vertex 9.81227618e-01 -3.86373450e-03 -5.00000000e-02
      vertex 9.81227618e-01 -3.86373450e-03 5.00000000e-02
    endloop
  endfacet
  facet normal 1.35616913e-01 -9.90761350e-01 0.00000000e+00
    outer loop
      vertex 9.78470168e-01 -4.24117847e-03 -5.00000000e-02
      vertex 9.81227618e-01 -3.86373450e-03 5.00000000e-02
      vertex 9.78470168e-01 -4.24117847e-03 5.00000000e-02
    endloop
  endfacet
  facet normal 1.36049844e-01 -9.90701994e-01 0.00000000e+00
    outer loop
      vertex 9.81227618e-01 -3.86373450e-03 -5.00000000e-02
      vertex 9.83799546e-01 -3.51054010e-03 -5.00000000e-02
      vertex 9.83799546e-01 -3.51054010e-03 5.00000000e-02
    endloop
  endfacet
  facet normal 1.36049844e-01 -9.90701994e-01 0.00000000e+00
    outer loop
      vertex 9.81227618e-01 -3.86373450e-03 -5.00000000e-02
      vertex 9.83799546e-01 -3.51054010e-03 5.00000000e-02
      vertex 9.81227618e-01 -3.86373450e-03 5.00000000e-02
    endloop
  endfacet
  facet normal 1.36454605e-01 -9.90646325e-01 0.00000000e+00
    outer loop
      vertex 9.83799546e-01 -3.51054010e-03 -5.00000000e-02
      vertex 9.86184960e-01 -3.18196599e-03 -5.00000000e-02
      vertex 9.86184960e-01 -3.18196599e-03 5.00000000e-02
    endloop
  endfacet
  facet normal 1.36454605e-01 -9.90646325e-01 0.00000000e+00
    outer loop
      vertex 9.83799546e-01 -3.51054010e-03 -5.00000000e-02
      vertex 9.86184960e-01 -3.18196599e-03 5.00000000e-02
      vertex 9.83799546e-01 -3.51054010e-03 5.00000000e-02
    endloop
  endfacet
  facet normal 1.36830615e-01 -9.90594459e-01 0.00000000e+00
    outer loop
      vertex 9.86184960e-01 -3.18196599e-03 -5.00000000e-02
      vertex 9.88382941e-01 -2.87835939e-03 -5.00000000e-02
      vertex 9.88382941e-01 -2.87835939e-03 5.00000000e-02
    endloop
  endfacet
  facet normal 1.36830615e-01 -9.90594459e-01 0.00000000e+00
    outer loop
      vertex 9.86184960e-01 -3.18196599e-03 -5.00000000e-02
      vertex 9.88382941e-01 -2.87835939e-03 5.00000000e-02
      vertex 9.86184960e-01 -3.18196599e-03 5.00000000e-02
    endloop
  endfacet
  facet normal 1.37177326e-01 -9.90546506e-01 0.00000000e+00
    outer loop
      vertex 9.88382941e-01 -2.87835939e-03 -5.00000000e-02
      vertex 9.90392640e-01 -2.60004312e-03 -5.00000000e-02
      vertex 9.90392640e-01 -2.60004312e-03 5.00000000e-02
    endloop
  endfacet
  facet normal 1.37177326e-01 -9.90546506e-01 0.00000000e+00
    outer loop
      vertex 9.88382941e-01 -2.87835939e-03 -5.00000000e-02
      vertex 9.90392640e-01 -2.60004312e-03 5.00000000e-02
      vertex 9.88382941e-01 -2.87835939e-03 5.00000000e-02
    endloop
  endfacet
  facet normal 1.37494223e-01 -9.90502569e-01 0.00000000e+00
    outer loop
      vertex 9.90392640e-01 -2.60004312e-03 -5.00000000e-02
      vertex 9.92213284e-01 -2.34731484e-03 -5.00000000e-02
      vertex 9.92213284e-01 -2.34731484e-03 5.00000000e-02
    endloop
  endfacet
  facet normal 1.37494223e-01 -9.90502569e-01 0.00000000e+00
    outer loop
      vertex 9.90392640e-01 -2.60004312e-03 -5.00000000e-02
      vertex 9.92213284e-01 -2.34731484e-03 5.00000000e-02
      vertex 9.90392640e-01 -2.60004312e-03 5.00000000e-02
    endloop
  endfacet
  facet normal 1.37780833e-01 -9.90462741e-01 0.00000000e+00
    outer loop
      vertex 9.92213284e-01 -2.34731484e-03 -5.00000000e-02
      vertex 9.93844170e-01 -2.12044627e-03 -5.00000000e-02
      vertex 9.93844170e-01 -2.12044627e-03 5.00000000e-02
    endloop
  endfacet
  facet normal 1.37780833e-01 -9.90462741e-01 0.00000000e+00
    outer loop
      vertex 9.92213284e-01 -2.34731484e-03 -5.00000000e-02
      vertex 9.93844170e-01 -2.12044627e-03 5.00000000e-02
      vertex 9.92213284e-01 -2.34731484e-03 5.00000000e-02
    endloop
  endfacet
  facet normal 1.38036723e-01 -9.90427111e-01 0.00000000e+00
    outer loop
      vertex 9.93844170e-01 -2.12044627e-03 -5.00000000e-02
      vertex 9.95284670e-01 -1.91968249e-03 -5.00000000e-02
      vertex 9.95284670e-01 -1.91968249e-03 5.00000000e-02
    endloop
  endfacet
  facet normal 1.38036723e-01 -9.90427111e-01 0.00000000e+00
    outer loop
      vertex 9.93844170e-01 -2.12044627e-03 -5.00000000e-02
      vertex 9.95284670e-01 -1.91968249e-03 5.00000000e-02
      vertex 9.93844170e-01 -2.12044627e-03 5.00000000e-02
    endloop
  endfacet
  facet normal 1.38261502e-01 -9.90395758e-01 0.00000000e+00
    outer loop
      vertex 9.95284670e-01 -1.91968249e-03 -5.00000000e-02
      vertex 9.96534228e-01 -1.74524131e-03 -5.00000000e-02
      vertex 9.96534228e-01 -1.74524131e-03 5.00000000e-02
    endloop
  endfacet
  facet normal 1.38261502e-01 -9.90395758e-01 0.00000000e+00
    outer loop
      vertex 9.95284670e-01 -1.91968249e-03 -5.00000000e-02
      vertex 9.96534228e-01 -1.74524131e-03 5.00000000e-02
      vertex 9.95284670e-01 -1.91968249e-03 5.00000000e-02
    endloop
  endfacet
  facet normal 1.38454825e-01 -9.90368750e-01 0.00000000e+00
    outer loop
      vertex 9.96534228e-01 -1.74524131e-03 -5.00000000e-02
      vertex 9.97592363e-01 -1.59731270e-03 -5.00000000e-02
      vertex 9.97592363e-01 -1.59731270e-03 5.00000000e-02
    endloop
  endfacet
  facet normal 1.38454825e-01 -9.90368750e-01 0.00000000e+00
    outer loop
      vertex 9.96534228e-01 -1.74524131e-03 -5.00000000e-02
      vertex 9.97592363e-01 -1.59731270e-03 5.00000000e-02
      vertex 9.96534228e-01 -1.74524131e-03 5.00000000e-02
    endloop
  endfacet
  facet normal 1.38616391e-01 -9.90346150e-01 0.00000000e+00
    outer loop
      vertex 9.97592363e-01 -1.59731270e-03 -5.00000000e-02
      vertex 9.98458667e-01 -1.47605826e-03 -5.00000000e-02
      vertex 9.98458667e-01 -1.47605826e-03 5.00000000e-02
    endloop
  endfacet
  facet normal 1.38616391e-01 -9.90346150e-01 0.00000000e+00
    outer loop
      vertex 9.97592363e-01 -1.59731270e-03 -5.00000000e-02
      vertex 9.98458667e-01 -1.47605826e-03 5.00000000e-02
      vertex 9.97592363e-01 -1.59731270e-03 5.00000000e-02
    endloop
  endfacet
  facet normal 1.38745949e-01 -9.90328007e-01 0.00000000e+00
    outer loop
      vertex 9.98458667e-01 -1.47605826e-03 -5.00000000e-02
      vertex 9.99132805e-01 -1.38161082e-03 -5.00000000e-02
      vertex 9.99132805e-01 -1.38161082e-03 5.00000000e-02
    endloop
  endfacet
  facet normal 1.38745949e-01 -9.90328007e-01 0.00000000e+00
    outer loop
      vertex 9.98458667e-01 -1.47605826e-03 -5.00000000e-02
      vertex 9.99132805e-01 -1.38161082e-03 5.00000000e-02
      vertex 9.98458667e-01 -1.47605826e-03 5.00000000e-02
    endloop
  endfacet
  facet normal 1.38843296e-01 -9.90314364e-01 0.00000000e+00
    outer loop
      vertex 9.99132805e-01 -1.38161082e-03 -5.00000000e-02
      vertex 9.99614518e-01 -1.31407405e-03 -5.00000000e-02
      vertex 9.99614518e-01 -1.31407405e-03 5.00000000e-02
    endloop
  endfacet
  facet normal 1.38843296e-01 -9.90314364e-01 0.00000000e+00
    outer loop
      vertex 9.99132805e-01 -1.38161082e-03 -5.00000000e-02
      vertex 9.99614518e-01 -1.31407405e-03 5.00000000e-02
      vertex 9.99132805e-01 -1.38161082e-03 5.00000000e-02
    endloop
  endfacet
  facet normal 1.38908280e-01 -9.90305251e-01 0.00000000e+00
    outer loop
      vertex 9.99614518e-01 -1.31407405e-03 -5.00000000e-02
      vertex 9.99903620e-01 -1.27352224e-03 -5.00000000e-02
      vertex 9.99903620e-01 -1.27352224e-03 5.00000000e-02
    endloop
  endfacet
  facet normal 1.38908280e-01 -9.90305251e-01 0.00000000e+00
    outer loop
      vertex 9.99614518e-01 -1.31407405e-03 -5.00000000e-02
      vertex 9.99903620e-01 -1.27352224e-03 5.00000000e-02
      vertex 9.99614518e-01 -1.31407405e-03 5.00000000e-02
    endloop
  endfacet
  facet normal 9.99277195e-01 -3.80143082e-02 0.00000000e+00
    outer loop
      vertex 9.99903620e-01 -1.27352224e-03 -5.00000000e-02
      vertex 1.00000000e+00 1.26000000e-03 -5.00000000e-02
      vertex 1.00000000e+00 1.26000000e-03 5.00000000e-02
    endloop
  endfacet
  facet normal 9.99277195e-01 -3.80143082e-02 0.00000000e+00
    outer loop
      vertex 9.99903620e-01 -1.27352224e-03 -5.00000000e-02
      vertex 1.00000000e+00 1.26000000e-03 5.00000000e-02
      vertex 9.99903620e-01 -1.27352224e-03 5.00000000e-02
    endloop
  endfacet
  facet normal 0.00000000e+00 0.00000000e+00 -1.00000000e+00
    outer loop
      vertex 1.00000000e+00 1.26000000e-03 -5.00000000e-02
      vertex 9.99614518e-01 1.31407405e-03 -5.00000000e-02
      vertex 9.99903620e-01 1.27352224e-03 -5.00000000e-02
    endloop
  endfacet
  facet normal 0.00000000e+00 0.00000000e+00 -1.00000000e+00
    outer loop
      vertex 1.00000000e+00 1.26000000e-03 -5.00000000e-02
      vertex 9.99132805e-01 1.38161082e-03 -5.00000000e-02
      vertex 9.99614518e-01 1.31407405e-03 -5.00000000e-02
    endloop
  endfacet
  facet normal 0.00000000e+00 0.00000000e+00 -1.00000000e+00
    outer loop
      vertex 1.00000000e+00 1.26000000e-03 -5.00000000e-02
      vertex 9.98458667e-01 1.47605826e-03 -5.00000000e-02
      vertex 9.99132805e-01 1.38161082e-03 -5.00000000e-02
    endloop
  endfacet
  facet normal 0.00000000e+00 0.00000000e+00 -1.00000000e+00
    outer loop
      vertex 1.00000000e+00 1.26000000e-03 -5.00000000e-02
      vertex 9.97592363e-01 1.59731270e-03 -5.00000000e-02
      vertex 9.98458667e-01 1.47605826e-03 -5.00000000e-02
    endloop
  endfacet
  facet normal 0.00000000e+00 0.00000000e+00 -1.00000000e+00
    outer loop
      vertex 1.00000000e+00 1.26000000e-03 -5.00000000e-02
      vertex 9.96534228e-01 1.74524131e-03 -5.00000000e-02
      vertex 9.97592363e-01 1.59731270e-03 -5.00000000e-02
    endloop
  endfacet
  facet normal 0.00000000e+00 0.00000000e+00 -1.00000000e+00
    outer loop
      vertex 1.00000000e+00 1.26000000e-03 -5.00000000e-02
      vertex 9.95284670e-01 1.91968249e-03 -5.00000000e-02
      vertex 9.96534228e-01 1.74524131e-03 -5.00000000e-02
    endloop
  endfacet
  facet normal 0.00000000e+00 0.00000000e+00 -1.00000000e+00
    outer loop
      vertex 1.00000000e+00 1.26000000e-03 -5.00000000e-02
      vertex 9.93844170e-01 2.12044627e-03 -5.00000000e-02
      vertex 9.95284670e-01 1.91968249e-03 -5.00000000e-02
    endloop
  endfacet
  facet normal 0.00000000e+00 0.00000000e+00 -1.00000000e+00
    outer loop
      vertex 1.00000000e+00 1.26000000e-03 -5.00000000e-02
      vertex 9.92213284e-01 2.34731484e-03 -5.00000000e-02
      vertex 9.93844170e-01 2.12044627e-03 -5.00000000e-02
    endloop
  endfacet
  facet normal 0.00000000e+00 0.00000000e+00 -1.00000000e+00
    outer loop
      vertex 1.00000000e+00 1.26000000e-03 -5.00000000e-02
      vertex 9.90392640e-01 2.60004312e-03 -5.00000000e-02
      vertex 9.92213284e-01 2.34731484e-03 -5.00000000e-02
    endloop
  endfacet
  facet normal 0.00000000e+00 0.00000000e+00 -1.00000000e+00
    outer loop
      vertex 1.00000000e+00 1.26000000e-03 -5.00000000e-02
      vertex 9.88382941e-01 2.87835939e-03 -5.00000000e-02
      vertex 9.90392640e-01 2.60004312e-03 -5.00000000e-02
    endloop
  endfacet
  facet normal 0.00000000e+00 0.00000000e+00 -1.00000000e+00
    outer loop
      vertex 1.00000000e+00 1.26000000e-03 -5.00000000e-02
      vertex 9.86184960e-01 3.18196599e-03 -5.00000000e-02
      vertex 9.88382941e-01 2.87835939e-03 -5.00000000e-02
    endloop
  endfacet
  facet normal 0.00000000e+00 0.00000000e+00 -1.00000000e+00
    outer loop
      vertex 1.00000000e+00 1.26000000e-03 -5.00000000e-02
      vertex 9.83799546e-01 3.51054010e-03 -5.00000000e-02
      vertex 9.86184960e-01 3.18196599e-03 -5.00000000e-02
    endloop
  endfacet
  facet normal 0.00000000e+00 0.00000000e+00 -1.00000000e+00
    outer loop
      vertex 1.00000000e+00 1.26000000e-03 -5.00000000e-02
      vertex 9.81227618e-01 3.86373450e-03 -5.00000000e-02
      vertex 9.83799546e-01 3.51054010e-03 -5.00000000e-02
    endloop
  endfacet
  facet normal 0.00000000e+00 0.00000000e+00 -1.00000000e+00
    outer loop
      vertex 1.00000000e+00 1.26000000e-03 -5.00000000e-02
      vertex 9.78470168e-01 4.24117847e-03 -5.00000000e-02
      vertex 9.81227618e-01 3.86373450e-03 -5.00000000e-02
    endloop
  endfacet
  facet normal 0.00000000e+00 0.00000000e+00 -1.00000000e+00
    outer loop
      vertex 1.00000000e+00 1.26000000e-03 -5.00000000e-02
      vertex 9.75528258e-01 4.64247870e-03 -5.00000000e-02
      vertex 9.78470168e-01 4.24117847e-03 -5.00000000e-02
    endloop
  endfacet
  facet normal 0.00000000e+00 0.00000000e+00 -1.00000000e+00
    outer loop
      vertex 1.00000000e+00 1.26000000e-03 -5.00000000e-02
      vertex 9.72403023e-01 5.06722015e-03 -5.00000000e-02
      vertex 9.75528258e-01 4.64247870e-03 -5.00000000e-02
    endloop
  endfacet
  facet normal 0.00000000e+00 0.00000000e+00 -1.00000000e+00
    outer loop
      vertex 1.00000000e+00 1.26000000e-03 -5.00000000e-02
      vertex 9.69095668e-01 5.51496711e-03 -5.00000000e-02
      vertex 9.72403023e-01 5.06722015e-03 -5.00000000e-02
    endloop
  endfacet
  facet normal 0.00000000e+00 0.00000000e+00 -1.00000000e+00
    outer loop
      vertex 1.00000000e+00 1.26000000e-03 -5.00000000e-02
      vertex 9.65607467e-01 5.98526411e-03 -5.00000000e-02
      vertex 9.69095668e-01 5.51496711e-03 -5.00000000e-02
    endloop
  endfacet
  facet normal 0.00000000e+00 0.00000000e+00 -1.00000000e+00
    outer loop
      vertex 1.00000000e+00 1.26000000e-03 -5.00000000e-02
      vertex 9.61939766e-01 6.47763698e-03 -5.00000000e-02
      vertex 9.65607467e-01 5.98526411e-03 -5.00000000e-02
    endloop
  endfacet
  facet normal 0.00000000e+00 0.00000000e+00 -1.00000000e+00
    outer loop
      vertex 1.00000000e+00 1.26000000e-03 -5.00000000e-02
      vertex 9.58093979e-01 6.99159386e-03 -5.00000000e-02
      vertex 9.61939766e-01 6.47763698e-03 -5.00000000e-02
    endloop
  endfacet
  facet normal 0.00000000e+00 0.00000000e+00 -1.00000000e+00
    outer loop
      vertex 1.00000000e+00 1.26000000e-03 -5.00000000e-02
      vertex 9.54071587e-01 7.52662619e-03 -5.00000000e-02
      vertex 9.58093979e-01 6.99159386e-03 -5.00000000e-02
    endloop
  endfacet
  facet normal 0.00000000e+00 0.00000000e+00 -1.00000000e+00
    outer loop
      vertex 1.00000000e+00 1.26000000e-03 -5.00000000e-02
      vertex 9.49874142e-01 8.08220980e-03 -5.00000000e-02
      vertex 9.54071587e-01 7.52662619e-03 -5.00000000e-02
    endloop
  endfacet
  facet normal 0.00000000e+00 0.00000000e+00 -1.00000000e+00
    outer loop
      vertex 1.00000000e+00 1.26000000e-03 -5.00000000e-02
      vertex 9.45503262e-01 8.65780588e-03 -5.00000000e-02
      vertex 9.49874142e-01 8.08220980e-03 -5.00000000e-02
    endloop
  endfacet
  facet normal 0.00000000e+00 0.00000000e+00 -1.00000000e+00
    outer loop
      vertex 1.00000000e+00 1.26000000e-03 -5.00000000e-02
      vertex 9.40960632e-01 9.25286203e-03 -5.00000000e-02
      vertex 9.45503262e-01 8.65780588e-03 -5.00000000e-02
    endloop
  endfacet
  facet normal 0.00000000e+00 0.00000000e+00 -1.00000000e+00
    outer loop
      vertex 1.00000000e+00 1.26000000e-03 -5.00000000e-02
      vertex 9.36248004e-01 9.86681320e-03 -5.00000000e-02
      vertex 9.40960632e-01 9.25286203e-03 -5.00000000e-02
    endloop
  endfacet
  facet normal 0.00000000e+00 0.00000000e+00 -1.00000000e+00
    outer loop
      vertex 1.00000000e+00 1.26000000e-03 -5.00000000e-02
      vertex 9.31367193e-01 1.04990827e-02 -5.00000000e-02
      vertex 9.36248004e-01 9.86681320e-03 -5.00000000e-02
    endloop
  endfacet
  facet normal 0.00000000e+00 0.00000000e+00 -1.00000000e+00
    outer loop
      vertex 1.00000000e+00 1.26000000e-03 -5.00000000e-02
      vertex 9.26320082e-01 1.11490832e-02 -5.00000000e-02
      vertex 9.31367193e-01 1.04990827e-02 -5.00000000e-02
    endloop
  endfacet
  facet normal 0.00000000e+00 0.00000000e+00 -1.00000000e+00
    outer loop
      vertex 1.00000000e+00 1.26000000e-03 -5.00000000e-02
      vertex 9.21108617e-01 1.18162174e-02 -5.00000000e-02
      vertex 9.26320082e-01 1.11490832e-02 -5.00000000e-02
    endloop
  endfacet
  facet normal 0.00000000e+00 0.00000000e+00 -1.00000000e+00
    outer loop
      vertex 1.00000000e+00 1.26000000e-03 -5.00000000e-02
      vertex 9.15734806e-01 1.24998793e-02 -5.00000000e-02
      vertex 9.21108617e-01 1.18162174e-02 -5.00000000e-02
    endloop
  endfacet
  facet normal 0.00000000e+00 0.00000000e+00 -1.00000000e+00
    outer loop
      vertex 1.00000000e+00 1.26000000e-03 -5.00000000e-02
      vertex 9.10200722e-01 1.31994545e-02 -5.00000000e-02
      vertex 9.15734806e-01 1.24998793e-02 -5.00000000e-02
    endloop
  endfacet
  facet normal 0.00000000e+00 0.00000000e+00 -1.00000000e+00
    outer loop
      vertex 1.00000000e+00 1.26000000e-03 -5.00000000e-02
      vertex 9.04508497e-01 1.39143215e-02 -5.00000000e-02
      vertex 9.10200722e-01 1.31994545e-02 -5.00000000e-02
    endloop
  endfacet
  facet normal 0.00000000e+00 0.00000000e+00 -1.00000000e+00
    outer loop
      vertex 1.00000000e+00 1.26000000e-03 -5.00000000e-02
      vertex 8.98660327e-01 1.46438521e-02 -5.00000000e-02
      vertex 9.04508497e-01 1.39143215e-02 -5.00000000e-02
    endloop
  endfacet
  facet normal 0.00000000e+00 0.00000000e+00 -1.00000000e+00
    outer loop
      vertex 1.00000000e+00 1.26000000e-03 -5.00000000e-02
      vertex 8.92658465e-01 1.53874122e-02 -5.00000000e-02
      vertex 8.98660327e-01 1.46438521e-02 -5.00000000e-02
    endloop
  endfacet
  facet normal 0.00000000e+00 0.00000000e+00 -1.00000000e+00
    outer loop
      vertex 1.00000000e+00 1.26000000e-03 -5.00000000e-02
      vertex 8.86505227e-01 1.61443623e-02 -5.00000000e-02
      vertex 8.92658465e-01 1.53874122e-02 -5.00000000e-02
    endloop
  endfacet
  facet normal 0.00000000e+00 0.00000000e+00 -1.00000000e+00
    outer loop
      vertex 1.00000000e+00 1.26000000e-03 -5.00000000e-02
      vertex 8.80202983e-01 1.69140581e-02 -5.00000000e-02
      vertex 8.86505227e-01 1.61443623e-02 -5.00000000e-02
    endloop
  endfacet
  facet normal 0.00000000e+00 0.00000000e+00 -1.00000000e+00
    outer loop
      vertex 1.00000000e+00 1.26000000e-03 -5.00000000e-02
      vertex 8.73754163e-01 1.76958511e-02 -5.00000000e-02
      vertex 8.80202983e-01 1.69140581e-02 -5.00000000e-02
    endloop
  endfacet
  facet normal 0.00000000e+00 0.00000000e+00 -1.00000000e+00
    outer loop
      vertex 1.00000000e+00 1.26000000e-03 -5.00000000e-02
      vertex 8.67161255e-01 1.84890889e-02 -5.00000000e-02
      vertex 8.73754163e-01 1.76958511e-02 -5.00000000e-02
    endloop
  endfacet
  facet normal 0.00000000e+00 0.00000000e+00 -1.00000000e+00
    outer loop
      vertex 1.00000000e+00 1.26000000e-03 -5.00000000e-02
      vertex 8.60426798e-01 1.92931155e-02 -5.00000000e-02
      vertex 8.67161255e-01 1.84890889e-02 -5.00000000e-02
    endloop
  endfacet
  facet normal 0.00000000e+00 0.00000000e+00 -1.00000000e+00
    outer loop
      vertex 1.00000000e+00 1.26000000e-03 -5.00000000e-02
      vertex 8.53553391e-01 2.01072719e-02 -5.00000000e-02
      vertex 8.60426798e-01 1.92931155e-02 -5.00000000e-02
    endloop
  endfacet
  facet normal 0.00000000e+00 0.00000000e+00 -1.00000000e+00
    outer loop
      vertex 1.00000000e+00 1.26000000e-03 -5.00000000e-02
      vertex 8.46543681e-01 2.09308959e-02 -5.00000000e-02
      vertex 8.53553391e-01 2.01072719e-02 -5.00000000e-02
    endloop
  endfacet
  facet normal 0.00000000e+00 0.00000000e+00 -1.00000000e+00
    outer loop
      vertex 1.00000000e+00 1.26000000e-03 -5.00000000e-02
      vertex 8.39400373e-01 2.17633227e-02 -5.00000000e-02
      vertex 8.46543681e-01 2.09308959e-02 -5.00000000e-02
    endloop
  endfacet
  facet normal 0.00000000e+00 0.00000000e+00 -1.00000000e+00
    outer loop
      vertex 1.00000000e+00 1.26000000e-03 -5.00000000e-02
      vertex 8.32126219e-01 2.26038846e-02 -5.00000000e-02
      vertex 8.39400373e-01 2.17633227e-02 -5.00000000e-02
    endloop
  endfacet
  facet normal 0.00000000e+00 0.00000000e+00 -1.00000000e+00
    outer loop
      vertex 1.00000000e+00 1.26000000e-03 -5.00000000e-02
      vertex 8.24724024e-01 2.34519114e-02 -5.00000000e-02
      vertex 8.32126219e-01 2.26038846e-02 -5.00000000e-02
    endloop
  endfacet
  facet normal 0.00000000e+00 0.00000000e+00 -1.00000000e+00
    outer loop
      vertex 1.00000000e+00 1.26000000e-03 -5.00000000e-02
      vertex 8.17196642e-01 2.43067300e-02 -5.00000000e-02
      vertex 8.24724024e-01 2.34519114e-02 -5.00000000e-02
    endloop
  endfacet
  facet normal 0.00000000e+00 0.00000000e+00 -1.00000000e+00
    outer loop
      vertex 1.00000000e+00 1.26000000e-03 -5.00000000e-02
      vertex 8.09546975e-01 2.51676648e-02 -5.00000000e-02
      vertex 8.17196642e-01 2.43067300e-02 -5.00000000e-02
    endloop
  endfacet
  facet normal 0.00000000e+00 0.00000000e+00 -1.00000000e+00
    outer loop
      vertex 1.00000000e+00 1.26000000e-03 -5.00000000e-02
      vertex 8.01777971e-01 2.60340372e-02 -5.00000000e-02
      vertex 8.09546975e-01 2.51676648e-02 -5.00000000e-02
    endloop
  endfacet
  facet normal 0.00000000e+00 0.00000000e+00 -1.00000000e+00
    outer loop
      vertex 1.00000000e+00 1.26000000e-03 -5.00000000e-02
      vertex 7.93892626e-01 2.69051656e-02 -5.00000000e-02
      vertex 8.01777971e-01 2.60340372e-02 -5.00000000e-02
    endloop
  endfacet
  facet normal 0.00000000e+00 0.00000000e+00 -1.00000000e+00
    outer loop
      vertex 1.00000000e+00 1.26000000e-03 -5.00000000e-02
      vertex 7.85893980e-01 2.77803649e-02 -5.00000000e-02
      vertex 7.93892626e-01 2.69051656e-02 -5.00000000e-02
    endloop
  endfacet
  facet normal 0.00000000e+00 0.00000000e+00 -1.00000000e+00
    outer loop
      vertex 1.00000000e+00 1.26000000e-03 -5.00000000e-02
      vertex 7.77785117e-01 2.86589468e-02 -5.00000000e-02
      vertex 7.85893980e-01 2.77803649e-02 -5.00000000e-02
    endloop
  endfacet
  facet normal 0.00000000e+00 0.00000000e+00 -1.00000000e+00
    outer loop
      vertex 1.00000000e+00 1.26000000e-03 -5.00000000e-02
      vertex 7.69569161e-01 2.95402190e-02 -5.00000000e-02
      vertex 7.77785117e-01 2.86589468e-02 -5.00000000e-02
    endloop
  endfacet
  facet normal 0.00000000e+00 0.00000000e+00 -1.00000000e+00
    outer loop
      vertex 1.00000000e+00 1.26000000e-03 -5.00000000e-02
      vertex 7.61249282e-01 3.04234850e-02 -5.00000000e-02
      vertex 7.69569161e-01 2.95402190e-02 -5.00000000e-02
    endloop
  endfacet
  facet normal 0.00000000e+00 0.00000000e+00 -1.00000000e+00
    outer loop
      vertex 1.00000000e+00 1.26000000e-03 -5.00000000e-02
      vertex 7.52828687e-01 3.13080439e-02 -5.00000000e-02
      vertex 7.61249282e-01 3.04234850e-02 -5.00000000e-02
    endloop
  endfacet
  facet normal 0.00000000e+00 0.00000000e+00 -1.00000000e+00
    outer loop
      vertex 1.00000000e+00 1.26000000e-03 -5.00000000e-02
      vertex 7.44310621e-01 3.21931898e-02 -5.00000000e-02
      vertex 7.52828687e-01 3.13080439e-02 -5.00000000e-02
    endloop
  endfacet
  facet normal 0.00000000e+00 0.00000000e+00 -1.00000000e+00
    outer loop
      vertex 1.00000000e+00 1.26000000e-03 -5.00000000e-02
      vertex 7.35698368e-01 3.30782117e-02 -5.00000000e-02
      vertex 7.44310621e-01 3.21931898e-02 -5.00000000e-02
    endloop
  endfacet
  facet normal 0.00000000e+00 0.00000000e+00 -1.00000000e+00
    outer loop
      vertex 1.00000000e+00 1.26000000e-03 -5.00000000e-02
      vertex 7.26995250e-01 3.39623928e-02 -5.00000000e-02
      vertex 7.35698368e-01 3.30782117e-02 -5.00000000e-02
    endloop
  endfacet
  facet normal 0.00000000e+00 0.00000000e+00 -1.00000000e+00
    outer loop
      vertex 1.00000000e+00 1.26000000e-03 -5.00000000e-02
      vertex 7.18204620e-01 3.48450104e-02 -5.00000000e-02
      vertex 7.26995250e-01 3.39623928e-02 -5.00000000e-02
    endloop
  endfacet
  facet normal 0.00000000e+00 0.00000000e+00 -1.00000000e+00
    outer loop
      vertex 1.00000000e+00 1.26000000e-03 -5.00000000e-02
      vertex 7.09329869e-01 3.57253353e-02 -5.00000000e-02
      vertex 7.18204620e-01 3.48450104e-02 -5.00000000e-02
    endloop
  endfacet
  facet normal 0.00000000e+00 0.00000000e+00 -1.00000000e+00
    outer loop
      vertex 1.00000000e+00 1.26000000e-03 -5.00000000e-02
      vertex 7.00374417e-01 3.66026314e-02 -5.00000000e-02
      vertex 7.09329869e-01 3.57253353e-02 -5.00000000e-02
    endloop
  endfacet
  facet normal 0.00000000e+00 0.00000000e+00 -1.00000000e+00
    outer loop
      vertex 1.00000000e+00 1.26000000e-03 -5.00000000e-02
      vertex 6.91341716e-01 3.74761558e-02 -5.00000000e-02
      vertex 7.00374417e-01 3.66026314e-02 -5.00000000e-02
    endloop
  endfacet
  facet normal 0.00000000e+00 0.00000000e+00 -1.00000000e+00
    outer loop
      vertex 1.00000000e+00 1.26000000e-03 -5.00000000e-02
      vertex 6.82235250e-01 3.83451578e-02 -5.00000000e-02
      vertex 6.91341716e-01 3.74761558e-02 -5.00000000e-02
    endloop
  endfacet
  facet normal 0.00000000e+00 0.00000000e+00 -1.00000000e+00
    outer loop
      vertex 1.00000000e+00 1.26000000e-03 -5.00000000e-02
      vertex 6.73058529e-01 3.92088792e-02 -5.00000000e-02
      vertex 6.82235250e-01 3.83451578e-02 -5.00000000e-02
    endloop
  endfacet
  facet normal 0.00000000e+00 0.00000000e+00 -1.00000000e+00
    outer loop
      vertex 1.00000000e+00 1.26000000e-03 -5.00000000e-02
      vertex 6.63815090e-01 4.00665538e-02 -5.00000000e-02
      vertex 6.73058529e-01 3.92088792e-02 -5.00000000e-02
    endloop
  endfacet
  facet normal 0.00000000e+00 0.00000000e+00 -1.00000000e+00
    outer loop
      vertex 1.00000000e+00 1.26000000e-03 -5.00000000e-02
      vertex 6.54508497e-01 4.09174072e-02 -5.00000000e-02
      vertex 6.63815090e-01 4.00665538e-02 -5.00000000e-02
    endloop
  endfacet
  facet normal 0.00000000e+00 0.00000000e+00 -1.00000000e+00
    outer loop
      vertex 1.00000000e+00 1.26000000e-03 -5.00000000e-02
      vertex 6.45142339e-01 4.17606566e-02 -5.00000000e-02
      vertex 6.54508497e-01 4.09174072e-02 -5.00000000e-02
    endloop
  endfacet
  facet normal 0.00000000e+00 0.00000000e+00 -1.00000000e+00
    outer loop
      vertex 1.00000000e+00 1.26000000e-03 -5.00000000e-02
      vertex 6.35720225e-01 4.25955110e-02 -5.00000000e-02
      vertex 6.45142339e-01 4.17606566e-02 -5.00000000e-02
    endloop
  endfacet
  facet normal 0.00000000e+00 0.00000000e+00 -1.00000000e+00
    outer loop
      vertex 1.00000000e+00 1.26000000e-03 -5.00000000e-02
      vertex 6.26245789e-01 4.34211708e-02 -5.00000000e-02
      vertex 6.35720225e-01 4.25955110e-02 -5.00000000e-02
    endloop
  endfacet
  facet normal 0.00000000e+00 0.00000000e+00 -1.00000000e+00
    outer loop
      vertex 1.00000000e+00 1.26000000e-03 -5.00000000e-02
      vertex 6.16722682e-01 4.42368282e-02 -5.00000000e-02
      vertex 6.26245789e-01 4.34211708e-02 -5.00000000e-02
    endloop
  endfacet
  facet normal 0.00000000e+00 0.00000000e+00 -1.00000000e+00
    outer loop
      vertex 1.00000000e+00 1.26000000e-03 -5.00000000e-02
      vertex 6.07154577e-01 4.50416669e-02 -5.00000000e-02
      vertex 6.16722682e-01 4.42368282e-02 -5.00000000e-02
    endloop
  endfacet
  facet normal 0.00000000e+00 0.00000000e+00 -1.00000000e+00
    outer loop
      vertex 1.00000000e+00 1.26000000e-03 -5.00000000e-02
      vertex 5.97545161e-01 4.58348629e-02 -5.00000000e-02
      vertex 6.07154577e-01 4.50416669e-02 -5.00000000e-02
    endloop
  endfacet
  facet normal 0.00000000e+00 0.00000000e+00 -1.00000000e+00
    outer loop
      vertex 1.00000000e+00 1.26000000e-03 -5.00000000e-02
      vertex 5.87898140e-01 4.66155843e-02 -5.00000000e-02
      vertex 5.97545161e-01 4.58348629e-02 -5.00000000e-02
    endloop
  endfacet
  facet normal 0.00000000e+00 0.00000000e+00 -1.00000000e+00
    outer loop
      vertex 1.00000000e+00 1.26000000e-03 -5.00000000e-02
      vertex 5.78217233e-01 4.73829917e-02 -5.00000000e-02
      vertex 5.87898140e-01 4.66155843e-02 -5.00000000e-02
    endloop
  endfacet
  facet normal 0.00000000e+00 0.00000000e+00 -1.00000000e+00
    outer loop
      vertex 1.00000000e+00 1.26000000e-03 -5.00000000e-02
      vertex 5.68506171e-01 4.81362390e-02 -5.00000000e-02
      vertex 5.78217233e-01 4.73829917e-02 -5.00000000e-02
    endloop
  endfacet
  facet normal 0.00000000e+00 0.00000000e+00 -1.00000000e+00
    outer loop
      vertex 1.00000000e+00 1.26000000e-03 -5.00000000e-02
      vertex 5.58768699e-01 4.88744736e-02 -5.00000000e-02
      vertex 5.68506171e-01 4.81362390e-02 -5.00000000e-02
    endloop
  endfacet
  facet normal 0.00000000e+00 0.00000000e+00 -1.00000000e+00
    outer loop
      vertex 1.00000000e+00 1.26000000e-03 -5.00000000e-02
      vertex 5.49008570e-01 4.95968372e-02 -5.00000000e-02
      vertex 5.58768699e-01 4.88744736e-02 -5.00000000e-02
    endloop
  endfacet
  facet normal 0.00000000e+00 0.00000000e+00 -1.00000000e+00
    outer loop
      vertex 1.00000000e+00 1.26000000e-03 -5.00000000e-02
      vertex 5.39229548e-01 5.03024666e-02 -5.00000000e-02
      vertex 5.49008570e-01 4.95968372e-02 -5.00000000e-02
    endloop
  endfacet
  facet normal 0.00000000e+00 0.00000000e+00 -1.00000000e+00
    outer loop
      vertex 1.00000000e+00 1.26000000e-03 -5.00000000e-02
      vertex 5.29435402e-01 5.09904944e-02 -5.00000000e-02
      vertex 5.39229548e-01 5.03024666e-02 -5.00000000e-02
    endloop
  endfacet
  facet normal 0.00000000e+00 0.00000000e+00 -1.00000000e+00
    outer loop
      vertex 1.00000000e+00 1.26000000e-03 -5.00000000e-02
      vertex 5.19629908e-01 5.16600499e-02 -5.00000000e-02
      vertex 5.29435402e-01 5.09904944e-02 -5.00000000e-02
    endloop
  endfacet
  facet normal 0.00000000e+00 0.00000000e+00 -1.00000000e+00
    outer loop
      vertex 1.00000000e+00 1.26000000e-03 -5.00000000e-02
      vertex 5.09816846e-01 5.23102604e-02 -5.00000000e-02
      vertex 5.19629908e-01 5.16600499e-02 -5.00000000e-02
    endloop
  endfacet
  facet normal 0.00000000e+00 0.00000000e+00 -1.00000000e+00
    outer loop
      vertex 1.00000000e+00 1.26000000e-03 -5.00000000e-02
      vertex 5.00000000e-01 5.29402520e-02 -5.00000000e-02
      vertex 5.09816846e-01 5.23102604e-02 -5.00000000e-02
    endloop
  endfacet
  facet normal 0.00000000e+00 0.00000000e+00 -1.00000000e+00
    outer loop
      vertex 1.00000000e+00 1.26000000e-03 -5.00000000e-02
      vertex 4.90183154e-01 5.35491509e-02 -5.00000000e-02
      vertex 5.00000000e-01 5.29402520e-02 -5.00000000e-02
    endloop
  endfacet
  facet normal 0.00000000e+00 0.00000000e+00 -1.00000000e+00
    outer loop
      vertex 1.00000000e+00 1.26000000e-03 -5.00000000e-02
      vertex 4.80370092e-01 5.41360847e-02 -5.00000000e-02
      vertex 4.90183154e-01 5.35491509e-02 -5.00000000e-02
    endloop
  endfacet
  facet normal 0.00000000e+00 0.00000000e+00 -1.00000000e+00
    outer loop
      vertex 1.00000000e+00 1.26000000e-03 -5.00000000e-02
      vertex 4.70564598e-01 5.47001839e-02 -5.00000000e-02
      vertex 4.80370092e-01 5.41360847e-02 -5.00000000e-02
    endloop
  endfacet
  facet normal 0.00000000e+00 0.00000000e+00 -1.00000000e+00
    outer loop
      vertex 1.00000000e+00 1.26000000e-03 -5.00000000e-02
      vertex 4.60770452e-01 5.52405832e-02 -5.00000000e-02
      vertex 4.70564598e-01 5.47001839e-02 -5.00000000e-02
    endloop
  endfacet
  facet normal 0.00000000e+00 0.00000000e+00 -1.00000000e+00
    outer loop
      vertex 1.00000000e+00 1.26000000e-03 -5.00000000e-02
      vertex 4.50991430e-01 5.57564229e-02 -5.00000000e-02
      vertex 4.60770452e-01 5.52405832e-02 -5.00000000e-02
    endloop
  endfacet
  facet normal 0.00000000e+00 0.00000000e+00 -1.00000000e+00
    outer loop
      vertex 1.00000000e+00 1.26000000e-03 -5.00000000e-02
      vertex 4.41231301e-01 5.62468509e-02 -5.00000000e-02
      vertex 4.50991430e-01 5.57564229e-02 -5.00000000e-02
    endloop
  endfacet
  facet normal 0.00000000e+00 0.00000000e+00 -1.00000000e+00
    outer loop
      vertex 1.00000000e+00 1.26000000e-03 -5.00000000e-02
      vertex 4.31493829e-01 5.67110240e-02 -5.00000000e-02
      vertex 4.41231301e-01 5.62468509e-02 -5.00000000e-02
    endloop
  endfacet
  facet normal 0.00000000e+00 0.00000000e+00 -1.00000000e+00
    outer loop
      vertex 1.00000000e+00 1.26000000e-03 -5.00000000e-02
      vertex 4.21782767e-01 5.71481096e-02 -5.00000000e-02
      vertex 4.31493829e-01 5.67110240e-02 -5.00000000e-02
    endloop
  endfacet
  facet normal 0.00000000e+00 0.00000000e+00 -1.00000000e+00
    outer loop
      vertex 1.00000000e+00 1.26000000e-03 -5.00000000e-02
      vertex 4.12101860e-01 5.75572878e-02 -5.00000000e-02
      vertex 4.21782767e-01 5.71481096e-02 -5.00000000e-02
    endloop
  endfacet
  facet normal 0.00000000e+00 0.00000000e+00 -1.00000000e+00
    outer loop
      vertex 1.00000000e+00 1.26000000e-03 -5.00000000e-02
      vertex 4.02454839e-01 5.79377529e-02 -5.00000000e-02
      vertex 4.12101860e-01 5.75572878e-02 -5.00000000e-02
    endloop
  endfacet
  facet normal 0.00000000e+00 0.00000000e+00 -1.00000000e+00
    outer loop
      vertex 1.00000000e+00 1.26000000e-03 -5.00000000e-02
      vertex 3.92845423e-01 5.82887153e-02 -5.00000000e-02
      vertex 4.02454839e-01 5.79377529e-02 -5.00000000e-02
    endloop
  endfacet
  facet normal 0.00000000e+00 0.00000000e+00 -1.00000000e+00
    outer loop
      vertex 1.00000000e+00 1.26000000e-03 -5.00000000e-02
      vertex 3.83277318e-01 5.86094035e-02 -5.00000000e-02
      vertex 3.92845423e-01 5.82887153e-02 -5.00000000e-02
    endloop
  endfacet
  facet normal 0.00000000e+00 0.00000000e+00 -1.00000000e+00
    outer loop
      vertex 1.00000000e+00 1.26000000e-03 -5.00000000e-02
      vertex 3.73754211e-01 5.88990656e-02 -5.00000000e-02
      vertex 3.83277318e-01 5.86094035e-02 -5.00000000e-02
    endloop
  endfacet
  facet normal 0.00000000e+00 0.00000000e+00 -1.00000000e+00
    outer loop
      vertex 1.00000000e+00 1.26000000e-03 -5.00000000e-02
      vertex 3.64279775e-01 5.91569718e-02 -5.00000000e-02
      vertex 3.73754211e-01 5.88990656e-02 -5.00000000e-02
    endloop
  endfacet
  facet normal 0.00000000e+00 0.00000000e+00 -1.00000000e+00
    outer loop
      vertex 1.00000000e+00 1.26000000e-03 -5.00000000e-02
      vertex 3.54857661e-01 5.93824158e-02 -5.00000000e-02
      vertex 3.64279775e-01 5.91569718e-02 -5.00000000e-02
    endloop
  endfacet
  facet normal 0.00000000e+00 0.00000000e+00 -1.00000000e+00
    outer loop
      vertex 1.00000000e+00 1.26000000e-03 -5.00000000e-02
      vertex 3.45491503e-01 5.95747168e-02 -5.00000000e-02
      vertex 3.54857661e-01 5.93824158e-02 -5.00000000e-02
    endloop
  endfacet
  facet normal 0.00000000e+00 0.00000000e+00 -1.00000000e+00
    outer loop
      vertex 1.00000000e+00 1.26000000e-03 -5.00000000e-02
      vertex 3.36184910e-01 5.97332212e-02 -5.00000000e-02
      vertex 3.45491503e-01 5.95747168e-02 -5.00000000e-02
    endloop
  endfacet
  facet normal 0.00000000e+00 0.00000000e+00 -1.00000000e+00
    outer loop
      vertex 1.00000000e+00 1.26000000e-03 -5.00000000e-02
      vertex 3.26941471e-01 5.98573050e-02 -5.00000000e-02
      vertex 3.36184910e-01 5.97332212e-02 -5.00000000e-02
    endloop
  endfacet
  facet normal 0.00000000e+00 0.00000000e+00 -1.00000000e+00
    outer loop
      vertex 1.00000000e+00 1.26000000e-03 -5.00000000e-02
      vertex 3.17764750e-01 5.99463746e-02 -5.00000000e-02
      vertex 3.26941471e-01 5.98573050e-02 -5.00000000e-02
    endloop
  endfacet
  facet normal 0.00000000e+00 0.00000000e+00 -1.00000000e+00
    outer loop
      vertex 1.00000000e+00 1.26000000e-03 -5.00000000e-02
      vertex 3.08658284e-01 5.99998697e-02 -5.00000000e-02
      vertex 3.17764750e-01 5.99463746e-02 -5.00000000e-02
    endloop
  endfacet
  facet normal 0.00000000e+00 0.00000000e+00 -1.00000000e+00
    outer loop
      vertex 1.00000000e+00 1.26000000e-03 -5.00000000e-02
      vertex 2.99625583e-01 6.00172638e-02 -5.00000000e-02
      vertex 3.08658284e-01 5.99998697e-02 -5.00000000e-02
    endloop
  endfacet
  facet normal 0.00000000e+00 0.00000000e+00 -1.00000000e+00
    outer loop
      vertex 1.00000000e+00 1.26000000e-03 -5.00000000e-02
      vertex 2.90670131e-01 5.99980667e-02 -5.00000000e-02
      vertex 2.99625583e-01 6.00172638e-02 -5.00000000e-02
    endloop
  endfacet
  facet normal 0.00000000e+00 0.00000000e+00 -1.00000000e+00
    outer loop
      vertex 1.00000000e+00 1.26000000e-03 -5.00000000e-02
      vertex 2.81795380e-01 5.99418255e-02 -5.00000000e-02
      vertex 2.90670131e-01 5.99980667e-02 -5.00000000e-02
    endloop
  endfacet
  facet normal 0.00000000e+00 0.00000000e+00 -1.00000000e+00
    outer loop
      vertex 1.00000000e+00 1.26000000e-03 -5.00000000e-02
      vertex 2.73004750e-01 5.98481262e-02 -5.00000000e-02
      vertex 2.81795380e-01 5.99418255e-02 -5.00000000e-02
    endloop
  endfacet
  facet normal 0.00000000e+00 0.00000000e+00 -1.00000000e+00
    outer loop
      vertex 1.00000000e+00 1.26000000e-03 -5.00000000e-02
      vertex 2.64301632e-01 5.97165950e-02 -5.00000000e-02
      vertex 2.73004750e-01 5.98481262e-02 -5.00000000e-02
    endloop
  endfacet
  facet normal 0.00000000e+00 0.00000000e+00 -1.00000000e+00
    outer loop
      vertex 1.00000000e+00 1.26000000e-03 -5.00000000e-02
      vertex 2.55689379e-01 5.95468995e-02 -5.00000000e-02
      vertex 2.64301632e-01 5.97165950e-02 -5.00000000e-02
    endloop
  endfacet
  facet normal 0.00000000e+00 0.00000000e+00 -1.00000000e+00
    outer loop
      vertex 1.00000000e+00 1.26000000e-03 -5.00000000e-02
      vertex 2.47171313e-01 5.93387498e-02 -5.00000000e-02
      vertex 2.55689379e-01 5.95468995e-02 -5.00000000e-02
    endloop
  endfacet
  facet normal 0.00000000e+00 0.00000000e+00 -1.00000000e+00
    outer loop
      vertex 1.00000000e+00 1.26000000e-03 -5.00000000e-02
      vertex 2.38750718e-01 5.90918996e-02 -5.00000000e-02
      vertex 2.47171313e-01 5.93387498e-02 -5.00000000e-02
    endloop
  endfacet
  facet normal 0.00000000e+00 0.00000000e+00 -1.00000000e+00
    outer loop
      vertex 1.00000000e+00 1.26000000e-03 -5.00000000e-02
      vertex 2.30430839e-01 5.88061467e-02 -5.00000000e-02
      vertex 2.38750718e-01 5.90918996e-02 -5.00000000e-02
    endloop
  endfacet
  facet normal 0.00000000e+00 0.00000000e+00 -1.00000000e+00
    outer loop
      vertex 1.00000000e+00 1.26000000e-03 -5.00000000e-02
      vertex 2.22214883e-01 5.84813342e-02 -5.00000000e-02
      vertex 2.30430839e-01 5.88061467e-02 -5.00000000e-02
    endloop
  endfacet
  facet normal 0.00000000e+00 0.00000000e+00 -1.00000000e+00
    outer loop
      vertex 1.00000000e+00 1.26000000e-03 -5.00000000e-02
      vertex 2.14106020e-01 5.81173505e-02 -5.00000000e-02
      vertex 2.22214883e-01 5.84813342e-02 -5.00000000e-02
    endloop
  endfacet
  facet normal 0.00000000e+00 0.00000000e+00 -1.00000000e+00
    outer loop
      vertex 1.00000000e+00 1.26000000e-03 -5.00000000e-02
      vertex 2.06107374e-01 5.77141302e-02 -5.00000000e-02
      vertex 2.14106020e-01 5.81173505e-02 -5.00000000e-02
    endloop
  endfacet
  facet normal 0.00000000e+00 0.00000000e+00 -1.00000000e+00
    outer loop
      vertex 1.00000000e+00 1.26000000e-03 -5.00000000e-02
      vertex 1.98222029e-01 5.72716542e-02 -5.00000000e-02
      vertex 2.06107374e-01 5.77141302e-02 -5.00000000e-02
    endloop
  endfacet
  facet normal 0.00000000e+00 0.00000000e+00 -1.00000000e+00
    outer loop
      vertex 1.00000000e+00 1.26000000e-03 -5.00000000e-02
      vertex 1.90453025e-01 5.67899496e-02 -5.00000000e-02
      vertex 1.98222029e-01 5.72716542e-02 -5.00000000e-02
    endloop
  endfacet
  facet normal 0.00000000e+00 0.00000000e+00 -1.00000000e+00
    outer loop
      vertex 1.00000000e+00 1.26000000e-03 -5.00000000e-02
      vertex 1.82803358e-01 5.62690898e-02 -5.00000000e-02
      vertex 1.90453025e-01 5.67899496e-02 -5.00000000e-02
    endloop
  endfacet
  facet normal 0.00000000e+00 0.00000000e+00 -1.00000000e+00
    outer loop
      vertex 1.00000000e+00 1.26000000e-03 -5.00000000e-02
      vertex 1.75275976e-01 5.57091943e-02 -5.00000000e-02
      vertex 1.82803358e-01 5.62690898e-02 -5.00000000e-02
    endloop
  endfacet
  facet normal 0.00000000e+00 0.00000000e+00 -1.00000000e+00
    outer loop
      vertex 1.00000000e+00 1.26000000e-03 -5.00000000e-02
      vertex 1.67873781e-01 5.51104282e-02 -5.00000000e-02
      vertex 1.75275976e-01 5.57091943e-02 -5.00000000e-02
    endloop
  endfacet
  facet normal 0.00000000e+00 0.00000000e+00 -1.00000000e+00
    outer loop
      vertex 1.00000000e+00 1.26000000e-03 -5.00000000e-02
      vertex 1.60599627e-01 5.44730018e-02 -5.00000000e-02
      vertex 1.67873781e-01 5.51104282e-02 -5.00000000e-02
    endloop
  endfacet
  facet normal 0.00000000e+00 0.00000000e+00 -1.00000000e+00
    outer loop
      vertex 1.00000000e+00 1.26000000e-03 -5.00000000e-02
      vertex 1.53456319e-01 5.37971696e-02 -5.00000000e-02
      vertex 1.60599627e-01 5.44730018e-02 -5.00000000e-02
    endloop
  endfacet
  facet normal 0.00000000e+00 0.00000000e+00 -1.00000000e+00
    outer loop
      vertex 1.00000000e+00 1.26000000e-03 -5.00000000e-02
      vertex 1.46446609e-01 5.30832297e-02 -5.00000000e-02
      vertex 1.53456319e-01 5.37971696e-02 -5.00000000e-02
    endloop
  endfacet
  facet normal 0.00000000e+00 0.00000000e+00 -1.00000000e+00
    outer loop
      vertex 1.00000000e+00 1.26000000e-03 -5.00000000e-02
      vertex 1.39573202e-01 5.23315223e-02 -5.00000000e-02
      vertex 1.46446609e-01 5.30832297e-02 -5.00000000e-02
    endloop
  endfacet
  facet normal 0.00000000e+00 0.00000000e+00 -1.00000000e+00
    outer loop
      vertex 1.00000000e+00 1.26000000e-03 -5.00000000e-02
      vertex 1.32838745e-01 5.15424291e-02 -5.00000000e-02
      vertex 1.39573202e-01 5.23315223e-02 -5.00000000e-02
    endloop
  endfacet
  facet normal 0.00000000e+00 0.00000000e+00 -1.00000000e+00
    outer loop
      vertex 1.00000000e+00 1.26000000e-03 -5.00000000e-02
      vertex 1.26245837e-01 5.07163713e-02 -5.00000000e-02
      vertex 1.32838745e-01 5.15424291e-02 -5.00000000e-02
    endloop
  endfacet
  facet normal 0.00000000e+00 0.00000000e+00 -1.00000000e+00
    outer loop
      vertex 1.00000000e+00 1.26000000e-03 -5.00000000e-02
      vertex 1.19797017e-01 4.98538084e-02 -5.00000000e-02
      vertex 1.26245837e-01 5.07163713e-02 -5.00000000e-02
    endloop
  endfacet
  facet normal 0.00000000e+00 0.00000000e+00 -1.00000000e+00
    outer loop
      vertex 1.00000000e+00 1.26000000e-03 -5.00000000e-02
      vertex 1.13494773e-01 4.89552364e-02 -5.00000000e-02
      vertex 1.19797017e-01 4.98538084e-02 -5.00000000e-02
    endloop
  endfacet
  facet normal 0.00000000e+00 0.00000000e+00 -1.00000000e+00
    outer loop
      vertex 1.00000000e+00 1.26000000e-03 -5.00000000e-02
      vertex 1.07341535e-01 4.80211859e-02 -5.00000000e-02
      vertex 1.13494773e-01 4.89552364e-02 -5.00000000e-02
    endloop
  endfacet
  facet normal 0.00000000e+00 0.00000000e+00 -1.00000000e+00
    outer loop
      vertex 1.00000000e+00 1.26000000e-03 -5.00000000e-02
      vertex 1.01339673e-01 4.70522202e-02 -5.00000000e-02
      vertex 1.07341535e-01 4.80211859e-02 -5.00000000e-02
    endloop
  endfacet
  facet normal 0.00000000e+00 0.00000000e+00 -1.00000000e+00
    outer loop
      vertex 1.00000000e+00 1.26000000e-03 -5.00000000e-02
      vertex 9.54915028e-02 4.60489332e-02 -5.00000000e-02
      vertex 1.01339673e-01 4.70522202e-02 -5.00000000e-02
    endloop
  endfacet
  facet normal 0.00000000e+00 0.00000000e+00 -1.00000000e+00
    outer loop
      vertex 1.00000000e+00 1.26000000e-03 -5.00000000e-02
      vertex 8.97992782e-02 4.50119470e-02 -5.00000000e-02
      vertex 9.54915028e-02 4.60489332e-02 -5.00000000e-02
    endloop
  endfacet
  facet normal 0.00000000e+00 0.00000000e+00 -1.00000000e+00
    outer loop
      vertex 1.00000000e+00 1.26000000e-03 -5.00000000e-02
      vertex 8.42651938e-02 4.39419099e-02 -5.00000000e-02
      vertex 8.97992782e-02 4.50119470e-02 -5.00000000e-02
    endloop
  endfacet
  facet normal 0.00000000e+00 0.00000000e+00 -1.00000000e+00
    outer loop
      vertex 1.00000000e+00 1.26000000e-03 -5.00000000e-02
      vertex 7.88913831e-02 4.28394934e-02 -5.00000000e-02
      vertex 8.42651938e-02 4.39419099e-02 -5.00000000e-02
    endloop
  endfacet
  facet normal 0.00000000e+00 0.00000000e+00 -1.00000000e+00
    outer loop
      vertex 1.00000000e+00 1.26000000e-03 -5.00000000e-02
      vertex 7.36799178e-02 4.17053902e-02 -5.00000000e-02
      vertex 7.88913831e-02 4.28394934e-02 -5.00000000e-02
    endloop
  endfacet
  facet normal 0.00000000e+00 0.00000000e+00 -1.00000000e+00
    outer loop
      vertex 1.00000000e+00 1.26000000e-03 -5.00000000e-02
      vertex 6.86328070e-02 4.05403113e-02 -5.00000000e-02
      vertex 7.36799178e-02 4.17053902e-02 -5.00000000e-02
    endloop
  endfacet
  facet normal 0.00000000e+00 0.00000000e+00 -1.00000000e+00
    outer loop
      vertex 1.00000000e+00 1.26000000e-03 -5.00000000e-02
      vertex 6.37519965e-02 3.93449830e-02 -5.00000000e-02
      vertex 6.86328070e-02 4.05403113e-02 -5.00000000e-02
    endloop
  endfacet
  facet normal 0.00000000e+00 0.00000000e+00 -1.00000000e+00
    outer loop
      vertex 1.00000000e+00 1.26000000e-03 -5.00000000e-02
      vertex 5.90393678e-02 3.81201448e-02 -5.00000000e-02
      vertex 6.37519965e-02 3.93449830e-02 -5.00000000e-02
    endloop
  endfacet
  facet normal 0.00000000e+00 0.00000000e+00 -1.00000000e+00
    outer loop
      vertex 1.00000000e+00 1.26000000e-03 -5.00000000e-02
      vertex 5.44967379e-02 3.68665459e-02 -5.00000000e-02
      vertex 5.90393678e-02 3.81201448e-02 -5.00000000e-02
    endloop
  endfacet
  facet normal 0.00000000e+00 0.00000000e+00 -1.00000000e+00
    outer loop
      vertex 1.00000000e+00 1.26000000e-03 -5.00000000e-02
      vertex 5.01258580e-02 3.55849430e-02 -5.00000000e-02
      vertex 5.44967379e-02 3.68665459e-02 -5.00000000e-02
    endloop
  endfacet
  facet normal 0.00000000e+00 0.00000000e+00 -1.00000000e+00
    outer loop
      vertex 1.00000000e+00 1.26000000e-03 -5.00000000e-02
      vertex 4.59284131e-02 3.42760966e-02 -5.00000000e-02
      vertex 5.01258580e-02 3.55849430e-02 -5.00000000e-02
    endloop
  endfacet
  facet normal 0.00000000e+00 0.00000000e+00 -1.00000000e+00
    outer loop
      vertex 1.00000000e+00 1.26000000e-03 -5.00000000e-02
      vertex 4.19060214e-02 3.29407689e-02 -5.00000000e-02
      vertex 4.59284131e-02 3.42760966e-02 -5.00000000e-02
    endloop
  endfacet
  facet normal 0.00000000e+00 0.00000000e+00 -1.00000000e+00
    outer loop
      vertex 1.00000000e+00 1.26000000e-03 -5.00000000e-02
      vertex 3.80602337e-02 3.15797204e-02 -5.00000000e-02
      vertex 4.19060214e-02 3.29407689e-02 -5.00000000e-02
    endloop
  endfacet
  facet normal 0.00000000e+00 0.00000000e+00 -1.00000000e+00
    outer loop
      vertex 1.00000000e+00 1.26000000e-03 -5.00000000e-02
      vertex 3.43925326e-02 3.01937071e-02 -5.00000000e-02
      vertex 3.80602337e-02 3.15797204e-02 -5.00000000e-02
    endloop
  endfacet
  facet normal 0.00000000e+00 0.00000000e+00 -1.00000000e+00
    outer loop
      vertex 1.00000000e+00 1.26000000e-03 -5.00000000e-02
      vertex 3.09043320e-02 2.87834779e-02 -5.00000000e-02
      vertex 3.43925326e-02 3.01937071e-02 -5.00000000e-02
    endloop
  endfacet
  facet normal 0.00000000e+00 0.00000000e+00 -1.00000000e+00
    outer loop
      vertex 1.00000000e+00 1.26000000e-03 -5.00000000e-02
      vertex 2.75969768e-02 2.73497713e-02 -5.00000000e-02
      vertex 3.09043320e-02 2.87834779e-02 -5.00000000e-02
    endloop
  endfacet
  facet normal 0.00000000e+00 0.00000000e+00 -1.00000000e+00
    outer loop
      vertex 1.00000000e+00 1.26000000e-03 -5.00000000e-02
      vertex 2.44717419e-02 2.58933132e-02 -5.00000000e-02
      vertex 2.75969768e-02 2.73497713e-02 -5.00000000e-02
    endloop
  endfacet
  facet normal 0.00000000e+00 0.00000000e+00 -1.00000000e+00
    outer loop
      vertex 1.00000000e+00 1.26000000e-03 -5.00000000e-02
      vertex 2.15298321e-02 2.44148136e-02 -5.00000000e-02
      vertex 2.44717419e-02 2.58933132e-02 -5.00000000e-02
    endloop
  endfacet
  facet normal 0.00000000e+00 0.00000000e+00 -1.00000000e+00
    outer loop
      vertex 1.00000000e+00 1.26000000e-03 -5.00000000e-02
      vertex 1.87723818e-02 2.29149646e-02 -5.00000000e-02
      vertex 2.15298321e-02 2.44148136e-02 -5.00000000e-02
    endloop
  endfacet
  facet normal 0.00000000e+00 0.00000000e+00 -1.00000000e+00
    outer loop
      vertex 1.00000000e+00 1.26000000e-03 -5.00000000e-02
      vertex 1.62004538e-02 2.13944373e-02 -5.00000000e-02
      vertex 1.87723818e-02 2.29149646e-02 -5.00000000e-02
    endloop
  endfacet
  facet normal 0.00000000e+00 0.00000000e+00 -1.00000000e+00
    outer loop
      vertex 1.00000000e+00 1.26000000e-03 -5.00000000e-02
      vertex 1.38150398e-02 1.98538797e-02 -5.00000000e-02
      vertex 1.62004538e-02 2.13944373e-02 -5.00000000e-02
    endloop
  endfacet
  facet normal 0.00000000e+00 0.00000000e+00 -1.00000000e+00
    outer loop
      vertex 1.00000000e+00 1.26000000e-03 -5.00000000e-02
      vertex 1.16170593e-02 1.82939143e-02 -5.00000000e-02
      vertex 1.38150398e-02 1.98538797e-02 -5.00000000e-02
    endloop
  endfacet
  facet normal 0.00000000e+00 0.00000000e+00 -1.00000000e+00
    outer loop
      vertex 1.00000000e+00 1.26000000e-03 -5.00000000e-02
      vertex 9.60735980e-03 1.67151358e-02 -5.00000000e-02
      vertex 1.16170593e-02 1.82939143e-02 -5.00000000e-02
    endloop
  endfacet
  facet normal 0.00000000e+00 0.00000000e+00 -1.00000000e+00
    outer loop
      vertex 1.00000000e+00 1.26000000e-03 -5.00000000e-02
      vertex 7.78671596e-03 1.51181093e-02 -5.00000000e-02
      vertex 9.60735980e-03 1.67151358e-02 -5.00000000e-02
    endloop
  endfacet
  facet normal 0.00000000e+00 0.00000000e+00 -1.00000000e+00
    outer loop
      vertex 1.00000000e+00 1.26000000e-03 -5.00000000e-02
      vertex 6.15582970e-03 1.35033681e-02 -5.00000000e-02
      vertex 7.78671596e-03 1.51181093e-02 -5.00000000e-02
    endloop
  endfacet
  facet normal 0.00000000e+00 0.00000000e+00 -1.00000000e+00
    outer loop
      vertex 1.00000000e+00 1.26000000e-03 -5.00000000e-02
      vertex 4.71532978e-03 1.18714120e-02 -5.00000000e-02
      vertex 6.15582970e-03 1.35033681e-02 -5.00000000e-02
    endloop
  endfacet
  facet normal 0.00000000e+00 0.00000000e+00 -1.00000000e+00
    outer loop
      vertex 1.00000000e+00 1.26000000e-03 -5.00000000e-02
      vertex 3.46577152e-03 1.02227058e-02 -5.00000000e-02
      vertex 4.71532978e-03 1.18714120e-02 -5.00000000e-02
    endloop
  endfacet
  facet normal 0.00000000e+00 0.00000000e+00 -1.00000000e+00
    outer loop
      vertex 1.00000000e+00 1.26000000e-03 -5.00000000e-02
      vertex 2.40763666e-03 8.55767768e-03 -5.00000000e-02
      vertex 3.46577152e-03 1.02227058e-02 -5.00000000e-02
    endloop
  endfacet
  facet normal 0.00000000e+00 0.00000000e+00 -1.00000000e+00
    outer loop
      vertex 1.00000000e+00 1.26000000e-03 -5.00000000e-02
      vertex 1.54133313e-03 6.87671824e-03 -5.00000000e-02
      vertex 2.40763666e-03 8.55767768e-03 -5.00000000e-02
    endloop
  endfacet
  facet normal 0.00000000e+00 0.00000000e+00 -1.00000000e+00
    outer loop
      vertex 1.00000000e+00 1.26000000e-03 -5.00000000e-02
      vertex 8.67194908e-04 5.18017911e-03 -5.00000000e-02
      vertex 1.54133313e-03 6.87671824e-03 -5.00000000e-02
    endloop
  endfacet
  facet normal 0.00000000e+00 0.00000000e+00 -1.00000000e+00
    outer loop
      vertex 1.00000000e+00 1.26000000e-03 -5.00000000e-02
      vertex 3.85481880e-04 3.46837221e-03 -5.00000000e-02
      vertex 8.67194908e-04 5.18017911e-03 -5.00000000e-02
    endloop
  endfacet
  facet normal 0.00000000e+00 0.00000000e+00 -1.00000000e+00
    outer loop
      vertex 1.00000000e+00 1.26000000e-03 -5.00000000e-02
      vertex 9.63797590e-05 1.74156900e-03 -5.00000000e-02
      vertex 3.85481880e-04 3.46837221e-03 -5.00000000e-02
    endloop
  endfacet
  facet normal -0.00000000e+00 0.00000000e+00 -1.00000000e+00
    outer loop
      vertex 1.00000000e+00 1.26000000e-03 -5.00000000e-02
      vertex 0.00000000e+00 1.78140000e-07 -5.00000000e-02
      vertex 9.63797590e-05 1.74156900e-03 -5.00000000e-02
    endloop
  endfacet
  facet normal 0.00000000e+00 0.00000000e+00 -1.00000000e+00
    outer loop
      vertex 1.00000000e+00 1.26000000e-03 -5.00000000e-02
      vertex 9.63797590e-05 -1.74156900e-03 -5.00000000e-02
      vertex 0.00000000e+00 1.78140000e-07 -5.00000000e-02
    endloop
  endfacet
  facet normal 0.00000000e+00 0.00000000e+00 -1.00000000e+00
    outer loop
      vertex 1.00000000e+00 1.26000000e-03 -5.00000000e-02
      vertex 3.85481880e-04 -3.46837221e-03 -5.00000000e-02
      vertex 9.63797590e-05 -1.74156900e-03 -5.00000000e-02
    endloop
  endfacet
  facet normal 0.00000000e+00 0.00000000e+00 -1.00000000e+00
    outer loop
      vertex 1.00000000e+00 1.26000000e-03 -5.00000000e-02
      vertex 8.67194908e-04 -5.18017911e-03 -5.00000000e-02
      vertex 3.85481880e-04 -3.46837221e-03 -5.00000000e-02
    endloop
  endfacet
  facet normal 0.00000000e+00 0.00000000e+00 -1.00000000e+00
    outer loop
      vertex 1.00000000e+00 1.26000000e-03 -5.00000000e-02
      vertex 1.54133313e-03 -6.87671824e-03 -5.00000000e-02
      vertex 8.67194908e-04 -5.18017911e-03 -5.00000000e-02
    endloop
  endfacet
  facet normal 0.00000000e+00 0.00000000e+00 -1.00000000e+00
    outer loop
      vertex 1.00000000e+00 1.26000000e-03 -5.00000000e-02
      vertex 2.40763666e-03 -8.55767768e-03 -5.00000000e-02
      vertex 1.54133313e-03 -6.87671824e-03 -5.00000000e-02
    endloop
  endfacet
  facet normal 0.00000000e+00 0.00000000e+00 -1.00000000e+00
    outer loop
      vertex 1.00000000e+00 1.26000000e-03 -5.00000000e-02
      vertex 3.46577152e-03 -1.02227058e-02 -5.00000000e-02
      vertex 2.40763666e-03 -8.55767768e-03 -5.00000000e-02
    endloop
  endfacet
  facet normal 0.00000000e+00 0.00000000e+00 -1.00000000e+00
    outer loop
      vertex 1.00000000e+00 1.26000000e-03 -5.00000000e-02
      vertex 4.71532978e-03 -1.18714120e-02 -5.00000000e-02
      vertex 3.46577152e-03 -1.02227058e-02 -5.00000000e-02
    endloop
  endfacet
  facet normal 0.00000000e+00 0.00000000e+00 -1.00000000e+00
    outer loop
      vertex 1.00000000e+00 1.26000000e-03 -5.00000000e-02
      vertex 6.15582970e-03 -1.35033681e-02 -5.00000000e-02
      vertex 4.71532978e-03 -1.18714120e-02 -5.00000000e-02
    endloop
  endfacet
  facet normal 0.00000000e+00 0.00000000e+00 -1.00000000e+00
    outer loop
      vertex 1.00000000e+00 1.26000000e-03 -5.00000000e-02
      vertex 7.78671596e-03 -1.51181093e-02 -5.00000000e-02
      vertex 6.15582970e-03 -1.35033681e-02 -5.00000000e-02
    endloop
  endfacet
  facet normal 0.00000000e+00 0.00000000e+00 -1.00000000e+00
    outer loop
      vertex 1.00000000e+00 1.26000000e-03 -5.00000000e-02
      vertex 9.60735980e-03 -1.67151358e-02 -5.00000000e-02
      vertex 7.78671596e-03 -1.51181093e-02 -5.00000000e-02
    endloop
  endfacet
  facet normal 0.00000000e+00 0.00000000e+00 -1.00000000e+00
    outer loop
      vertex 1.00000000e+00 1.26000000e-03 -5.00000000e-02
      vertex 1.16170593e-02 -1.82939143e-02 -5.00000000e-02
      vertex 9.60735980e-03 -1.67151358e-02 -5.00000000e-02
    endloop
  endfacet
  facet normal 0.00000000e+00 0.00000000e+00 -1.00000000e+00
    outer loop
      vertex 1.00000000e+00 1.26000000e-03 -5.00000000e-02
      vertex 1.38150398e-02 -1.98538797e-02 -5.00000000e-02
      vertex 1.16170593e-02 -1.82939143e-02 -5.00000000e-02
    endloop
  endfacet
  facet normal 0.00000000e+00 0.00000000e+00 -1.00000000e+00
    outer loop
      vertex 1.00000000e+00 1.26000000e-03 -5.00000000e-02
      vertex 1.62004538e-02 -2.13944373e-02 -5.00000000e-02
      vertex 1.38150398e-02 -1.98538797e-02 -5.00000000e-02
    endloop
  endfacet
  facet normal 0.00000000e+00 0.00000000e+00 -1.00000000e+00
    outer loop
      vertex 1.00000000e+00 1.26000000e-03 -5.00000000e-02
      vertex 1.87723818e-02 -2.29149646e-02 -5.00000000e-02
      vertex 1.62004538e-02 -2.13944373e-02 -5.00000000e-02
    endloop
  endfacet
  facet normal 0.00000000e+00 0.00000000e+00 -1.00000000e+00
    outer loop
      vertex 1.00000000e+00 1.26000000e-03 -5.00000000e-02
      vertex 2.15298321e-02 -2.44148136e-02 -5.00000000e-02
      vertex 1.87723818e-02 -2.29149646e-02 -5.00000000e-02
    endloop
  endfacet
  facet normal 0.00000000e+00 0.00000000e+00 -1.00000000e+00
    outer loop
      vertex 1.00000000e+00 1.26000000e-03 -5.00000000e-02
      vertex 2.44717419e-02 -2.58933132e-02 -5.00000000e-02
      vertex 2.15298321e-02 -2.44148136e-02 -5.00000000e-02
    endloop
  endfacet
  facet normal 0.00000000e+00 0.00000000e+00 -1.00000000e+00
    outer loop
      vertex 1.00000000e+00 1.26000000e-03 -5.00000000e-02
      vertex 2.75969768e-02 -2.73497713e-02 -5.00000000e-02
      vertex 2.44717419e-02 -2.58933132e-02 -5.00000000e-02
    endloop
  endfacet
  facet normal 0.00000000e+00 0.00000000e+00 -1.00000000e+00
    outer loop
      vertex 1.00000000e+00 1.26000000e-03 -5.00000000e-02
      vertex 3.09043320e-02 -2.87834779e-02 -5.00000000e-02
      vertex 2.75969768e-02 -2.73497713e-02 -5.00000000e-02
    endloop
  endfacet
  facet normal 0.00000000e+00 0.00000000e+00 -1.00000000e+00
    outer loop
      vertex 1.00000000e+00 1.26000000e-03 -5.00000000e-02
      vertex 3.43925326e-02 -3.01937071e-02 -5.00000000e-02
      vertex 3.09043320e-02 -2.87834779e-02 -5.00000000e-02
    endloop
  endfacet
  facet normal 0.00000000e+00 0.00000000e+00 -1.00000000e+00
    outer loop
      vertex 1.00000000e+00 1.26000000e-03 -5.00000000e-02
      vertex 3.80602337e-02 -3.15797204e-02 -5.00000000e-02
      vertex 3.43925326e-02 -3.01937071e-02 -5.00000000e-02
    endloop
  endfacet
  facet normal 0.00000000e+00 0.00000000e+00 -1.00000000e+00
    outer loop
      vertex 1.00000000e+00 1.26000000e-03 -5.00000000e-02
      vertex 4.19060214e-02 -3.29407689e-02 -5.00000000e-02
      vertex 3.80602337e-02 -3.15797204e-02 -5.00000000e-02
    endloop
  endfacet
  facet normal 0.00000000e+00 0.00000000e+00 -1.00000000e+00
    outer loop
      vertex 1.00000000e+00 1.26000000e-03 -5.00000000e-02
      vertex 4.59284131e-02 -3.42760966e-02 -5.00000000e-02
      vertex 4.19060214e-02 -3.29407689e-02 -5.00000000e-02
    endloop
  endfacet
  facet normal 0.00000000e+00 0.00000000e+00 -1.00000000e+00
    outer loop
      vertex 1.00000000e+00 1.26000000e-03 -5.00000000e-02
      vertex 5.01258580e-02 -3.55849430e-02 -5.00000000e-02
      vertex 4.59284131e-02 -3.42760966e-02 -5.00000000e-02
    endloop
  endfacet
  facet normal 0.00000000e+00 0.00000000e+00 -1.00000000e+00
    outer loop
      vertex 1.00000000e+00 1.26000000e-03 -5.00000000e-02
      vertex 5.44967379e-02 -3.68665459e-02 -5.00000000e-02
      vertex 5.01258580e-02 -3.55849430e-02 -5.00000000e-02
    endloop
  endfacet
  facet normal 0.00000000e+00 0.00000000e+00 -1.00000000e+00
    outer loop
      vertex 1.00000000e+00 1.26000000e-03 -5.00000000e-02
      vertex 5.90393678e-02 -3.81201448e-02 -5.00000000e-02
      vertex 5.44967379e-02 -3.68665459e-02 -5.00000000e-02
    endloop
  endfacet
  facet normal 0.00000000e+00 0.00000000e+00 -1.00000000e+00
    outer loop
      vertex 1.00000000e+00 1.26000000e-03 -5.00000000e-02
      vertex 6.37519965e-02 -3.93449830e-02 -5.00000000e-02
      vertex 5.90393678e-02 -3.81201448e-02 -5.00000000e-02
    endloop
  endfacet
  facet normal 0.00000000e+00 0.00000000e+00 -1.00000000e+00
    outer loop
      vertex 1.00000000e+00 1.26000000e-03 -5.00000000e-02
      vertex 6.86328070e-02 -4.05403113e-02 -5.00000000e-02
      vertex 6.37519965e-02 -3.93449830e-02 -5.00000000e-02
    endloop
  endfacet
  facet normal 0.00000000e+00 0.00000000e+00 -1.00000000e+00
    outer loop
      vertex 1.00000000e+00 1.26000000e-03 -5.00000000e-02
      vertex 7.36799178e-02 -4.17053902e-02 -5.00000000e-02
      vertex 6.86328070e-02 -4.05403113e-02 -5.00000000e-02
    endloop
  endfacet
  facet normal 0.00000000e+00 0.00000000e+00 -1.00000000e+00
    outer loop
      vertex 1.00000000e+00 1.26000000e-03 -5.00000000e-02
      vertex 7.88913831e-02 -4.28394934e-02 -5.00000000e-02
      vertex 7.36799178e-02 -4.17053902e-02 -5.00000000e-02
    endloop
  endfacet
  facet normal 0.00000000e+00 0.00000000e+00 -1.00000000e+00
    outer loop
      vertex 1.00000000e+00 1.26000000e-03 -5.00000000e-02
      vertex 8.42651938e-02 -4.39419099e-02 -5.00000000e-02
      vertex 7.88913831e-02 -4.28394934e-02 -5.00000000e-02
    endloop
  endfacet
  facet normal 0.00000000e+00 0.00000000e+00 -1.00000000e+00
    outer loop
      vertex 1.00000000e+00 1.26000000e-03 -5.00000000e-02
      vertex 8.97992782e-02 -4.50119470e-02 -5.00000000e-02
      vertex 8.42651938e-02 -4.39419099e-02 -5.00000000e-02
    endloop
  endfacet
  facet normal 0.00000000e+00 0.00000000e+00 -1.00000000e+00
    outer loop
      vertex 1.00000000e+00 1.26000000e-03 -5.00000000e-02
      vertex 9.54915028e-02 -4.60489332e-02 -5.00000000e-02
      vertex 8.97992782e-02 -4.50119470e-02 -5.00000000e-02
    endloop
  endfacet
  facet normal 0.00000000e+00 0.00000000e+00 -1.00000000e+00
    outer loop
      vertex 1.00000000e+00 1.26000000e-03 -5.00000000e-02
      vertex 1.01339673e-01 -4.70522202e-02 -5.00000000e-02
      vertex 9.54915028e-02 -4.60489332e-02 -5.00000000e-02
    endloop
  endfacet
  facet normal 0.00000000e+00 0.00000000e+00 -1.00000000e+00
    outer loop
      vertex 1.00000000e+00 1.26000000e-03 -5.00000000e-02
      vertex 1.07341535e-01 -4.80211859e-02 -5.00000000e-02
      vertex 1.01339673e-01 -4.70522202e-02 -5.00000000e-02
    endloop
  endfacet
  facet normal 0.00000000e+00 0.00000000e+00 -1.00000000e+00
    outer loop
      vertex 1.00000000e+00 1.26000000e-03 -5.00000000e-02
      vertex 1.13494773e-01 -4.89552364e-02 -5.00000000e-02
      vertex 1.07341535e-01 -4.80211859e-02 -5.00000000e-02
    endloop
  endfacet
  facet normal 0.00000000e+00 0.00000000e+00 -1.00000000e+00
    outer loop
      vertex 1.00000000e+00 1.26000000e-03 -5.00000000e-02
      vertex 1.19797017e-01 -4.98538084e-02 -5.00000000e-02
      vertex 1.13494773e-01 -4.89552364e-02 -5.00000000e-02
    endloop
  endfacet
  facet normal 0.00000000e+00 0.00000000e+00 -1.00000000e+00
    outer loop
      vertex 1.00000000e+00 1.26000000e-03 -5.00000000e-02
      vertex 1.26245837e-01 -5.07163713e-02 -5.00000000e-02
      vertex 1.19797017e-01 -4.98538084e-02 -5.00000000e-02
    endloop
  endfacet
  facet normal 0.00000000e+00 0.00000000e+00 -1.00000000e+00
    outer loop
      vertex 1.00000000e+00 1.26000000e-03 -5.00000000e-02
      vertex 1.32838745e-01 -5.15424291e-02 -5.00000000e-02
      vertex 1.26245837e-01 -5.07163713e-02 -5.00000000e-02
    endloop
  endfacet
  facet normal 0.00000000e+00 0.00000000e+00 -1.00000000e+00
    outer loop
      vertex 1.00000000e+00 1.26000000e-03 -5.00000000e-02
      vertex 1.39573202e-01 -5.23315223e-02 -5.00000000e-02
      vertex 1.32838745e-01 -5.15424291e-02 -5.00000000e-02
    endloop
  endfacet
  facet normal 0.00000000e+00 0.00000000e+00 -1.00000000e+00
    outer loop
      vertex 1.00000000e+00 1.26000000e-03 -5.00000000e-02
      vertex 1.46446609e-01 -5.30832297e-02 -5.00000000e-02
      vertex 1.39573202e-01 -5.23315223e-02 -5.00000000e-02
    endloop
  endfacet
  facet normal 0.00000000e+00 0.00000000e+00 -1.00000000e+00
    outer loop
      vertex 1.00000000e+00 1.26000000e-03 -5.00000000e-02
      vertex 1.53456319e-01 -5.37971696e-02 -5.00000000e-02
      vertex 1.46446609e-01 -5.30832297e-02 -5.00000000e-02
    endloop
  endfacet
  facet normal 0.00000000e+00 0.00000000e+00 -1.00000000e+00
    outer loop
      vertex 1.00000000e+00 1.26000000e-03 -5.00000000e-02
      vertex 1.60599627e-01 -5.44730018e-02 -5.00000000e-02
      vertex 1.53456319e-01 -5.37971696e-02 -5.00000000e-02
    endloop
  endfacet
  facet normal 0.00000000e+00 0.00000000e+00 -1.00000000e+00
    outer loop
      vertex 1.00000000e+00 1.26000000e-03 -5.00000000e-02
      vertex 1.67873781e-01 -5.51104282e-02 -5.00000000e-02
      vertex 1.60599627e-01 -5.44730018e-02 -5.00000000e-02
    endloop
  endfacet
  facet normal 0.00000000e+00 0.00000000e+00 -1.00000000e+00
    outer loop
      vertex 1.00000000e+00 1.26000000e-03 -5.00000000e-02
      vertex 1.75275976e-01 -5.57091943e-02 -5.00000000e-02
      vertex 1.67873781e-01 -5.51104282e-02 -5.00000000e-02
    endloop
  endfacet
  facet normal 0.00000000e+00 0.00000000e+00 -1.00000000e+00
    outer loop
      vertex 1.00000000e+00 1.26000000e-03 -5.00000000e-02
      vertex 1.82803358e-01 -5.62690898e-02 -5.00000000e-02
      vertex 1.75275976e-01 -5.57091943e-02 -5.00000000e-02
    endloop
  endfacet
  facet normal 0.00000000e+00 0.00000000e+00 -1.00000000e+00
    outer loop
      vertex 1.00000000e+00 1.26000000e-03 -5.00000000e-02
      vertex 1.90453025e-01 -5.67899496e-02 -5.00000000e-02
      vertex 1.82803358e-01 -5.62690898e-02 -5.00000000e-02
    endloop
  endfacet
  facet normal 0.00000000e+00 0.00000000e+00 -1.00000000e+00
    outer loop
      vertex 1.00000000e+00 1.26000000e-03 -5.00000000e-02
      vertex 1.98222029e-01 -5.72716542e-02 -5.00000000e-02
      vertex 1.90453025e-01 -5.67899496e-02 -5.00000000e-02
    endloop
  endfacet
  facet normal 0.00000000e+00 0.00000000e+00 -1.00000000e+00
    outer loop
      vertex 1.00000000e+00 1.26000000e-03 -5.00000000e-02
      vertex 2.06107374e-01 -5.77141302e-02 -5.00000000e-02
      vertex 1.98222029e-01 -5.72716542e-02 -5.00000000e-02
    endloop
  endfacet
  facet normal 0.00000000e+00 0.00000000e+00 -1.00000000e+00
    outer loop
      vertex 1.00000000e+00 1.26000000e-03 -5.00000000e-02
      vertex 2.14106020e-01 -5.81173505e-02 -5.00000000e-02
      vertex 2.06107374e-01 -5.77141302e-02 -5.00000000e-02
    endloop
  endfacet
  facet normal 0.00000000e+00 0.00000000e+00 -1.00000000e+00
    outer loop
      vertex 1.00000000e+00 1.26000000e-03 -5.00000000e-02
      vertex 2.22214883e-01 -5.84813342e-02 -5.00000000e-02
      vertex 2.14106020e-01 -5.81173505e-02 -5.00000000e-02
    endloop
  endfacet
  facet normal 0.00000000e+00 0.00000000e+00 -1.00000000e+00
    outer loop
      vertex 1.00000000e+00 1.26000000e-03 -5.00000000e-02
      vertex 2.30430839e-01 -5.88061467e-02 -5.00000000e-02
      vertex 2.22214883e-01 -5.84813342e-02 -5.00000000e-02
    endloop
  endfacet
  facet normal 0.00000000e+00 0.00000000e+00 -1.00000000e+00
    outer loop
      vertex 1.00000000e+00 1.26000000e-03 -5.00000000e-02
      vertex 2.38750718e-01 -5.90918996e-02 -5.00000000e-02
      vertex 2.30430839e-01 -5.88061467e-02 -5.00000000e-02
    endloop
  endfacet
  facet normal 0.00000000e+00 0.00000000e+00 -1.00000000e+00
    outer loop
      vertex 1.00000000e+00 1.26000000e-03 -5.00000000e-02
      vertex 2.47171313e-01 -5.93387498e-02 -5.00000000e-02
      vertex 2.38750718e-01 -5.90918996e-02 -5.00000000e-02
    endloop
  endfacet
  facet normal 0.00000000e+00 0.00000000e+00 -1.00000000e+00
    outer loop
      vertex 1.00000000e+00 1.26000000e-03 -5.00000000e-02
      vertex 2.55689379e-01 -5.95468995e-02 -5.00000000e-02
      vertex 2.47171313e-01 -5.93387498e-02 -5.00000000e-02
    endloop
  endfacet
  facet normal 0.00000000e+00 0.00000000e+00 -1.00000000e+00
    outer loop
      vertex 1.00000000e+00 1.26000000e-03 -5.00000000e-02
      vertex 2.64301632e-01 -5.97165950e-02 -5.00000000e-02
      vertex 2.55689379e-01 -5.95468995e-02 -5.00000000e-02
    endloop
  endfacet
  facet normal 0.00000000e+00 0.00000000e+00 -1.00000000e+00
    outer loop
      vertex 1.00000000e+00 1.26000000e-03 -5.00000000e-02
      vertex 2.73004750e-01 -5.98481262e-02 -5.00000000e-02
      vertex 2.64301632e-01 -5.97165950e-02 -5.00000000e-02
    endloop
  endfacet
  facet normal 0.00000000e+00 0.00000000e+00 -1.00000000e+00
    outer loop
      vertex 1.00000000e+00 1.26000000e-03 -5.00000000e-02
      vertex 2.81795380e-01 -5.99418255e-02 -5.00000000e-02
      vertex 2.73004750e-01 -5.98481262e-02 -5.00000000e-02
    endloop
  endfacet
  facet normal 0.00000000e+00 0.00000000e+00 -1.00000000e+00
    outer loop
      vertex 1.00000000e+00 1.26000000e-03 -5.00000000e-02
      vertex 2.90670131e-01 -5.99980667e-02 -5.00000000e-02
      vertex 2.81795380e-01 -5.99418255e-02 -5.00000000e-02
    endloop
  endfacet
  facet normal 0.00000000e+00 0.00000000e+00 -1.00000000e+00
    outer loop
      vertex 1.00000000e+00 1.26000000e-03 -5.00000000e-02
      vertex 2.99625583e-01 -6.00172638e-02 -5.00000000e-02
      vertex 2.90670131e-01 -5.99980667e-02 -5.00000000e-02
    endloop
  endfacet
  facet normal 0.00000000e+00 0.00000000e+00 -1.00000000e+00
    outer loop
      vertex 1.00000000e+00 1.26000000e-03 -5.00000000e-02
      vertex 3.08658284e-01 -5.99998697e-02 -5.00000000e-02
      vertex 2.99625583e-01 -6.00172638e-02 -5.00000000e-02
    endloop
  endfacet
  facet normal 0.00000000e+00 0.00000000e+00 -1.00000000e+00
    outer loop
      vertex 1.00000000e+00 1.26000000e-03 -5.00000000e-02
      vertex 3.17764750e-01 -5.99463746e-02 -5.00000000e-02
      vertex 3.08658284e-01 -5.99998697e-02 -5.00000000e-02
    endloop
  endfacet
  facet normal 0.00000000e+00 0.00000000e+00 -1.00000000e+00
    outer loop
      vertex 1.00000000e+00 1.26000000e-03 -5.00000000e-02
      vertex 3.26941471e-01 -5.98573050e-02 -5.00000000e-02
      vertex 3.17764750e-01 -5.99463746e-02 -5.00000000e-02
    endloop
  endfacet
  facet normal 0.00000000e+00 0.00000000e+00 -1.00000000e+00
    outer loop
      vertex 1.00000000e+00 1.26000000e-03 -5.00000000e-02
      vertex 3.36184910e-01 -5.97332212e-02 -5.00000000e-02
      vertex 3.26941471e-01 -5.98573050e-02 -5.00000000e-02
    endloop
  endfacet
  facet normal 0.00000000e+00 0.00000000e+00 -1.00000000e+00
    outer loop
      vertex 1.00000000e+00 1.26000000e-03 -5.00000000e-02
      vertex 3.45491503e-01 -5.95747168e-02 -5.00000000e-02
      vertex 3.36184910e-01 -5.97332212e-02 -5.00000000e-02
    endloop
  endfacet
  facet normal 0.00000000e+00 0.00000000e+00 -1.00000000e+00
    outer loop
      vertex 1.00000000e+00 1.26000000e-03 -5.00000000e-02
      vertex 3.54857661e-01 -5.93824158e-02 -5.00000000e-02
      vertex 3.45491503e-01 -5.95747168e-02 -5.00000000e-02
    endloop
  endfacet
  facet normal 0.00000000e+00 0.00000000e+00 -1.00000000e+00
    outer loop
      vertex 1.00000000e+00 1.26000000e-03 -5.00000000e-02
      vertex 3.64279775e-01 -5.91569718e-02 -5.00000000e-02
      vertex 3.54857661e-01 -5.93824158e-02 -5.00000000e-02
    endloop
  endfacet
  facet normal 0.00000000e+00 0.00000000e+00 -1.00000000e+00
    outer loop
      vertex 1.00000000e+00 1.26000000e-03 -5.00000000e-02
      vertex 3.73754211e-01 -5.88990656e-02 -5.00000000e-02
      vertex 3.64279775e-01 -5.91569718e-02 -5.00000000e-02
    endloop
  endfacet
  facet normal 0.00000000e+00 0.00000000e+00 -1.00000000e+00
    outer loop
      vertex 1.00000000e+00 1.26000000e-03 -5.00000000e-02
      vertex 3.83277318e-01 -5.86094035e-02 -5.00000000e-02
      vertex 3.73754211e-01 -5.88990656e-02 -5.00000000e-02
    endloop
  endfacet
  facet normal 0.00000000e+00 0.00000000e+00 -1.00000000e+00
    outer loop
      vertex 1.00000000e+00 1.26000000e-03 -5.00000000e-02
      vertex 3.92845423e-01 -5.82887153e-02 -5.00000000e-02
      vertex 3.83277318e-01 -5.86094035e-02 -5.00000000e-02
    endloop
  endfacet
  facet normal 0.00000000e+00 0.00000000e+00 -1.00000000e+00
    outer loop
      vertex 1.00000000e+00 1.26000000e-03 -5.00000000e-02
      vertex 4.02454839e-01 -5.79377529e-02 -5.00000000e-02
      vertex 3.92845423e-01 -5.82887153e-02 -5.00000000e-02
    endloop
  endfacet
  facet normal 0.00000000e+00 0.00000000e+00 -1.00000000e+00
    outer loop
      vertex 1.00000000e+00 1.26000000e-03 -5.00000000e-02
      vertex 4.12101860e-01 -5.75572878e-02 -5.00000000e-02
      vertex 4.02454839e-01 -5.79377529e-02 -5.00000000e-02
    endloop
  endfacet
  facet normal 0.00000000e+00 0.00000000e+00 -1.00000000e+00
    outer loop
      vertex 1.00000000e+00 1.26000000e-03 -5.00000000e-02
      vertex 4.21782767e-01 -5.71481096e-02 -5.00000000e-02
      vertex 4.12101860e-01 -5.75572878e-02 -5.00000000e-02
    endloop
  endfacet
  facet normal 0.00000000e+00 0.00000000e+00 -1.00000000e+00
    outer loop
      vertex 1.00000000e+00 1.26000000e-03 -5.00000000e-02
      vertex 4.31493829e-01 -5.67110240e-02 -5.00000000e-02
      vertex 4.21782767e-01 -5.71481096e-02 -5.00000000e-02
    endloop
  endfacet
  facet normal 0.00000000e+00 0.00000000e+00 -1.00000000e+00
    outer loop
      vertex 1.00000000e+00 1.26000000e-03 -5.00000000e-02
      vertex 4.41231301e-01 -5.62468509e-02 -5.00000000e-02
      vertex 4.31493829e-01 -5.67110240e-02 -5.00000000e-02
    endloop
  endfacet
  facet normal 0.00000000e+00 0.00000000e+00 -1.00000000e+00
    outer loop
      vertex 1.00000000e+00 1.26000000e-03 -5.00000000e-02
      vertex 4.50991430e-01 -5.57564229e-02 -5.00000000e-02
      vertex 4.41231301e-01 -5.62468509e-02 -5.00000000e-02
    endloop
  endfacet
  facet normal 0.00000000e+00 0.00000000e+00 -1.00000000e+00
    outer loop
      vertex 1.00000000e+00 1.26000000e-03 -5.00000000e-02
      vertex 4.60770452e-01 -5.52405832e-02 -5.00000000e-02
      vertex 4.50991430e-01 -5.57564229e-02 -5.00000000e-02
    endloop
  endfacet
  facet normal 0.00000000e+00 0.00000000e+00 -1.00000000e+00
    outer loop
      vertex 1.00000000e+00 1.26000000e-03 -5.00000000e-02
      vertex 4.70564598e-01 -5.47001839e-02 -5.00000000e-02
      vertex 4.60770452e-01 -5.52405832e-02 -5.00000000e-02
    endloop
  endfacet
  facet normal 0.00000000e+00 0.00000000e+00 -1.00000000e+00
    outer loop
      vertex 1.00000000e+00 1.26000000e-03 -5.00000000e-02
      vertex 4.80370092e-01 -5.41360847e-02 -5.00000000e-02
      vertex 4.70564598e-01 -5.47001839e-02 -5.00000000e-02
    endloop
  endfacet
  facet normal 0.00000000e+00 0.00000000e+00 -1.00000000e+00
    outer loop
      vertex 1.00000000e+00 1.26000000e-03 -5.00000000e-02
      vertex 4.90183154e-01 -5.35491509e-02 -5.00000000e-02
      vertex 4.80370092e-01 -5.41360847e-02 -5.00000000e-02
    endloop
  endfacet
  facet normal 0.00000000e+00 0.00000000e+00 -1.00000000e+00
    outer loop
      vertex 1.00000000e+00 1.26000000e-03 -5.00000000e-02
      vertex 5.00000000e-01 -5.29402520e-02 -5.00000000e-02
      vertex 4.90183154e-01 -5.35491509e-02 -5.00000000e-02
    endloop
  endfacet
  facet normal 0.00000000e+00 0.00000000e+00 -1.00000000e+00
    outer loop
      vertex 1.00000000e+00 1.26000000e-03 -5.00000000e-02
      vertex 5.09816846e-01 -5.23102604e-02 -5.00000000e-02
      vertex 5.00000000e-01 -5.29402520e-02 -5.00000000e-02
    endloop
  endfacet
  facet normal 0.00000000e+00 0.00000000e+00 -1.00000000e+00
    outer loop
      vertex 1.00000000e+00 1.26000000e-03 -5.00000000e-02
      vertex 5.19629908e-01 -5.16600499e-02 -5.00000000e-02
      vertex 5.09816846e-01 -5.23102604e-02 -5.00000000e-02
    endloop
  endfacet
  facet normal 0.00000000e+00 0.00000000e+00 -1.00000000e+00
    outer loop
      vertex 1.00000000e+00 1.26000000e-03 -5.00000000e-02
      vertex 5.29435402e-01 -5.09904944e-02 -5.00000000e-02
      vertex 5.19629908e-01 -5.16600499e-02 -5.00000000e-02
    endloop
  endfacet
  facet normal 0.00000000e+00 0.00000000e+00 -1.00000000e+00
    outer loop
      vertex 1.00000000e+00 1.26000000e-03 -5.00000000e-02
      vertex 5.39229548e-01 -5.03024666e-02 -5.00000000e-02
      vertex 5.29435402e-01 -5.09904944e-02 -5.00000000e-02
    endloop
  endfacet
  facet normal 0.00000000e+00 0.00000000e+00 -1.00000000e+00
    outer loop
      vertex 1.00000000e+00 1.26000000e-03 -5.00000000e-02
      vertex 5.49008570e-01 -4.95968372e-02 -5.00000000e-02
      vertex 5.39229548e-01 -5.03024666e-02 -5.00000000e-02
    endloop
  endfacet
  facet normal 0.00000000e+00 0.00000000e+00 -1.00000000e+00
    outer loop
      vertex 1.00000000e+00 1.26000000e-03 -5.00000000e-02
      vertex 5.58768699e-01 -4.88744736e-02 -5.00000000e-02
      vertex 5.49008570e-01 -4.95968372e-02 -5.00000000e-02
    endloop
  endfacet
  facet normal 0.00000000e+00 0.00000000e+00 -1.00000000e+00
    outer loop
      vertex 1.00000000e+00 1.26000000e-03 -5.00000000e-02
      vertex 5.68506171e-01 -4.81362390e-02 -5.00000000e-02
      vertex 5.58768699e-01 -4.88744736e-02 -5.00000000e-02
    endloop
  endfacet
  facet normal 0.00000000e+00 0.00000000e+00 -1.00000000e+00
    outer loop
      vertex 1.00000000e+00 1.26000000e-03 -5.00000000e-02
      vertex 5.78217233e-01 -4.73829917e-02 -5.00000000e-02
      vertex 5.68506171e-01 -4.81362390e-02 -5.00000000e-02
    endloop
  endfacet
  facet normal 0.00000000e+00 0.00000000e+00 -1.00000000e+00
    outer loop
      vertex 1.00000000e+00 1.26000000e-03 -5.00000000e-02
      vertex 5.87898140e-01 -4.66155843e-02 -5.00000000e-02
      vertex 5.78217233e-01 -4.73829917e-02 -5.00000000e-02
    endloop
  endfacet
  facet normal 0.00000000e+00 0.00000000e+00 -1.00000000e+00
    outer loop
      vertex 1.00000000e+00 1.26000000e-03 -5.00000000e-02
      vertex 5.97545161e-01 -4.58348629e-02 -5.00000000e-02
      vertex 5.87898140e-01 -4.66155843e-02 -5.00000000e-02
    endloop
  endfacet
  facet normal 0.00000000e+00 0.00000000e+00 -1.00000000e+00
    outer loop
      vertex 1.00000000e+00 1.26000000e-03 -5.00000000e-02
      vertex 6.07154577e-01 -4.50416669e-02 -5.00000000e-02
      vertex 5.97545161e-01 -4.58348629e-02 -5.00000000e-02
    endloop
  endfacet
  facet normal 0.00000000e+00 0.00000000e+00 -1.00000000e+00
    outer loop
      vertex 1.00000000e+00 1.26000000e-03 -5.00000000e-02
      vertex 6.16722682e-01 -4.42368282e-02 -5.00000000e-02
      vertex 6.07154577e-01 -4.50416669e-02 -5.00000000e-02
    endloop
  endfacet
  facet normal 0.00000000e+00 0.00000000e+00 -1.00000000e+00
    outer loop
      vertex 1.00000000e+00 1.26000000e-03 -5.00000000e-02
      vertex 6.26245789e-01 -4.34211708e-02 -5.00000000e-02
      vertex 6.16722682e-01 -4.42368282e-02 -5.00000000e-02
    endloop
  endfacet
  facet normal 0.00000000e+00 0.00000000e+00 -1.00000000e+00
    outer loop
      vertex 1.00000000e+00 1.26000000e-03 -5.00000000e-02
      vertex 6.35720225e-01 -4.25955110e-02 -5.00000000e-02
      vertex 6.26245789e-01 -4.34211708e-02 -5.00000000e-02
    endloop
  endfacet
  facet normal 0.00000000e+00 0.00000000e+00 -1.00000000e+00
    outer loop
      vertex 1.00000000e+00 1.26000000e-03 -5.00000000e-02
      vertex 6.45142339e-01 -4.17606566e-02 -5.00000000e-02
      vertex 6.35720225e-01 -4.25955110e-02 -5.00000000e-02
    endloop
  endfacet
  facet normal 0.00000000e+00 0.00000000e+00 -1.00000000e+00
    outer loop
      vertex 1.00000000e+00 1.26000000e-03 -5.00000000e-02
      vertex 6.54508497e-01 -4.09174072e-02 -5.00000000e-02
      vertex 6.45142339e-01 -4.17606566e-02 -5.00000000e-02
    endloop
  endfacet
  facet normal 0.00000000e+00 0.00000000e+00 -1.00000000e+00
    outer loop
      vertex 1.00000000e+00 1.26000000e-03 -5.00000000e-02
      vertex 6.63815090e-01 -4.00665538e-02 -5.00000000e-02
      vertex 6.54508497e-01 -4.09174072e-02 -5.00000000e-02
    endloop
  endfacet
  facet normal 0.00000000e+00 0.00000000e+00 -1.00000000e+00
    outer loop
      vertex 1.00000000e+00 1.26000000e-03 -5.00000000e-02
      vertex 6.73058529e-01 -3.92088792e-02 -5.00000000e-02
      vertex 6.63815090e-01 -4.00665538e-02 -5.00000000e-02
    endloop
  endfacet
  facet normal 0.00000000e+00 0.00000000e+00 -1.00000000e+00
    outer loop
      vertex 1.00000000e+00 1.26000000e-03 -5.00000000e-02
      vertex 6.82235250e-01 -3.83451578e-02 -5.00000000e-02
      vertex 6.73058529e-01 -3.92088792e-02 -5.00000000e-02
    endloop
  endfacet
  facet normal 0.00000000e+00 0.00000000e+00 -1.00000000e+00
    outer loop
      vertex 1.00000000e+00 1.26000000e-03 -5.00000000e-02
      vertex 6.91341716e-01 -3.74761558e-02 -5.00000000e-02
      vertex 6.82235250e-01 -3.83451578e-02 -5.00000000e-02
    endloop
  endfacet
  facet normal 0.00000000e+00 0.00000000e+00 -1.00000000e+00
    outer loop
      vertex 1.00000000e+00 1.26000000e-03 -5.00000000e-02
      vertex 7.00374417e-01 -3.66026314e-02 -5.00000000e-02
      vertex 6.91341716e-01 -3.74761558e-02 -5.00000000e-02
    endloop
  endfacet
  facet normal 0.00000000e+00 0.00000000e+00 -1.00000000e+00
    outer loop
      vertex 1.00000000e+00 1.26000000e-03 -5.00000000e-02
      vertex 7.09329869e-01 -3.57253353e-02 -5.00000000e-02
      vertex 7.00374417e-01 -3.66026314e-02 -5.00000000e-02
    endloop
  endfacet
  facet normal 0.00000000e+00 0.00000000e+00 -1.00000000e+00
    outer loop
      vertex 1.00000000e+00 1.26000000e-03 -5.00000000e-02
      vertex 7.18204620e-01 -3.48450104e-02 -5.00000000e-02
      vertex 7.09329869e-01 -3.57253353e-02 -5.00000000e-02
    endloop
  endfacet
  facet normal 0.00000000e+00 0.00000000e+00 -1.00000000e+00
    outer loop
      vertex 1.00000000e+00 1.26000000e-03 -5.00000000e-02
      vertex 7.26995250e-01 -3.39623928e-02 -5.00000000e-02
      vertex 7.18204620e-01 -3.48450104e-02 -5.00000000e-02
    endloop
  endfacet
  facet normal 0.00000000e+00 0.00000000e+00 -1.00000000e+00
    outer loop
      vertex 1.00000000e+00 1.26000000e-03 -5.00000000e-02
      vertex 7.35698368e-01 -3.30782117e-02 -5.00000000e-02
      vertex 7.26995250e-01 -3.39623928e-02 -5.00000000e-02
    endloop
  endfacet
  facet normal 0.00000000e+00 0.00000000e+00 -1.00000000e+00
    outer loop
      vertex 1.00000000e+00 1.26000000e-03 -5.00000000e-02
      vertex 7.44310621e-01 -3.21931898e-02 -5.00000000e-02
      vertex 7.35698368e-01 -3.30782117e-02 -5.00000000e-02
    endloop
  endfacet
  facet normal 0.00000000e+00 0.00000000e+00 -1.00000000e+00
    outer loop
      vertex 1.00000000e+00 1.26000000e-03 -5.00000000e-02
      vertex 7.52828687e-01 -3.13080439e-02 -5.00000000e-02
      vertex 7.44310621e-01 -3.21931898e-02 -5.00000000e-02
    endloop
  endfacet
  facet normal 0.00000000e+00 0.00000000e+00 -1.00000000e+00
    outer loop
      vertex 1.00000000e+00 1.26000000e-03 -5.00000000e-02
      vertex 7.61249282e-01 -3.04234850e-02 -5.00000000e-02
      vertex 7.52828687e-01 -3.13080439e-02 -5.00000000e-02
    endloop
  endfacet
  facet normal 0.00000000e+00 0.00000000e+00 -1.00000000e+00
    outer loop
      vertex 1.00000000e+00 1.26000000e-03 -5.00000000e-02
      vertex 7.69569161e-01 -2.95402190e-02 -5.00000000e-02
      vertex 7.61249282e-01 -3.04234850e-02 -5.00000000e-02
    endloop
  endfacet
  facet normal 0.00000000e+00 0.00000000e+00 -1.00000000e+00
    outer loop
      vertex 1.00000000e+00 1.26000000e-03 -5.00000000e-02
      vertex 7.77785117e-01 -2.86589468e-02 -5.00000000e-02
      vertex 7.69569161e-01 -2.95402190e-02 -5.00000000e-02
    endloop
  endfacet
  facet normal 0.00000000e+00 0.00000000e+00 -1.00000000e+00
    outer loop
      vertex 1.00000000e+00 1.26000000e-03 -5.00000000e-02
      vertex 7.85893980e-01 -2.77803649e-02 -5.00000000e-02
      vertex 7.77785117e-01 -2.86589468e-02 -5.00000000e-02
    endloop
  endfacet
  facet normal 0.00000000e+00 0.00000000e+00 -1.00000000e+00
    outer loop
      vertex 1.00000000e+00 1.26000000e-03 -5.00000000e-02
      vertex 7.93892626e-01 -2.69051656e-02 -5.00000000e-02
      vertex 7.85893980e-01 -2.77803649e-02 -5.00000000e-02
    endloop
  endfacet
  facet normal 0.00000000e+00 0.00000000e+00 -1.00000000e+00
    outer loop
      vertex 1.00000000e+00 1.26000000e-03 -5.00000000e-02
      vertex 8.01777971e-01 -2.60340372e-02 -5.00000000e-02
      vertex 7.93892626e-01 -2.69051656e-02 -5.00000000e-02
    endloop
  endfacet
  facet normal 0.00000000e+00 0.00000000e+00 -1.00000000e+00
    outer loop
      vertex 1.00000000e+00 1.26000000e-03 -5.00000000e-02
      vertex 8.09546975e-01 -2.51676648e-02 -5.00000000e-02
      vertex 8.01777971e-01 -2.60340372e-02 -5.00000000e-02
    endloop
  endfacet
  facet normal 0.00000000e+00 0.00000000e+00 -1.00000000e+00
    outer loop
      vertex 1.00000000e+00 1.26000000e-03 -5.00000000e-02
      vertex 8.17196642e-01 -2.43067300e-02 -5.00000000e-02
      vertex 8.09546975e-01 -2.51676648e-02 -5.00000000e-02
    endloop
  endfacet
  facet normal 0.00000000e+00 0.00000000e+00 -1.00000000e+00
    outer loop
      vertex 1.00000000e+00 1.26000000e-03 -5.00000000e-02
      vertex 8.24724024e-01 -2.34519114e-02 -5.00000000e-02
      vertex 8.17196642e-01 -2.43067300e-02 -5.00000000e-02
    endloop
  endfacet
  facet normal 0.00000000e+00 0.00000000e+00 -1.00000000e+00
    outer loop
      vertex 1.00000000e+00 1.26000000e-03 -5.00000000e-02
      vertex 8.32126219e-01 -2.26038846e-02 -5.00000000e-02
      vertex 8.24724024e-01 -2.34519114e-02 -5.00000000e-02
    endloop
  endfacet
  facet normal 0.00000000e+00 0.00000000e+00 -1.00000000e+00
    outer loop
      vertex 1.00000000e+00 1.26000000e-03 -5.00000000e-02
      vertex 8.39400373e-01 -2.17633227e-02 -5.00000000e-02
      vertex 8.32126219e-01 -2.26038846e-02 -5.00000000e-02
    endloop
  endfacet
  facet normal 0.00000000e+00 0.00000000e+00 -1.00000000e+00
    outer loop
      vertex 1.00000000e+00 1.26000000e-03 -5.00000000e-02
      vertex 8.46543681e-01 -2.09308959e-02 -5.00000000e-02
      vertex 8.39400373e-01 -2.17633227e-02 -5.00000000e-02
    endloop
  endfacet
  facet normal 0.00000000e+00 0.00000000e+00 -1.00000000e+00
    outer loop
      vertex 1.00000000e+00 1.26000000e-03 -5.00000000e-02
      vertex 8.53553391e-01 -2.01072719e-02 -5.00000000e-02
      vertex 8.46543681e-01 -2.09308959e-02 -5.00000000e-02
    endloop
  endfacet
  facet normal 0.00000000e+00 0.00000000e+00 -1.00000000e+00
    outer loop
      vertex 1.00000000e+00 1.26000000e-03 -5.00000000e-02
      vertex 8.60426798e-01 -1.92931155e-02 -5.00000000e-02
      vertex 8.53553391e-01 -2.01072719e-02 -5.00000000e-02
    endloop
  endfacet
  facet normal 0.00000000e+00 0.00000000e+00 -1.00000000e+00
    outer loop
      vertex 1.00000000e+00 1.26000000e-03 -5.00000000e-02
      vertex 8.67161255e-01 -1.84890889e-02 -5.00000000e-02
      vertex 8.60426798e-01 -1.92931155e-02 -5.00000000e-02
    endloop
  endfacet
  facet normal 0.00000000e+00 0.00000000e+00 -1.00000000e+00
    outer loop
      vertex 1.00000000e+00 1.26000000e-03 -5.00000000e-02
      vertex 8.73754163e-01 -1.76958511e-02 -5.00000000e-02
      vertex 8.67161255e-01 -1.84890889e-02 -5.00000000e-02
    endloop
  endfacet
  facet normal 0.00000000e+00 0.00000000e+00 -1.00000000e+00
    outer loop
      vertex 1.00000000e+00 1.26000000e-03 -5.00000000e-02
      vertex 8.80202983e-01 -1.69140581e-02 -5.00000000e-02
      vertex 8.73754163e-01 -1.76958511e-02 -5.00000000e-02
    endloop
  endfacet
  facet normal 0.00000000e+00 0.00000000e+00 -1.00000000e+00
    outer loop
      vertex 1.00000000e+00 1.26000000e-03 -5.00000000e-02
      vertex 8.86505227e-01 -1.61443623e-02 -5.00000000e-02
      vertex 8.80202983e-01 -1.69140581e-02 -5.00000000e-02
    endloop
  endfacet
  facet normal 0.00000000e+00 0.00000000e+00 -1.00000000e+00
    outer loop
      vertex 1.00000000e+00 1.26000000e-03 -5.00000000e-02
      vertex 8.92658465e-01 -1.53874122e-02 -5.00000000e-02
      vertex 8.86505227e-01 -1.61443623e-02 -5.00000000e-02
    endloop
  endfacet
  facet normal 0.00000000e+00 0.00000000e+00 -1.00000000e+00
    outer loop
      vertex 1.00000000e+00 1.26000000e-03 -5.00000000e-02
      vertex 8.98660327e-01 -1.46438521e-02 -5.00000000e-02
      vertex 8.92658465e-01 -1.53874122e-02 -5.00000000e-02
    endloop
  endfacet
  facet normal 0.00000000e+00 0.00000000e+00 -1.00000000e+00
    outer loop
      vertex 1.00000000e+00 1.26000000e-03 -5.00000000e-02
      vertex 9.04508497e-01 -1.39143215e-02 -5.00000000e-02
      vertex 8.98660327e-01 -1.46438521e-02 -5.00000000e-02
    endloop
  endfacet
  facet normal 0.00000000e+00 0.00000000e+00 -1.00000000e+00
    outer loop
      vertex 1.00000000e+00 1.26000000e-03 -5.00000000e-02
      vertex 9.10200722e-01 -1.31994545e-02 -5.00000000e-02
      vertex 9.04508497e-01 -1.39143215e-02 -5.00000000e-02
    endloop
  endfacet
  facet normal 0.00000000e+00 0.00000000e+00 -1.00000000e+00
    outer loop
      vertex 1.00000000e+00 1.26000000e-03 -5.00000000e-02
      vertex 9.15734806e-01 -1.24998793e-02 -5.00000000e-02
      vertex 9.10200722e-01 -1.31994545e-02 -5.00000000e-02
    endloop
  endfacet
  facet normal 0.00000000e+00 0.00000000e+00 -1.00000000e+00
    outer loop
      vertex 1.00000000e+00 1.26000000e-03 -5.00000000e-02
      vertex 9.21108617e-01 -1.18162174e-02 -5.00000000e-02
      vertex 9.15734806e-01 -1.24998793e-02 -5.00000000e-02
    endloop
  endfacet
  facet normal 0.00000000e+00 0.00000000e+00 -1.00000000e+00
    outer loop
      vertex 1.00000000e+00 1.26000000e-03 -5.00000000e-02
      vertex 9.26320082e-01 -1.11490832e-02 -5.00000000e-02
      vertex 9.21108617e-01 -1.18162174e-02 -5.00000000e-02
    endloop
  endfacet
  facet normal 0.00000000e+00 0.00000000e+00 -1.00000000e+00
    outer loop
      vertex 1.00000000e+00 1.26000000e-03 -5.00000000e-02
      vertex 9.31367193e-01 -1.04990827e-02 -5.00000000e-02
      vertex 9.26320082e-01 -1.11490832e-02 -5.00000000e-02
    endloop
  endfacet
  facet normal 0.00000000e+00 0.00000000e+00 -1.00000000e+00
    outer loop
      vertex 1.00000000e+00 1.26000000e-03 -5.00000000e-02
      vertex 9.36248004e-01 -9.86681320e-03 -5.00000000e-02
      vertex 9.31367193e-01 -1.04990827e-02 -5.00000000e-02
    endloop
  endfacet
  facet normal 0.00000000e+00 0.00000000e+00 -1.00000000e+00
    outer loop
      vertex 1.00000000e+00 1.26000000e-03 -5.00000000e-02
      vertex 9.40960632e-01 -9.25286203e-03 -5.00000000e-02
      vertex 9.36248004e-01 -9.86681320e-03 -5.00000000e-02
    endloop
  endfacet
  facet normal 0.00000000e+00 0.00000000e+00 -1.00000000e+00
    outer loop
      vertex 1.00000000e+00 1.26000000e-03 -5.00000000e-02
      vertex 9.45503262e-01 -8.65780588e-03 -5.00000000e-02
      vertex 9.40960632e-01 -9.25286203e-03 -5.00000000e-02
    endloop
  endfacet
  facet normal 0.00000000e+00 0.00000000e+00 -1.00000000e+00
    outer loop
      vertex 1.00000000e+00 1.26000000e-03 -5.00000000e-02
      vertex 9.49874142e-01 -8.08220980e-03 -5.00000000e-02
      vertex 9.45503262e-01 -8.65780588e-03 -5.00000000e-02
    endloop
  endfacet
  facet normal 0.00000000e+00 0.00000000e+00 -1.00000000e+00
    outer loop
      vertex 1.00000000e+00 1.26000000e-03 -5.00000000e-02
      vertex 9.54071587e-01 -7.52662619e-03 -5.00000000e-02
      vertex 9.49874142e-01 -8.08220980e-03 -5.00000000e-02
    endloop
  endfacet
  facet normal 0.00000000e+00 0.00000000e+00 -1.00000000e+00
    outer loop
      vertex 1.00000000e+00 1.26000000e-03 -5.00000000e-02
      vertex 9.58093979e-01 -6.99159386e-03 -5.00000000e-02
      vertex 9.54071587e-01 -7.52662619e-03 -5.00000000e-02
    endloop
  endfacet
  facet normal 0.00000000e+00 0.00000000e+00 -1.00000000e+00
    outer loop
      vertex 1.00000000e+00 1.26000000e-03 -5.00000000e-02
      vertex 9.61939766e-01 -6.47763698e-03 -5.00000000e-02
      vertex 9.58093979e-01 -6.99159386e-03 -5.00000000e-02
    endloop
  endfacet
  facet normal 0.00000000e+00 0.00000000e+00 -1.00000000e+00
    outer loop
      vertex 1.00000000e+00 1.26000000e-03 -5.00000000e-02
      vertex 9.65607467e-01 -5.98526411e-03 -5.00000000e-02
      vertex 9.61939766e-01 -6.47763698e-03 -5.00000000e-02
    endloop
  endfacet
  facet normal 0.00000000e+00 0.00000000e+00 -1.00000000e+00
    outer loop
      vertex 1.00000000e+00 1.26000000e-03 -5.00000000e-02
      vertex 9.69095668e-01 -5.51496711e-03 -5.00000000e-02
      vertex 9.65607467e-01 -5.98526411e-03 -5.00000000e-02
    endloop
  endfacet
  facet normal 0.00000000e+00 0.00000000e+00 -1.00000000e+00
    outer loop
      vertex 1.00000000e+00 1.26000000e-03 -5.00000000e-02
      vertex 9.72403023e-01 -5.06722015e-03 -5.00000000e-02
      vertex 9.69095668e-01 -5.51496711e-03 -5.00000000e-02
    endloop
  endfacet
  facet normal 0.00000000e+00 0.00000000e+00 -1.00000000e+00
    outer loop
      vertex 1.00000000e+00 1.26000000e-03 -5.00000000e-02
      vertex 9.75528258e-01 -4.64247870e-03 -5.00000000e-02
      vertex 9.72403023e-01 -5.06722015e-03 -5.00000000e-02
    endloop
  endfacet
  facet normal 0.00000000e+00 0.00000000e+00 -1.00000000e+00
    outer loop
      vertex 1.00000000e+00 1.26000000e-03 -5.00000000e-02
      vertex 9.78470168e-01 -4.24117847e-03 -5.00000000e-02
      vertex 9.75528258e-01 -4.64247870e-03 -5.00000000e-02
    endloop
  endfacet
  facet normal 0.00000000e+00 0.00000000e+00 -1.00000000e+00
    outer loop
      vertex 1.00000000e+00 1.26000000e-03 -5.00000000e-02
      vertex 9.81227618e-01 -3.86373450e-03 -5.00000000e-02
      vertex 9.78470168e-01 -4.24117847e-03 -5.00000000e-02
    endloop
  endfacet
  facet normal 0.00000000e+00 0.00000000e+00 -1.00000000e+00
    outer loop
      vertex 1.00000000e+00 1.26000000e-03 -5.00000000e-02
      vertex 9.83799546e-01 -3.51054010e-03 -5.00000000e-02
      vertex 9.81227618e-01 -3.86373450e-03 -5.00000000e-02
    endloop
  endfacet
  facet normal 0.00000000e+00 0.00000000e+00 -1.00000000e+00
    outer loop
      vertex 1.00000000e+00 1.26000000e-03 -5.00000000e-02
      vertex 9.86184960e-01 -3.18196599e-03 -5.00000000e-02
      vertex 9.83799546e-01 -3.51054010e-03 -5.00000000e-02
    endloop
  endfacet
  facet normal 0.00000000e+00 0.00000000e+00 -1.00000000e+00
    outer loop
      vertex 1.00000000e+00 1.26000000e-03 -5.00000000e-02
      vertex 9.88382941e-01 -2.87835939e-03 -5.00000000e-02
      vertex 9.86184960e-01 -3.18196599e-03 -5.00000000e-02
    endloop
  endfacet
  facet normal 0.00000000e+00 0.00000000e+00 -1.00000000e+00
    outer loop
      vertex 1.00000000e+00 1.26000000e-03 -5.00000000e-02
      vertex 9.90392640e-01 -2.60004312e-03 -5.00000000e-02
      vertex 9.88382941e-01 -2.87835939e-03 -5.00000000e-02
    endloop
  endfacet
  facet normal 0.00000000e+00 0.00000000e+00 -1.00000000e+00
    outer loop
      vertex 1.00000000e+00 1.26000000e-03 -5.00000000e-02
      vertex 9.92213284e-01 -2.34731484e-03 -5.00000000e-02
      vertex 9.90392640e-01 -2.60004312e-03 -5.00000000e-02
    endloop
  endfacet
  facet normal 0.00000000e+00 0.00000000e+00 -1.00000000e+00
    outer loop
      vertex 1.00000000e+00 1.26000000e-03 -5.00000000e-02
      vertex 9.93844170e-01 -2.12044627e-03 -5.00000000e-02
      vertex 9.92213284e-01 -2.34731484e-03 -5.00000000e-02
    endloop
  endfacet
  facet normal 0.00000000e+00 0.00000000e+00 -1.00000000e+00
    outer loop
      vertex 1.00000000e+00 1.26000000e-03 -5.00000000e-02
      vertex 9.95284670e-01 -1.91968249e-03 -5.00000000e-02
      vertex 9.93844170e-01 -2.12044627e-03 -5.00000000e-02
    endloop
  endfacet
  facet normal 0.00000000e+00 0.00000000e+00 -1.00000000e+00
    outer loop
      vertex 1.00000000e+00 1.26000000e-03 -5.00000000e-02
      vertex 9.96534228e-01 -1.74524131e-03 -5.00000000e-02
      vertex 9.95284670e-01 -1.91968249e-03 -5.00000000e-02
    endloop
  endfacet
  facet normal 0.00000000e+00 0.00000000e+00 -1.00000000e+00
    outer loop
      vertex 1.00000000e+00 1.26000000e-03 -5.00000000e-02
      vertex 9.97592363e-01 -1.59731270e-03 -5.00000000e-02
      vertex 9.96534228e-01 -1.74524131e-03 -5.00000000e-02
    endloop
  endfacet
  facet normal 0.00000000e+00 0.00000000e+00 -1.00000000e+00
    outer loop
      vertex 1.00000000e+00 1.26000000e-03 -5.00000000e-02
      vertex 9.98458667e-01 -1.47605826e-03 -5.00000000e-02
      vertex 9.97592363e-01 -1.59731270e-03 -5.00000000e-02
    endloop
  endfacet
  facet normal 0.00000000e+00 0.00000000e+00 -1.00000000e+00
    outer loop
      vertex 1.00000000e+00 1.26000000e-03 -5.00000000e-02
      vertex 9.99132805e-01 -1.38161082e-03 -5.00000000e-02
      vertex 9.98458667e-01 -1.47605826e-03 -5.00000000e-02
    endloop
  endfacet
  facet normal 0.00000000e+00 0.00000000e+00 -1.00000000e+00
    outer loop
      vertex 1.00000000e+00 1.26000000e-03 -5.00000000e-02
      vertex 9.99614518e-01 -1.31407405e-03 -5.00000000e-02
      vertex 9.99132805e-01 -1.38161082e-03 -5.00000000e-02
    endloop
  endfacet
  facet normal 0.00000000e+00 0.00000000e+00 -1.00000000e+00
    outer loop
      vertex 1.00000000e+00 1.26000000e-03 -5.00000000e-02
      vertex 9.99903620e-01 -1.27352224e-03 -5.00000000e-02
      vertex 9.99614518e-01 -1.31407405e-03 -5.00000000e-02
    endloop
  endfacet
  facet normal 0.00000000e+00 0.00000000e+00 1.00000000e+00
    outer loop
      vertex 1.00000000e+00 1.26000000e-03 5.00000000e-02
      vertex 9.99903620e-01 1.27352224e-03 5.00000000e-02
      vertex 9.99614518e-01 1.31407405e-03 5.00000000e-02
    endloop
  endfacet
  facet normal 0.00000000e+00 0.00000000e+00 1.00000000e+00
    outer loop
      vertex 1.00000000e+00 1.26000000e-03 5.00000000e-02
      vertex 9.99614518e-01 1.31407405e-03 5.00000000e-02
      vertex 9.99132805e-01 1.38161082e-03 5.00000000e-02
    endloop
  endfacet
  facet normal 0.00000000e+00 0.00000000e+00 1.00000000e+00
    outer loop
      vertex 1.00000000e+00 1.26000000e-03 5.00000000e-02
      vertex 9.99132805e-01 1.38161082e-03 5.00000000e-02
      vertex 9.98458667e-01 1.47605826e-03 5.00000000e-02
    endloop
  endfacet
  facet normal 0.00000000e+00 0.00000000e+00 1.00000000e+00
    outer loop
      vertex 1.00000000e+00 1.26000000e-03 5.00000000e-02
      vertex 9.98458667e-01 1.47605826e-03 5.00000000e-02
      vertex 9.97592363e-01 1.59731270e-03 5.00000000e-02
    endloop
  endfacet
  facet normal 0.00000000e+00 0.00000000e+00 1.00000000e+00
    outer loop
      vertex 1.00000000e+00 1.26000000e-03 5.00000000e-02
      vertex 9.97592363e-01 1.59731270e-03 5.00000000e-02
      vertex 9.96534228e-01 1.74524131e-03 5.00000000e-02
    endloop
  endfacet
  facet normal 0.00000000e+00 0.00000000e+00 1.00000000e+00
    outer loop
      vertex 1.00000000e+00 1.26000000e-03 5.00000000e-02
      vertex 9.96534228e-01 1.74524131e-03 5.00000000e-02
      vertex 9.95284670e-01 1.91968249e-03 5.00000000e-02
    endloop
  endfacet
  facet normal 0.00000000e+00 0.00000000e+00 1.00000000e+00
    outer loop
      vertex 1.00000000e+00 1.26000000e-03 5.00000000e-02
      vertex 9.95284670e-01 1.91968249e-03 5.00000000e-02
      vertex 9.93844170e-01 2.12044627e-03 5.00000000e-02
    endloop
  endfacet
  facet normal 0.00000000e+00 0.00000000e+00 1.00000000e+00
    outer loop
      vertex 1.00000000e+00 1.26000000e-03 5.00000000e-02
      vertex 9.93844170e-01 2.12044627e-03 5.00000000e-02
      vertex 9.92213284e-01 2.34731484e-03 5.00000000e-02
    endloop
  endfacet
  facet normal 0.00000000e+00 0.00000000e+00 1.00000000e+00
    outer loop
      vertex 1.00000000e+00 1.26000000e-03 5.00000000e-02
      vertex 9.92213284e-01 2.34731484e-03 5.00000000e-02
      vertex 9.90392640e-01 2.60004312e-03 5.00000000e-02
    endloop
  endfacet
  facet normal 0.00000000e+00 0.00000000e+00 1.00000000e+00
    outer loop
      vertex 1.00000000e+00 1.26000000e-03 5.00000000e-02
      vertex 9.90392640e-01 2.60004312e-03 5.00000000e-02
      vertex 9.88382941e-01 2.87835939e-03 5.00000000e-02
    endloop
  endfacet
  facet normal 0.00000000e+00 0.00000000e+00 1.00000000e+00
    outer loop
      vertex 1.00000000e+00 1.26000000e-03 5.00000000e-02
      vertex 9.88382941e-01 2.87835939e-03 5.00000000e-02
      vertex 9.86184960e-01 3.18196599e-03 5.00000000e-02
    endloop
  endfacet
  facet normal 0.00000000e+00 0.00000000e+00 1.00000000e+00
    outer loop
      vertex 1.00000000e+00 1.26000000e-03 5.00000000e-02
      vertex 9.86184960e-01 3.18196599e-03 5.00000000e-02
      vertex 9.83799546e-01 3.51054010e-03 5.00000000e-02
    endloop
  endfacet
  facet normal 0.00000000e+00 0.00000000e+00 1.00000000e+00
    outer loop
      vertex 1.00000000e+00 1.26000000e-03 5.00000000e-02
      vertex 9.83799546e-01 3.51054010e-03 5.00000000e-02
      vertex 9.81227618e-01 3.86373450e-03 5.00000000e-02
    endloop
  endfacet
  facet normal 0.00000000e+00 0.00000000e+00 1.00000000e+00
    outer loop
      vertex 1.00000000e+00 1.26000000e-03 5.00000000e-02
      vertex 9.81227618e-01 3.86373450e-03 5.00000000e-02
      vertex 9.78470168e-01 4.24117847e-03 5.00000000e-02
    endloop
  endfacet
  facet normal 0.00000000e+00 0.00000000e+00 1.00000000e+00
    outer loop
      vertex 1.00000000e+00 1.26000000e-03 5.00000000e-02
      vertex 9.78470168e-01 4.24117847e-03 5.00000000e-02
      vertex 9.75528258e-01 4.64247870e-03 5.00000000e-02
    endloop
  endfacet
  facet normal 0.00000000e+00 0.00000000e+00 1.00000000e+00
    outer loop
      vertex 1.00000000e+00 1.26000000e-03 5.00000000e-02
      vertex 9.75528258e-01 4.64247870e-03 5.00000000e-02
      vertex 9.72403023e-01 5.06722015e-03 5.00000000e-02
    endloop
  endfacet
  facet normal 0.00000000e+00 0.00000000e+00 1.00000000e+00
    outer loop
      vertex 1.00000000e+00 1.26000000e-03 5.00000000e-02
      vertex 9.72403023e-01 5.06722015e-03 5.00000000e-02
      vertex 9.69095668e-01 5.51496711e-03 5.00000000e-02
    endloop
  endfacet
  facet normal 0.00000000e+00 0.00000000e+00 1.00000000e+00
    outer loop
      vertex 1.00000000e+00 1.26000000e-03 5.00000000e-02
      vertex 9.69095668e-01 5.51496711e-03 5.00000000e-02
      vertex 9.65607467e-01 5.98526411e-03 5.00000000e-02
    endloop
  endfacet
  facet normal 0.00000000e+00 0.00000000e+00 1.00000000e+00
    outer loop
      vertex 1.00000000e+00 1.26000000e-03 5.00000000e-02
      vertex 9.65607467e-01 5.98526411e-03 5.00000000e-02
      vertex 9.61939766e-01 6.47763698e-03 5.00000000e-02
    endloop
  endfacet
  facet normal 0.00000000e+00 0.00000000e+00 1.00000000e+00
    outer loop
      vertex 1.00000000e+00 1.26000000e-03 5.00000000e-02
      vertex 9.61939766e-01 6.47763698e-03 5.00000000e-02
      vertex 9.58093979e-01 6.99159386e-03 5.00000000e-02
    endloop
  endfacet
  facet normal 0.00000000e+00 0.00000000e+00 1.00000000e+00
    outer loop
      vertex 1.00000000e+00 1.26000000e-03 5.00000000e-02
      vertex 9.58093979e-01 6.99159386e-03 5.00000000e-02
      vertex 9.54071587e-01 7.52662619e-03 5.00000000e-02
    endloop
  endfacet
  facet normal 0.00000000e+00 0.00000000e+00 1.00000000e+00
    outer loop
      vertex 1.00000000e+00 1.26000000e-03 5.00000000e-02
      vertex 9.54071587e-01 7.52662619e-03 5.00000000e-02
      vertex 9.49874142e-01 8.08220980e-03 5.00000000e-02
    endloop
  endfacet
  facet normal 0.00000000e+00 0.00000000e+00 1.00000000e+00
    outer loop
      vertex 1.00000000e+00 1.26000000e-03 5.00000000e-02
      vertex 9.49874142e-01 8.08220980e-03 5.00000000e-02
      vertex 9.45503262e-01 8.65780588e-03 5.00000000e-02
    endloop
  endfacet
  facet normal 0.00000000e+00 0.00000000e+00 1.00000000e+00
    outer loop
      vertex 1.00000000e+00 1.26000000e-03 5.00000000e-02
      vertex 9.45503262e-01 8.65780588e-03 5.00000000e-02
      vertex 9.40960632e-01 9.25286203e-03 5.00000000e-02
    endloop
  endfacet
  facet normal 0.00000000e+00 0.00000000e+00 1.00000000e+00
    outer loop
      vertex 1.00000000e+00 1.26000000e-03 5.00000000e-02
      vertex 9.40960632e-01 9.25286203e-03 5.00000000e-02
      vertex 9.36248004e-01 9.86681320e-03 5.00000000e-02
    endloop
  endfacet
  facet normal 0.00000000e+00 0.00000000e+00 1.00000000e+00
    outer loop
      vertex 1.00000000e+00 1.26000000e-03 5.00000000e-02
      vertex 9.36248004e-01 9.86681320e-03 5.00000000e-02
      vertex 9.31367193e-01 1.04990827e-02 5.00000000e-02
    endloop
  endfacet
  facet normal 0.00000000e+00 0.00000000e+00 1.00000000e+00
    outer loop
      vertex 1.00000000e+00 1.26000000e-03 5.00000000e-02
      vertex 9.31367193e-01 1.04990827e-02 5.00000000e-02
      vertex 9.26320082e-01 1.11490832e-02 5.00000000e-02
    endloop
  endfacet
  facet normal 0.00000000e+00 0.00000000e+00 1.00000000e+00
    outer loop
      vertex 1.00000000e+00 1.26000000e-03 5.00000000e-02
      vertex 9.26320082e-01 1.11490832e-02 5.00000000e-02
      vertex 9.21108617e-01 1.18162174e-02 5.00000000e-02
    endloop
  endfacet
  facet normal 0.00000000e+00 0.00000000e+00 1.00000000e+00
    outer loop
      vertex 1.00000000e+00 1.26000000e-03 5.00000000e-02
      vertex 9.21108617e-01 1.18162174e-02 5.00000000e-02
      vertex 9.15734806e-01 1.24998793e-02 5.00000000e-02
    endloop
  endfacet
  facet normal 0.00000000e+00 0.00000000e+00 1.00000000e+00
    outer loop
      vertex 1.00000000e+00 1.26000000e-03 5.00000000e-02
      vertex 9.15734806e-01 1.24998793e-02 5.00000000e-02
      vertex 9.10200722e-01 1.31994545e-02 5.00000000e-02
    endloop
  endfacet
  facet normal 0.00000000e+00 0.00000000e+00 1.00000000e+00
    outer loop
      vertex 1.00000000e+00 1.26000000e-03 5.00000000e-02
      vertex 9.10200722e-01 1.31994545e-02 5.00000000e-02
      vertex 9.04508497e-01 1.39143215e-02 5.00000000e-02
    endloop
  endfacet
  facet normal 0.00000000e+00 0.00000000e+00 1.00000000e+00
    outer loop
      vertex 1.00000000e+00 1.26000000e-03 5.00000000e-02
      vertex 9.04508497e-01 1.39143215e-02 5.00000000e-02
      vertex 8.98660327e-01 1.46438521e-02 5.00000000e-02
    endloop
  endfacet
  facet normal 0.00000000e+00 0.00000000e+00 1.00000000e+00
    outer loop
      vertex 1.00000000e+00 1.26000000e-03 5.00000000e-02
      vertex 8.98660327e-01 1.46438521e-02 5.00000000e-02
      vertex 8.92658465e-01 1.53874122e-02 5.00000000e-02
    endloop
  endfacet
  facet normal 0.00000000e+00 0.00000000e+00 1.00000000e+00
    outer loop
      vertex 1.00000000e+00 1.26000000e-03 5.00000000e-02
      vertex 8.92658465e-01 1.53874122e-02 5.00000000e-02
      vertex 8.86505227e-01 1.61443623e-02 5.00000000e-02
    endloop
  endfacet
  facet normal 0.00000000e+00 0.00000000e+00 1.00000000e+00
    outer loop
      vertex 1.00000000e+00 1.26000000e-03 5.00000000e-02
      vertex 8.86505227e-01 1.61443623e-02 5.00000000e-02
      vertex 8.80202983e-01 1.69140581e-02 5.00000000e-02
    endloop
  endfacet
  facet normal 0.00000000e+00 0.00000000e+00 1.00000000e+00
    outer loop
      vertex 1.00000000e+00 1.26000000e-03 5.00000000e-02
      vertex 8.80202983e-01 1.69140581e-02 5.00000000e-02
      vertex 8.73754163e-01 1.76958511e-02 5.00000000e-02
    endloop
  endfacet
  facet normal 0.00000000e+00 0.00000000e+00 1.00000000e+00
    outer loop
      vertex 1.00000000e+00 1.26000000e-03 5.00000000e-02
      vertex 8.73754163e-01 1.76958511e-02 5.00000000e-02
      vertex 8.67161255e-01 1.84890889e-02 5.00000000e-02
    endloop
  endfacet
  facet normal 0.00000000e+00 0.00000000e+00 1.00000000e+00
    outer loop
      vertex 1.00000000e+00 1.26000000e-03 5.00000000e-02
      vertex 8.67161255e-01 1.84890889e-02 5.00000000e-02
      vertex 8.60426798e-01 1.92931155e-02 5.00000000e-02
    endloop
  endfacet
  facet normal 0.00000000e+00 0.00000000e+00 1.00000000e+00
    outer loop
      vertex 1.00000000e+00 1.26000000e-03 5.00000000e-02
      vertex 8.60426798e-01 1.92931155e-02 5.00000000e-02
      vertex 8.53553391e-01 2.01072719e-02 5.00000000e-02
    endloop
  endfacet
  facet normal 0.00000000e+00 0.00000000e+00 1.00000000e+00
    outer loop
      vertex 1.00000000e+00 1.26000000e-03 5.00000000e-02
      vertex 8.53553391e-01 2.01072719e-02 5.00000000e-02
      vertex 8.46543681e-01 2.09308959e-02 5.00000000e-02
    endloop
  endfacet
  facet normal 0.00000000e+00 0.00000000e+00 1.00000000e+00
    outer loop
      vertex 1.00000000e+00 1.26000000e-03 5.00000000e-02
      vertex 8.46543681e-01 2.09308959e-02 5.00000000e-02
      vertex 8.39400373e-01 2.17633227e-02 5.00000000e-02
    endloop
  endfacet
  facet normal 0.00000000e+00 0.00000000e+00 1.00000000e+00
    outer loop
      vertex 1.00000000e+00 1.26000000e-03 5.00000000e-02
      vertex 8.39400373e-01 2.17633227e-02 5.00000000e-02
      vertex 8.32126219e-01 2.26038846e-02 5.00000000e-02
    endloop
  endfacet
  facet normal 0.00000000e+00 0.00000000e+00 1.00000000e+00
    outer loop
      vertex 1.00000000e+00 1.26000000e-03 5.00000000e-02
      vertex 8.32126219e-01 2.26038846e-02 5.00000000e-02
      vertex 8.24724024e-01 2.34519114e-02 5.00000000e-02
    endloop
  endfacet
  facet normal 0.00000000e+00 0.00000000e+00 1.00000000e+00
    outer loop
      vertex 1.00000000e+00 1.26000000e-03 5.00000000e-02
      vertex 8.24724024e-01 2.34519114e-02 5.00000000e-02
      vertex 8.17196642e-01 2.43067300e-02 5.00000000e-02
    endloop
  endfacet
  facet normal 0.00000000e+00 0.00000000e+00 1.00000000e+00
    outer loop
      vertex 1.00000000e+00 1.26000000e-03 5.00000000e-02
      vertex 8.17196642e-01 2.43067300e-02 5.00000000e-02
      vertex 8.09546975e-01 2.51676648e-02 5.00000000e-02
    endloop
  endfacet
  facet normal 0.00000000e+00 0.00000000e+00 1.00000000e+00
    outer loop
      vertex 1.00000000e+00 1.26000000e-03 5.00000000e-02
      vertex 8.09546975e-01 2.51676648e-02 5.00000000e-02
      vertex 8.01777971e-01 2.60340372e-02 5.00000000e-02
    endloop
  endfacet
  facet normal 0.00000000e+00 0.00000000e+00 1.00000000e+00
    outer loop
      vertex 1.00000000e+00 1.26000000e-03 5.00000000e-02
      vertex 8.01777971e-01 2.60340372e-02 5.00000000e-02
      vertex 7.93892626e-01 2.69051656e-02 5.00000000e-02
    endloop
  endfacet
  facet normal 0.00000000e+00 0.00000000e+00 1.00000000e+00
    outer loop
      vertex 1.00000000e+00 1.26000000e-03 5.00000000e-02
      vertex 7.93892626e-01 2.69051656e-02 5.00000000e-02
      vertex 7.85893980e-01 2.77803649e-02 5.00000000e-02
    endloop
  endfacet
  facet normal 0.00000000e+00 0.00000000e+00 1.00000000e+00
    outer loop
      vertex 1.00000000e+00 1.26000000e-03 5.00000000e-02
      vertex 7.85893980e-01 2.77803649e-02 5.00000000e-02
      vertex 7.77785117e-01 2.86589468e-02 5.00000000e-02
    endloop
  endfacet
  facet normal 0.00000000e+00 0.00000000e+00 1.00000000e+00
    outer loop
      vertex 1.00000000e+00 1.26000000e-03 5.00000000e-02
      vertex 7.77785117e-01 2.86589468e-02 5.00000000e-02
      vertex 7.69569161e-01 2.95402190e-02 5.00000000e-02
    endloop
  endfacet
  facet normal 0.00000000e+00 0.00000000e+00 1.00000000e+00
    outer loop
      vertex 1.00000000e+00 1.26000000e-03 5.00000000e-02
      vertex 7.69569161e-01 2.95402190e-02 5.00000000e-02
      vertex 7.61249282e-01 3.04234850e-02 5.00000000e-02
    endloop
  endfacet
  facet normal 0.00000000e+00 0.00000000e+00 1.00000000e+00
    outer loop
      vertex 1.00000000e+00 1.26000000e-03 5.00000000e-02
      vertex 7.61249282e-01 3.04234850e-02 5.00000000e-02
      vertex 7.52828687e-01 3.13080439e-02 5.00000000e-02
    endloop
  endfacet
  facet normal 0.00000000e+00 0.00000000e+00 1.00000000e+00
    outer loop
      vertex 1.00000000e+00 1.26000000e-03 5.00000000e-02
      vertex 7.52828687e-01 3.13080439e-02 5.00000000e-02
      vertex 7.44310621e-01 3.21931898e-02 5.00000000e-02
    endloop
  endfacet
  facet normal 0.00000000e+00 0.00000000e+00 1.00000000e+00
    outer loop
      vertex 1.00000000e+00 1.26000000e-03 5.00000000e-02
      vertex 7.44310621e-01 3.21931898e-02 5.00000000e-02
      vertex 7.35698368e-01 3.30782117e-02 5.00000000e-02
    endloop
  endfacet
  facet normal 0.00000000e+00 0.00000000e+00 1.00000000e+00
    outer loop
      vertex 1.00000000e+00 1.26000000e-03 5.00000000e-02
      vertex 7.35698368e-01 3.30782117e-02 5.00000000e-02
      vertex 7.26995250e-01 3.39623928e-02 5.00000000e-02
    endloop
  endfacet
  facet normal 0.00000000e+00 0.00000000e+00 1.00000000e+00
    outer loop
      vertex 1.00000000e+00 1.26000000e-03 5.00000000e-02
      vertex 7.26995250e-01 3.39623928e-02 5.00000000e-02
      vertex 7.18204620e-01 3.48450104e-02 5.00000000e-02
    endloop
  endfacet
  facet normal 0.00000000e+00 0.00000000e+00 1.00000000e+00
    outer loop
      vertex 1.00000000e+00 1.26000000e-03 5.00000000e-02
      vertex 7.18204620e-01 3.48450104e-02 5.00000000e-02
      vertex 7.09329869e-01 3.57253353e-02 5.00000000e-02
    endloop
  endfacet
  facet normal 0.00000000e+00 0.00000000e+00 1.00000000e+00
    outer loop
      vertex 1.00000000e+00 1.26000000e-03 5.00000000e-02
      vertex 7.09329869e-01 3.57253353e-02 5.00000000e-02
      vertex 7.00374417e-01 3.66026314e-02 5.00000000e-02
    endloop
  endfacet
  facet normal 0.00000000e+00 0.00000000e+00 1.00000000e+00
    outer loop
      vertex 1.00000000e+00 1.26000000e-03 5.00000000e-02
      vertex 7.00374417e-01 3.66026314e-02 5.00000000e-02
      vertex 6.91341716e-01 3.74761558e-02 5.00000000e-02
    endloop
  endfacet
  facet normal 0.00000000e+00 0.00000000e+00 1.00000000e+00
    outer loop
      vertex 1.00000000e+00 1.26000000e-03 5.00000000e-02
      vertex 6.91341716e-01 3.74761558e-02 5.00000000e-02
      vertex 6.82235250e-01 3.83451578e-02 5.00000000e-02
    endloop
  endfacet
  facet normal 0.00000000e+00 0.00000000e+00 1.00000000e+00
    outer loop
      vertex 1.00000000e+00 1.26000000e-03 5.00000000e-02
      vertex 6.82235250e-01 3.83451578e-02 5.00000000e-02
      vertex 6.73058529e-01 3.92088792e-02 5.00000000e-02
    endloop
  endfacet
  facet normal 0.00000000e+00 0.00000000e+00 1.00000000e+00
    outer loop
      vertex 1.00000000e+00 1.26000000e-03 5.00000000e-02
      vertex 6.73058529e-01 3.92088792e-02 5.00000000e-02
      vertex 6.63815090e-01 4.00665538e-02 5.00000000e-02
    endloop
  endfacet
  facet normal 0.00000000e+00 0.00000000e+00 1.00000000e+00
    outer loop
      vertex 1.00000000e+00 1.26000000e-03 5.00000000e-02
      vertex 6.63815090e-01 4.00665538e-02 5.00000000e-02
      vertex 6.54508497e-01 4.09174072e-02 5.00000000e-02
    endloop
  endfacet
  facet normal 0.00000000e+00 0.00000000e+00 1.00000000e+00
    outer loop
      vertex 1.00000000e+00 1.26000000e-03 5.00000000e-02
      vertex 6.54508497e-01 4.09174072e-02 5.00000000e-02
      vertex 6.45142339e-01 4.17606566e-02 5.00000000e-02
    endloop
  endfacet
  facet normal 0.00000000e+00 0.00000000e+00 1.00000000e+00
    outer loop
      vertex 1.00000000e+00 1.26000000e-03 5.00000000e-02
      vertex 6.45142339e-01 4.17606566e-02 5.00000000e-02
      vertex 6.35720225e-01 4.25955110e-02 5.00000000e-02
    endloop
  endfacet
  facet normal 0.00000000e+00 0.00000000e+00 1.00000000e+00
    outer loop
      vertex 1.00000000e+00 1.26000000e-03 5.00000000e-02
      vertex 6.35720225e-01 4.25955110e-02 5.00000000e-02
      vertex 6.26245789e-01 4.34211708e-02 5.00000000e-02
    endloop
  endfacet
  facet normal 0.00000000e+00 0.00000000e+00 1.00000000e+00
    outer loop
      vertex 1.00000000e+00 1.26000000e-03 5.00000000e-02
      vertex 6.26245789e-01 4.34211708e-02 5.00000000e-02
      vertex 6.16722682e-01 4.42368282e-02 5.00000000e-02
    endloop
  endfacet
  facet normal 0.00000000e+00 0.00000000e+00 1.00000000e+00
    outer loop
      vertex 1.00000000e+00 1.26000000e-03 5.00000000e-02
      vertex 6.16722682e-01 4.42368282e-02 5.00000000e-02
      vertex 6.07154577e-01 4.50416669e-02 5.00000000e-02
    endloop
  endfacet
  facet normal 0.00000000e+00 0.00000000e+00 1.00000000e+00
    outer loop
      vertex 1.00000000e+00 1.26000000e-03 5.00000000e-02
      vertex 6.07154577e-01 4.50416669e-02 5.00000000e-02
      vertex 5.97545161e-01 4.58348629e-02 5.00000000e-02
    endloop
  endfacet
  facet normal 0.00000000e+00 0.00000000e+00 1.00000000e+00
    outer loop
      vertex 1.00000000e+00 1.26000000e-03 5.00000000e-02
      vertex 5.97545161e-01 4.58348629e-02 5.00000000e-02
      vertex 5.87898140e-01 4.66155843e-02 5.00000000e-02
    endloop
  endfacet
  facet normal 0.00000000e+00 0.00000000e+00 1.00000000e+00
    outer loop
      vertex 1.00000000e+00 1.26000000e-03 5.00000000e-02
      vertex 5.87898140e-01 4.66155843e-02 5.00000000e-02
      vertex 5.78217233e-01 4.73829917e-02 5.00000000e-02
    endloop
  endfacet
  facet normal 0.00000000e+00 0.00000000e+00 1.00000000e+00
    outer loop
      vertex 1.00000000e+00 1.26000000e-03 5.00000000e-02
      vertex 5.78217233e-01 4.73829917e-02 5.00000000e-02
      vertex 5.68506171e-01 4.81362390e-02 5.00000000e-02
    endloop
  endfacet
  facet normal 0.00000000e+00 0.00000000e+00 1.00000000e+00
    outer loop
      vertex 1.00000000e+00 1.26000000e-03 5.00000000e-02
      vertex 5.68506171e-01 4.81362390e-02 5.00000000e-02
      vertex 5.58768699e-01 4.88744736e-02 5.00000000e-02
    endloop
  endfacet
  facet normal 0.00000000e+00 0.00000000e+00 1.00000000e+00
    outer loop
      vertex 1.00000000e+00 1.26000000e-03 5.00000000e-02
      vertex 5.58768699e-01 4.88744736e-02 5.00000000e-02
      vertex 5.49008570e-01 4.95968372e-02 5.00000000e-02
    endloop
  endfacet
  facet normal 0.00000000e+00 0.00000000e+00 1.00000000e+00
    outer loop
      vertex 1.00000000e+00 1.26000000e-03 5.00000000e-02
      vertex 5.49008570e-01 4.95968372e-02 5.00000000e-02
      vertex 5.39229548e-01 5.03024666e-02 5.00000000e-02
    endloop
  endfacet
  facet normal 0.00000000e+00 0.00000000e+00 1.00000000e+00
    outer loop
      vertex 1.00000000e+00 1.26000000e-03 5.00000000e-02
      vertex 5.39229548e-01 5.03024666e-02 5.00000000e-02
      vertex 5.29435402e-01 5.09904944e-02 5.00000000e-02
    endloop
  endfacet
  facet normal 0.00000000e+00 0.00000000e+00 1.00000000e+00
    outer loop
      vertex 1.00000000e+00 1.26000000e-03 5.00000000e-02
      vertex 5.29435402e-01 5.09904944e-02 5.00000000e-02
      vertex 5.19629908e-01 5.16600499e-02 5.00000000e-02
    endloop
  endfacet
  facet normal 0.00000000e+00 0.00000000e+00 1.00000000e+00
    outer loop
      vertex 1.00000000e+00 1.26000000e-03 5.00000000e-02
      vertex 5.19629908e-01 5.16600499e-02 5.00000000e-02
      vertex 5.09816846e-01 5.23102604e-02 5.00000000e-02
    endloop
  endfacet
  facet normal 0.00000000e+00 0.00000000e+00 1.00000000e+00
    outer loop
      vertex 1.00000000e+00 1.26000000e-03 5.00000000e-02
      vertex 5.09816846e-01 5.23102604e-02 5.00000000e-02
      vertex 5.00000000e-01 5.29402520e-02 5.00000000e-02
    endloop
  endfacet
  facet normal 0.00000000e+00 0.00000000e+00 1.00000000e+00
    outer loop
      vertex 1.00000000e+00 1.26000000e-03 5.00000000e-02
      vertex 5.00000000e-01 5.29402520e-02 5.00000000e-02
      vertex 4.90183154e-01 5.35491509e-02 5.00000000e-02
    endloop
  endfacet
  facet normal 0.00000000e+00 0.00000000e+00 1.00000000e+00
    outer loop
      vertex 1.00000000e+00 1.26000000e-03 5.00000000e-02
      vertex 4.90183154e-01 5.35491509e-02 5.00000000e-02
      vertex 4.80370092e-01 5.41360847e-02 5.00000000e-02
    endloop
  endfacet
  facet normal 0.00000000e+00 0.00000000e+00 1.00000000e+00
    outer loop
      vertex 1.00000000e+00 1.26000000e-03 5.00000000e-02
      vertex 4.80370092e-01 5.41360847e-02 5.00000000e-02
      vertex 4.70564598e-01 5.47001839e-02 5.00000000e-02
    endloop
  endfacet
  facet normal 0.00000000e+00 0.00000000e+00 1.00000000e+00
    outer loop
      vertex 1.00000000e+00 1.26000000e-03 5.00000000e-02
      vertex 4.70564598e-01 5.47001839e-02 5.00000000e-02
      vertex 4.60770452e-01 5.52405832e-02 5.00000000e-02
    endloop
  endfacet
  facet normal 0.00000000e+00 0.00000000e+00 1.00000000e+00
    outer loop
      vertex 1.00000000e+00 1.26000000e-03 5.00000000e-02
      vertex 4.60770452e-01 5.52405832e-02 5.00000000e-02
      vertex 4.50991430e-01 5.57564229e-02 5.00000000e-02
    endloop
  endfacet
  facet normal 0.00000000e+00 0.00000000e+00 1.00000000e+00
    outer loop
      vertex 1.00000000e+00 1.26000000e-03 5.00000000e-02
      vertex 4.50991430e-01 5.57564229e-02 5.00000000e-02
      vertex 4.41231301e-01 5.62468509e-02 5.00000000e-02
    endloop
  endfacet
  facet normal 0.00000000e+00 0.00000000e+00 1.00000000e+00
    outer loop
      vertex 1.00000000e+00 1.26000000e-03 5.00000000e-02
      vertex 4.41231301e-01 5.62468509e-02 5.00000000e-02
      vertex 4.31493829e-01 5.67110240e-02 5.00000000e-02
    endloop
  endfacet
  facet normal 0.00000000e+00 0.00000000e+00 1.00000000e+00
    outer loop
      vertex 1.00000000e+00 1.26000000e-03 5.00000000e-02
      vertex 4.31493829e-01 5.67110240e-02 5.00000000e-02
      vertex 4.21782767e-01 5.71481096e-02 5.00000000e-02
    endloop
  endfacet
  facet normal 0.00000000e+00 0.00000000e+00 1.00000000e+00
    outer loop
      vertex 1.00000000e+00 1.26000000e-03 5.00000000e-02
      vertex 4.21782767e-01 5.71481096e-02 5.00000000e-02
      vertex 4.12101860e-01 5.75572878e-02 5.00000000e-02
    endloop
  endfacet
  facet normal 0.00000000e+00 0.00000000e+00 1.00000000e+00
    outer loop
      vertex 1.00000000e+00 1.26000000e-03 5.00000000e-02
      vertex 4.12101860e-01 5.75572878e-02 5.00000000e-02
      vertex 4.02454839e-01 5.79377529e-02 5.00000000e-02
    endloop
  endfacet
  facet normal 0.00000000e+00 0.00000000e+00 1.00000000e+00
    outer loop
      vertex 1.00000000e+00 1.26000000e-03 5.00000000e-02
      vertex 4.02454839e-01 5.79377529e-02 5.00000000e-02
      vertex 3.92845423e-01 5.82887153e-02 5.00000000e-02
    endloop
  endfacet
  facet normal 0.00000000e+00 0.00000000e+00 1.00000000e+00
    outer loop
      vertex 1.00000000e+00 1.26000000e-03 5.00000000e-02
      vertex 3.92845423e-01 5.82887153e-02 5.00000000e-02
      vertex 3.83277318e-01 5.86094035e-02 5.00000000e-02
    endloop
  endfacet
  facet normal 0.00000000e+00 0.00000000e+00 1.00000000e+00
    outer loop
      vertex 1.00000000e+00 1.26000000e-03 5.00000000e-02
      vertex 3.83277318e-01 5.86094035e-02 5.00000000e-02
      vertex 3.73754211e-01 5.88990656e-02 5.00000000e-02
    endloop
  endfacet
  facet normal 0.00000000e+00 0.00000000e+00 1.00000000e+00
    outer loop
      vertex 1.00000000e+00 1.26000000e-03 5.00000000e-02
      vertex 3.73754211e-01 5.88990656e-02 5.00000000e-02
      vertex 3.64279775e-01 5.91569718e-02 5.00000000e-02
    endloop
  endfacet
  facet normal 0.00000000e+00 0.00000000e+00 1.00000000e+00
    outer loop
      vertex 1.00000000e+00 1.26000000e-03 5.00000000e-02
      vertex 3.64279775e-01 5.91569718e-02 5.00000000e-02
      vertex 3.54857661e-01 5.93824158e-02 5.00000000e-02
    endloop
  endfacet
  facet normal 0.00000000e+00 0.00000000e+00 1.00000000e+00
    outer loop
      vertex 1.00000000e+00 1.26000000e-03 5.00000000e-02
      vertex 3.54857661e-01 5.93824158e-02 5.00000000e-02
      vertex 3.45491503e-01 5.95747168e-02 5.00000000e-02
    endloop
  endfacet
  facet normal 0.00000000e+00 0.00000000e+00 1.00000000e+00
    outer loop
      vertex 1.00000000e+00 1.26000000e-03 5.00000000e-02
      vertex 3.45491503e-01 5.95747168e-02 5.00000000e-02
      vertex 3.36184910e-01 5.97332212e-02 5.00000000e-02
    endloop
  endfacet
  facet normal 0.00000000e+00 0.00000000e+00 1.00000000e+00
    outer loop
      vertex 1.00000000e+00 1.26000000e-03 5.00000000e-02
      vertex 3.36184910e-01 5.97332212e-02 5.00000000e-02
      vertex 3.26941471e-01 5.98573050e-02 5.00000000e-02
    endloop
  endfacet
  facet normal 0.00000000e+00 0.00000000e+00 1.00000000e+00
    outer loop
      vertex 1.00000000e+00 1.26000000e-03 5.00000000e-02
      vertex 3.26941471e-01 5.98573050e-02 5.00000000e-02
      vertex 3.17764750e-01 5.99463746e-02 5.00000000e-02
    endloop
  endfacet
  facet normal 0.00000000e+00 0.00000000e+00 1.00000000e+00
    outer loop
      vertex 1.00000000e+00 1.26000000e-03 5.00000000e-02
      vertex 3.17764750e-01 5.99463746e-02 5.00000000e-02
      vertex 3.08658284e-01 5.99998697e-02 5.00000000e-02
    endloop
  endfacet
  facet normal 0.00000000e+00 0.00000000e+00 1.00000000e+00
    outer loop
      vertex 1.00000000e+00 1.26000000e-03 5.00000000e-02
      vertex 3.08658284e-01 5.99998697e-02 5.00000000e-02
      vertex 2.99625583e-01 6.00172638e-02 5.00000000e-02
    endloop
  endfacet
  facet normal 0.00000000e+00 0.00000000e+00 1.00000000e+00
    outer loop
      vertex 1.00000000e+00 1.26000000e-03 5.00000000e-02
      vertex 2.99625583e-01 6.00172638e-02 5.00000000e-02
      vertex 2.90670131e-01 5.99980667e-02 5.00000000e-02
    endloop
  endfacet
  facet normal 0.00000000e+00 0.00000000e+00 1.00000000e+00
    outer loop
      vertex 1.00000000e+00 1.26000000e-03 5.00000000e-02
      vertex 2.90670131e-01 5.99980667e-02 5.00000000e-02
      vertex 2.81795380e-01 5.99418255e-02 5.00000000e-02
    endloop
  endfacet
  facet normal 0.00000000e+00 0.00000000e+00 1.00000000e+00
    outer loop
      vertex 1.00000000e+00 1.26000000e-03 5.00000000e-02
      vertex 2.81795380e-01 5.99418255e-02 5.00000000e-02
      vertex 2.73004750e-01 5.98481262e-02 5.00000000e-02
    endloop
  endfacet
  facet normal 0.00000000e+00 0.00000000e+00 1.00000000e+00
    outer loop
      vertex 1.00000000e+00 1.26000000e-03 5.00000000e-02
      vertex 2.73004750e-01 5.98481262e-02 5.00000000e-02
      vertex 2.64301632e-01 5.97165950e-02 5.00000000e-02
    endloop
  endfacet
  facet normal 0.00000000e+00 0.00000000e+00 1.00000000e+00
    outer loop
      vertex 1.00000000e+00 1.26000000e-03 5.00000000e-02
      vertex 2.64301632e-01 5.97165950e-02 5.00000000e-02
      vertex 2.55689379e-01 5.95468995e-02 5.00000000e-02
    endloop
  endfacet
  facet normal 0.00000000e+00 0.00000000e+00 1.00000000e+00
    outer loop
      vertex 1.00000000e+00 1.26000000e-03 5.00000000e-02
      vertex 2.55689379e-01 5.95468995e-02 5.00000000e-02
      vertex 2.47171313e-01 5.93387498e-02 5.00000000e-02
    endloop
  endfacet
  facet normal 0.00000000e+00 0.00000000e+00 1.00000000e+00
    outer loop
      vertex 1.00000000e+00 1.26000000e-03 5.00000000e-02
      vertex 2.47171313e-01 5.93387498e-02 5.00000000e-02
      vertex 2.38750718e-01 5.90918996e-02 5.00000000e-02
    endloop
  endfacet
  facet normal 0.00000000e+00 0.00000000e+00 1.00000000e+00
    outer loop
      vertex 1.00000000e+00 1.26000000e-03 5.00000000e-02
      vertex 2.38750718e-01 5.90918996e-02 5.00000000e-02
      vertex 2.30430839e-01 5.88061467e-02 5.00000000e-02
    endloop
  endfacet
  facet normal 0.00000000e+00 0.00000000e+00 1.00000000e+00
    outer loop
      vertex 1.00000000e+00 1.26000000e-03 5.00000000e-02
      vertex 2.30430839e-01 5.88061467e-02 5.00000000e-02
      vertex 2.22214883e-01 5.84813342e-02 5.00000000e-02
    endloop
  endfacet
  facet normal 0.00000000e+00 0.00000000e+00 1.00000000e+00
    outer loop
      vertex 1.00000000e+00 1.26000000e-03 5.00000000e-02
      vertex 2.22214883e-01 5.84813342e-02 5.00000000e-02
      vertex 2.14106020e-01 5.81173505e-02 5.00000000e-02
    endloop
  endfacet
  facet normal 0.00000000e+00 0.00000000e+00 1.00000000e+00
    outer loop
      vertex 1.00000000e+00 1.26000000e-03 5.00000000e-02
      vertex 2.14106020e-01 5.81173505e-02 5.00000000e-02
      vertex 2.06107374e-01 5.77141302e-02 5.00000000e-02
    endloop
  endfacet
  facet normal 0.00000000e+00 0.00000000e+00 1.00000000e+00
    outer loop
      vertex 1.00000000e+00 1.26000000e-03 5.00000000e-02
      vertex 2.06107374e-01 5.77141302e-02 5.00000000e-02
      vertex 1.98222029e-01 5.72716542e-02 5.00000000e-02
    endloop
  endfacet
  facet normal 0.00000000e+00 0.00000000e+00 1.00000000e+00
    outer loop
      vertex 1.00000000e+00 1.26000000e-03 5.00000000e-02
      vertex 1.98222029e-01 5.72716542e-02 5.00000000e-02
      vertex 1.90453025e-01 5.67899496e-02 5.00000000e-02
    endloop
  endfacet
  facet normal 0.00000000e+00 0.00000000e+00 1.00000000e+00
    outer loop
      vertex 1.00000000e+00 1.26000000e-03 5.00000000e-02
      vertex 1.90453025e-01 5.67899496e-02 5.00000000e-02
      vertex 1.82803358e-01 5.62690898e-02 5.00000000e-02
    endloop
  endfacet
  facet normal 0.00000000e+00 0.00000000e+00 1.00000000e+00
    outer loop
      vertex 1.00000000e+00 1.26000000e-03 5.00000000e-02
      vertex 1.82803358e-01 5.62690898e-02 5.00000000e-02
      vertex 1.75275976e-01 5.57091943e-02 5.00000000e-02
    endloop
  endfacet
  facet normal 0.00000000e+00 0.00000000e+00 1.00000000e+00
    outer loop
      vertex 1.00000000e+00 1.26000000e-03 5.00000000e-02
      vertex 1.75275976e-01 5.57091943e-02 5.00000000e-02
      vertex 1.67873781e-01 5.51104282e-02 5.00000000e-02
    endloop
  endfacet
  facet normal 0.00000000e+00 0.00000000e+00 1.00000000e+00
    outer loop
      vertex 1.00000000e+00 1.26000000e-03 5.00000000e-02
      vertex 1.67873781e-01 5.51104282e-02 5.00000000e-02
      vertex 1.60599627e-01 5.44730018e-02 5.00000000e-02
    endloop
  endfacet
  facet normal 0.00000000e+00 0.00000000e+00 1.00000000e+00
    outer loop
      vertex 1.00000000e+00 1.26000000e-03 5.00000000e-02
      vertex 1.60599627e-01 5.44730018e-02 5.00000000e-02
      vertex 1.53456319e-01 5.37971696e-02 5.00000000e-02
    endloop
  endfacet
  facet normal 0.00000000e+00 0.00000000e+00 1.00000000e+00
    outer loop
      vertex 1.00000000e+00 1.26000000e-03 5.00000000e-02
      vertex 1.53456319e-01 5.37971696e-02 5.00000000e-02
      vertex 1.46446609e-01 5.30832297e-02 5.00000000e-02
    endloop
  endfacet
  facet normal 0.00000000e+00 0.00000000e+00 1.00000000e+00
    outer loop
      vertex 1.00000000e+00 1.26000000e-03 5.00000000e-02
      vertex 1.46446609e-01 5.30832297e-02 5.00000000e-02
      vertex 1.39573202e-01 5.23315223e-02 5.00000000e-02
    endloop
  endfacet
  facet normal 0.00000000e+00 0.00000000e+00 1.00000000e+00
    outer loop
      vertex 1.00000000e+00 1.26000000e-03 5.00000000e-02
      vertex 1.39573202e-01 5.23315223e-02 5.00000000e-02
      vertex 1.32838745e-01 5.15424291e-02 5.00000000e-02
    endloop
  endfacet
  facet normal 0.00000000e+00 0.00000000e+00 1.00000000e+00
    outer loop
      vertex 1.00000000e+00 1.26000000e-03 5.00000000e-02
      vertex 1.32838745e-01 5.15424291e-02 5.00000000e-02
      vertex 1.26245837e-01 5.07163713e-02 5.00000000e-02
    endloop
  endfacet
  facet normal 0.00000000e+00 0.00000000e+00 1.00000000e+00
    outer loop
      vertex 1.00000000e+00 1.26000000e-03 5.00000000e-02
      vertex 1.26245837e-01 5.07163713e-02 5.00000000e-02
      vertex 1.19797017e-01 4.98538084e-02 5.00000000e-02
    endloop
  endfacet
  facet normal 0.00000000e+00 0.00000000e+00 1.00000000e+00
    outer loop
      vertex 1.00000000e+00 1.26000000e-03 5.00000000e-02
      vertex 1.19797017e-01 4.98538084e-02 5.00000000e-02
      vertex 1.13494773e-01 4.89552364e-02 5.00000000e-02
    endloop
  endfacet
  facet normal 0.00000000e+00 0.00000000e+00 1.00000000e+00
    outer loop
      vertex 1.00000000e+00 1.26000000e-03 5.00000000e-02
      vertex 1.13494773e-01 4.89552364e-02 5.00000000e-02
      vertex 1.07341535e-01 4.80211859e-02 5.00000000e-02
    endloop
  endfacet
  facet normal 0.00000000e+00 0.00000000e+00 1.00000000e+00
    outer loop
      vertex 1.00000000e+00 1.26000000e-03 5.00000000e-02
      vertex 1.07341535e-01 4.80211859e-02 5.00000000e-02
      vertex 1.01339673e-01 4.70522202e-02 5.00000000e-02
    endloop
  endfacet
  facet normal 0.00000000e+00 0.00000000e+00 1.00000000e+00
    outer loop
      vertex 1.00000000e+00 1.26000000e-03 5.00000000e-02
      vertex 1.01339673e-01 4.70522202e-02 5.00000000e-02
      vertex 9.54915028e-02 4.60489332e-02 5.00000000e-02
    endloop
  endfacet
  facet normal 0.00000000e+00 0.00000000e+00 1.00000000e+00
    outer loop
      vertex 1.00000000e+00 1.26000000e-03 5.00000000e-02
      vertex 9.54915028e-02 4.60489332e-02 5.00000000e-02
      vertex 8.97992782e-02 4.50119470e-02 5.00000000e-02
    endloop
  endfacet
  facet normal 0.00000000e+00 0.00000000e+00 1.00000000e+00
    outer loop
      vertex 1.00000000e+00 1.26000000e-03 5.00000000e-02
      vertex 8.97992782e-02 4.50119470e-02 5.00000000e-02
      vertex 8.42651938e-02 4.39419099e-02 5.00000000e-02
    endloop
  endfacet
  facet normal 0.00000000e+00 0.00000000e+00 1.00000000e+00
    outer loop
      vertex 1.00000000e+00 1.26000000e-03 5.00000000e-02
      vertex 8.42651938e-02 4.39419099e-02 5.00000000e-02
      vertex 7.88913831e-02 4.28394934e-02 5.00000000e-02
    endloop
  endfacet
  facet normal 0.00000000e+00 0.00000000e+00 1.00000000e+00
    outer loop
      vertex 1.00000000e+00 1.26000000e-03 5.00000000e-02
      vertex 7.88913831e-02 4.28394934e-02 5.00000000e-02
      vertex 7.36799178e-02 4.17053902e-02 5.00000000e-02
    endloop
  endfacet
  facet normal 0.00000000e+00 0.00000000e+00 1.00000000e+00
    outer loop
      vertex 1.00000000e+00 1.26000000e-03 5.00000000e-02
      vertex 7.36799178e-02 4.17053902e-02 5.00000000e-02
      vertex 6.86328070e-02 4.05403113e-02 5.00000000e-02
    endloop
  endfacet
  facet normal 0.00000000e+00 0.00000000e+00 1.00000000e+00
    outer loop
      vertex 1.00000000e+00 1.26000000e-03 5.00000000e-02
      vertex 6.86328070e-02 4.05403113e-02 5.00000000e-02
      vertex 6.37519965e-02 3.93449830e-02 5.00000000e-02
    endloop
  endfacet
  facet normal 0.00000000e+00 0.00000000e+00 1.00000000e+00
    outer loop
      vertex 1.00000000e+00 1.26000000e-03 5.00000000e-02
      vertex 6.37519965e-02 3.93449830e-02 5.00000000e-02
      vertex 5.90393678e-02 3.81201448e-02 5.00000000e-02
    endloop
  endfacet
  facet normal 0.00000000e+00 0.00000000e+00 1.00000000e+00
    outer loop
      vertex 1.00000000e+00 1.26000000e-03 5.00000000e-02
      vertex 5.90393678e-02 3.81201448e-02 5.00000000e-02
      vertex 5.44967379e-02 3.68665459e-02 5.00000000e-02
    endloop
  endfacet
  facet normal 0.00000000e+00 0.00000000e+00 1.00000000e+00
    outer loop
      vertex 1.00000000e+00 1.26000000e-03 5.00000000e-02
      vertex 5.44967379e-02 3.68665459e-02 5.00000000e-02
      vertex 5.01258580e-02 3.55849430e-02 5.00000000e-02
    endloop
  endfacet
  facet normal 0.00000000e+00 0.00000000e+00 1.00000000e+00
    outer loop
      vertex 1.00000000e+00 1.26000000e-03 5.00000000e-02
      vertex 5.01258580e-02 3.55849430e-02 5.00000000e-02
      vertex 4.59284131e-02 3.42760966e-02 5.00000000e-02
    endloop
  endfacet
  facet normal 0.00000000e+00 0.00000000e+00 1.00000000e+00
    outer loop
      vertex 1.00000000e+00 1.26000000e-03 5.00000000e-02
      vertex 4.59284131e-02 3.42760966e-02 5.00000000e-02
      vertex 4.19060214e-02 3.29407689e-02 5.00000000e-02
    endloop
  endfacet
  facet normal 0.00000000e+00 0.00000000e+00 1.00000000e+00
    outer loop
      vertex 1.00000000e+00 1.26000000e-03 5.00000000e-02
      vertex 4.19060214e-02 3.29407689e-02 5.00000000e-02
      vertex 3.80602337e-02 3.15797204e-02 5.00000000e-02
    endloop
  endfacet
  facet normal 0.00000000e+00 0.00000000e+00 1.00000000e+00
    outer loop
      vertex 1.00000000e+00 1.26000000e-03 5.00000000e-02
      vertex 3.80602337e-02 3.15797204e-02 5.00000000e-02
      vertex 3.43925326e-02 3.01937071e-02 5.00000000e-02
    endloop
  endfacet
  facet normal 0.00000000e+00 0.00000000e+00 1.00000000e+00
    outer loop
      vertex 1.00000000e+00 1.26000000e-03 5.00000000e-02
      vertex 3.43925326e-02 3.01937071e-02 5.00000000e-02
      vertex 3.09043320e-02 2.87834779e-02 5.00000000e-02
    endloop
  endfacet
  facet normal 0.00000000e+00 0.00000000e+00 1.00000000e+00
    outer loop
      vertex 1.00000000e+00 1.26000000e-03 5.00000000e-02
      vertex 3.09043320e-02 2.87834779e-02 5.00000000e-02
      vertex 2.75969768e-02 2.73497713e-02 5.00000000e-02
    endloop
  endfacet
  facet normal 0.00000000e+00 0.00000000e+00 1.00000000e+00
    outer loop
      vertex 1.00000000e+00 1.26000000e-03 5.00000000e-02
      vertex 2.75969768e-02 2.73497713e-02 5.00000000e-02
      vertex 2.44717419e-02 2.58933132e-02 5.00000000e-02
    endloop
  endfacet
  facet normal 0.00000000e+00 0.00000000e+00 1.00000000e+00
    outer loop
      vertex 1.00000000e+00 1.26000000e-03 5.00000000e-02
      vertex 2.44717419e-02 2.58933132e-02 5.00000000e-02
      vertex 2.15298321e-02 2.44148136e-02 5.00000000e-02
    endloop
  endfacet
  facet normal 0.00000000e+00 0.00000000e+00 1.00000000e+00
    outer loop
      vertex 1.00000000e+00 1.26000000e-03 5.00000000e-02
      vertex 2.15298321e-02 2.44148136e-02 5.00000000e-02
      vertex 1.87723818e-02 2.29149646e-02 5.00000000e-02
    endloop
  endfacet
  facet normal 0.00000000e+00 0.00000000e+00 1.00000000e+00
    outer loop
      vertex 1.00000000e+00 1.26000000e-03 5.00000000e-02
      vertex 1.87723818e-02 2.29149646e-02 5.00000000e-02
      vertex 1.62004538e-02 2.13944373e-02 5.00000000e-02
    endloop
  endfacet
  facet normal 0.00000000e+00 0.00000000e+00 1.00000000e+00
    outer loop
      vertex 1.00000000e+00 1.26000000e-03 5.00000000e-02
      vertex 1.62004538e-02 2.13944373e-02 5.00000000e-02
      vertex 1.38150398e-02 1.98538797e-02 5.00000000e-02
    endloop
  endfacet
  facet normal 0.00000000e+00 0.00000000e+00 1.00000000e+00
    outer loop
      vertex 1.00000000e+00 1.26000000e-03 5.00000000e-02
      vertex 1.38150398e-02 1.98538797e-02 5.00000000e-02
      vertex 1.16170593e-02 1.82939143e-02 5.00000000e-02
    endloop
  endfacet
  facet normal 0.00000000e+00 0.00000000e+00 1.00000000e+00
    outer loop
      vertex 1.00000000e+00 1.26000000e-03 5.00000000e-02
      vertex 1.16170593e-02 1.82939143e-02 5.00000000e-02
      vertex 9.60735980e-03 1.67151358e-02 5.00000000e-02
    endloop
  endfacet
  facet normal 0.00000000e+00 0.00000000e+00 1.00000000e+00
    outer loop
      vertex 1.00000000e+00 1.26000000e-03 5.00000000e-02
      vertex 9.60735980e-03 1.67151358e-02 5.00000000e-02
      vertex 7.78671596e-03 1.51181093e-02 5.00000000e-02
    endloop
  endfacet
  facet normal 0.00000000e+00 0.00000000e+00 1.00000000e+00
    outer loop
      vertex 1.00000000e+00 1.26000000e-03 5.00000000e-02
      vertex 7.78671596e-03 1.51181093e-02 5.00000000e-02
      vertex 6.15582970e-03 1.35033681e-02 5.00000000e-02
    endloop
  endfacet
  facet normal 0.00000000e+00 0.00000000e+00 1.00000000e+00
    outer loop
      vertex 1.00000000e+00 1.26000000e-03 5.00000000e-02
      vertex 6.15582970e-03 1.35033681e-02 5.00000000e-02
      vertex 4.71532978e-03 1.18714120e-02 5.00000000e-02
    endloop
  endfacet
  facet normal 0.00000000e+00 0.00000000e+00 1.00000000e+00
    outer loop
      vertex 1.00000000e+00 1.26000000e-03 5.00000000e-02
      vertex 4.71532978e-03 1.18714120e-02 5.00000000e-02
      vertex 3.46577152e-03 1.02227058e-02 5.00000000e-02
    endloop
  endfacet
  facet normal 0.00000000e+00 0.00000000e+00 1.00000000e+00
    outer loop
      vertex 1.00000000e+00 1.26000000e-03 5.00000000e-02
      vertex 3.46577152e-03 1.02227058e-02 5.00000000e-02
      vertex 2.40763666e-03 8.55767768e-03 5.00000000e-02
    endloop
  endfacet
  facet normal 0.00000000e+00 0.00000000e+00 1.00000000e+00
    outer loop
      vertex 1.00000000e+00 1.26000000e-03 5.00000000e-02
      vertex 2.40763666e-03 8.55767768e-03 5.00000000e-02
      vertex 1.54133313e-03 6.87671824e-03 5.00000000e-02
    endloop
  endfacet
  facet normal 0.00000000e+00 0.00000000e+00 1.00000000e+00
    outer loop
      vertex 1.00000000e+00 1.26000000e-03 5.00000000e-02
      vertex 1.54133313e-03 6.87671824e-03 5.00000000e-02
      vertex 8.67194908e-04 5.18017911e-03 5.00000000e-02
    endloop
  endfacet
  facet normal 0.00000000e+00 0.00000000e+00 1.00000000e+00
    outer loop
      vertex 1.00000000e+00 1.26000000e-03 5.00000000e-02
      vertex 8.67194908e-04 5.18017911e-03 5.00000000e-02
      vertex 3.85481880e-04 3.46837221e-03 5.00000000e-02
    endloop
  endfacet
  facet normal 0.00000000e+00 0.00000000e+00 1.00000000e+00
    outer loop
      vertex 1.00000000e+00 1.26000000e-03 5.00000000e-02
      vertex 3.85481880e-04 3.46837221e-03 5.00000000e-02
      vertex 9.63797590e-05 1.74156900e-03 5.00000000e-02
    endloop
  endfacet
  facet normal 0.00000000e+00 0.00000000e+00 1.00000000e+00
    outer loop
      vertex 1.00000000e+00 1.26000000e-03 5.00000000e-02
      vertex 9.63797590e-05 1.74156900e-03 5.00000000e-02
      vertex 0.00000000e+00 1.78140000e-07 5.00000000e-02
    endloop
  endfacet
  facet normal 0.00000000e+00 0.00000000e+00 1.00000000e+00
    outer loop
      vertex 1.00000000e+00 1.26000000e-03 5.00000000e-02
      vertex 0.00000000e+00 1.78140000e-07 5.00000000e-02
      vertex 9.63797590e-05 -1.74156900e-03 5.00000000e-02
    endloop
  endfacet
  facet normal 0.00000000e+00 0.00000000e+00 1.00000000e+00
    outer loop
      vertex 1.00000000e+00 1.26000000e-03 5.00000000e-02
      vertex 9.63797590e-05 -1.74156900e-03 5.00000000e-02
      vertex 3.85481880e-04 -3.46837221e-03 5.00000000e-02
    endloop
  endfacet
  facet normal 0.00000000e+00 0.00000000e+00 1.00000000e+00
    outer loop
      vertex 1.00000000e+00 1.26000000e-03 5.00000000e-02
      vertex 3.85481880e-04 -3.46837221e-03 5.00000000e-02
      vertex 8.67194908e-04 -5.18017911e-03 5.00000000e-02
    endloop
  endfacet
  facet normal 0.00000000e+00 0.00000000e+00 1.00000000e+00
    outer loop
      vertex 1.00000000e+00 1.26000000e-03 5.00000000e-02
      vertex 8.67194908e-04 -5.18017911e-03 5.00000000e-02
      vertex 1.54133313e-03 -6.87671824e-03 5.00000000e-02
    endloop
  endfacet
  facet normal 0.00000000e+00 0.00000000e+00 1.00000000e+00
    outer loop
      vertex 1.00000000e+00 1.26000000e-03 5.00000000e-02
      vertex 1.54133313e-03 -6.87671824e-03 5.00000000e-02
      vertex 2.40763666e-03 -8.55767768e-03 5.00000000e-02
    endloop
  endfacet
  facet normal 0.00000000e+00 0.00000000e+00 1.00000000e+00
    outer loop
      vertex 1.00000000e+00 1.26000000e-03 5.00000000e-02
      vertex 2.40763666e-03 -8.55767768e-03 5.00000000e-02
      vertex 3.46577152e-03 -1.02227058e-02 5.00000000e-02
    endloop
  endfacet
  facet normal 0.00000000e+00 0.00000000e+00 1.00000000e+00
    outer loop
      vertex 1.00000000e+00 1.26000000e-03 5.00000000e-02
      vertex 3.46577152e-03 -1.02227058e-02 5.00000000e-02
      vertex 4.71532978e-03 -1.18714120e-02 5.00000000e-02
    endloop
  endfacet
  facet normal 0.00000000e+00 0.00000000e+00 1.00000000e+00
    outer loop
      vertex 1.00000000e+00 1.26000000e-03 5.00000000e-02
      vertex 4.71532978e-03 -1.18714120e-02 5.00000000e-02
      vertex 6.15582970e-03 -1.35033681e-02 5.00000000e-02
    endloop
  endfacet
  facet normal 0.00000000e+00 0.00000000e+00 1.00000000e+00
    outer loop
      vertex 1.00000000e+00 1.26000000e-03 5.00000000e-02
      vertex 6.15582970e-03 -1.35033681e-02 5.00000000e-02
      vertex 7.78671596e-03 -1.51181093e-02 5.00000000e-02
    endloop
  endfacet
  facet normal 0.00000000e+00 0.00000000e+00 1.00000000e+00
    outer loop
      vertex 1.00000000e+00 1.26000000e-03 5.00000000e-02
      vertex 7.78671596e-03 -1.51181093e-02 5.00000000e-02
      vertex 9.60735980e-03 -1.67151358e-02 5.00000000e-02
    endloop
  endfacet
  facet normal 0.00000000e+00 0.00000000e+00 1.00000000e+00
    outer loop
      vertex 1.00000000e+00 1.26000000e-03 5.00000000e-02
      vertex 9.60735980e-03 -1.67151358e-02 5.00000000e-02
      vertex 1.16170593e-02 -1.82939143e-02 5.00000000e-02
    endloop
  endfacet
  facet normal 0.00000000e+00 0.00000000e+00 1.00000000e+00
    outer loop
      vertex 1.00000000e+00 1.26000000e-03 5.00000000e-02
      vertex 1.16170593e-02 -1.82939143e-02 5.00000000e-02
      vertex 1.38150398e-02 -1.98538797e-02 5.00000000e-02
    endloop
  endfacet
  facet normal 0.00000000e+00 0.00000000e+00 1.00000000e+00
    outer loop
      vertex 1.00000000e+00 1.26000000e-03 5.00000000e-02
      vertex 1.38150398e-02 -1.98538797e-02 5.00000000e-02
      vertex 1.62004538e-02 -2.13944373e-02 5.00000000e-02
    endloop
  endfacet
  facet normal 0.00000000e+00 0.00000000e+00 1.00000000e+00
    outer loop
      vertex 1.00000000e+00 1.26000000e-03 5.00000000e-02
      vertex 1.62004538e-02 -2.13944373e-02 5.00000000e-02
      vertex 1.87723818e-02 -2.29149646e-02 5.00000000e-02
    endloop
  endfacet
  facet normal 0.00000000e+00 0.00000000e+00 1.00000000e+00
    outer loop
      vertex 1.00000000e+00 1.26000000e-03 5.00000000e-02
      vertex 1.87723818e-02 -2.29149646e-02 5.00000000e-02
      vertex 2.15298321e-02 -2.44148136e-02 5.00000000e-02
    endloop
  endfacet
  facet normal 0.00000000e+00 0.00000000e+00 1.00000000e+00
    outer loop
      vertex 1.00000000e+00 1.26000000e-03 5.00000000e-02
      vertex 2.15298321e-02 -2.44148136e-02 5.00000000e-02
      vertex 2.44717419e-02 -2.58933132e-02 5.00000000e-02
    endloop
  endfacet
  facet normal 0.00000000e+00 0.00000000e+00 1.00000000e+00
    outer loop
      vertex 1.00000000e+00 1.26000000e-03 5.00000000e-02
      vertex 2.44717419e-02 -2.58933132e-02 5.00000000e-02
      vertex 2.75969768e-02 -2.73497713e-02 5.00000000e-02
    endloop
  endfacet
  facet normal 0.00000000e+00 0.00000000e+00 1.00000000e+00
    outer loop
      vertex 1.00000000e+00 1.26000000e-03 5.00000000e-02
      vertex 2.75969768e-02 -2.73497713e-02 5.00000000e-02
      vertex 3.09043320e-02 -2.87834779e-02 5.00000000e-02
    endloop
  endfacet
  facet normal 0.00000000e+00 0.00000000e+00 1.00000000e+00
    outer loop
      vertex 1.00000000e+00 1.26000000e-03 5.00000000e-02
      vertex 3.09043320e-02 -2.87834779e-02 5.00000000e-02
      vertex 3.43925326e-02 -3.01937071e-02 5.00000000e-02
    endloop
  endfacet
  facet normal 0.00000000e+00 0.00000000e+00 1.00000000e+00
    outer loop
      vertex 1.00000000e+00 1.26000000e-03 5.00000000e-02
      vertex 3.43925326e-02 -3.01937071e-02 5.00000000e-02
      vertex 3.80602337e-02 -3.15797204e-02 5.00000000e-02
    endloop
  endfacet
  facet normal 0.00000000e+00 0.00000000e+00 1.00000000e+00
    outer loop
      vertex 1.00000000e+00 1.26000000e-03 5.00000000e-02
      vertex 3.80602337e-02 -3.15797204e-02 5.00000000e-02
      vertex 4.19060214e-02 -3.29407689e-02 5.00000000e-02
    endloop
  endfacet
  facet normal 0.00000000e+00 0.00000000e+00 1.00000000e+00
    outer loop
      vertex 1.00000000e+00 1.26000000e-03 5.00000000e-02
      vertex 4.19060214e-02 -3.29407689e-02 5.00000000e-02
      vertex 4.59284131e-02 -3.42760966e-02 5.00000000e-02
    endloop
  endfacet
  facet normal 0.00000000e+00 0.00000000e+00 1.00000000e+00
    outer loop
      vertex 1.00000000e+00 1.26000000e-03 5.00000000e-02
      vertex 4.59284131e-02 -3.42760966e-02 5.00000000e-02
      vertex 5.01258580e-02 -3.55849430e-02 5.00000000e-02
    endloop
  endfacet
  facet normal 0.00000000e+00 0.00000000e+00 1.00000000e+00
    outer loop
      vertex 1.00000000e+00 1.26000000e-03 5.00000000e-02
      vertex 5.01258580e-02 -3.55849430e-02 5.00000000e-02
      vertex 5.44967379e-02 -3.68665459e-02 5.00000000e-02
    endloop
  endfacet
  facet normal 0.00000000e+00 0.00000000e+00 1.00000000e+00
    outer loop
      vertex 1.00000000e+00 1.26000000e-03 5.00000000e-02
      vertex 5.44967379e-02 -3.68665459e-02 5.00000000e-02
      vertex 5.90393678e-02 -3.81201448e-02 5.00000000e-02
    endloop
  endfacet
  facet normal 0.00000000e+00 0.00000000e+00 1.00000000e+00
    outer loop
      vertex 1.00000000e+00 1.26000000e-03 5.00000000e-02
      vertex 5.90393678e-02 -3.81201448e-02 5.00000000e-02
      vertex 6.37519965e-02 -3.93449830e-02 5.00000000e-02
    endloop
  endfacet
  facet normal 0.00000000e+00 0.00000000e+00 1.00000000e+00
    outer loop
      vertex 1.00000000e+00 1.26000000e-03 5.00000000e-02
      vertex 6.37519965e-02 -3.93449830e-02 5.00000000e-02
      vertex 6.86328070e-02 -4.05403113e-02 5.00000000e-02
    endloop
  endfacet
  facet normal 0.00000000e+00 0.00000000e+00 1.00000000e+00
    outer loop
      vertex 1.00000000e+00 1.26000000e-03 5.00000000e-02
      vertex 6.86328070e-02 -4.05403113e-02 5.00000000e-02
      vertex 7.36799178e-02 -4.17053902e-02 5.00000000e-02
    endloop
  endfacet
  facet normal 0.00000000e+00 0.00000000e+00 1.00000000e+00
    outer loop
      vertex 1.00000000e+00 1.26000000e-03 5.00000000e-02
      vertex 7.36799178e-02 -4.17053902e-02 5.00000000e-02
      vertex 7.88913831e-02 -4.28394934e-02 5.00000000e-02
    endloop
  endfacet
  facet normal 0.00000000e+00 0.00000000e+00 1.00000000e+00
    outer loop
      vertex 1.00000000e+00 1.26000000e-03 5.00000000e-02
      vertex 7.88913831e-02 -4.28394934e-02 5.00000000e-02
      vertex 8.42651938e-02 -4.39419099e-02 5.00000000e-02
    endloop
  endfacet
  facet normal 0.00000000e+00 0.00000000e+00 1.00000000e+00
    outer loop
      vertex 1.00000000e+00 1.26000000e-03 5.00000000e-02
      vertex 8.42651938e-02 -4.39419099e-02 5.00000000e-02
      vertex 8.97992782e-02 -4.50119470e-02 5.00000000e-02
    endloop
  endfacet
  facet normal 0.00000000e+00 0.00000000e+00 1.00000000e+00
    outer loop
      vertex 1.00000000e+00 1.26000000e-03 5.00000000e-02
      vertex 8.97992782e-02 -4.50119470e-02 5.00000000e-02
      vertex 9.54915028e-02 -4.60489332e-02 5.00000000e-02
    endloop
  endfacet
  facet normal 0.00000000e+00 0.00000000e+00 1.00000000e+00
    outer loop
      vertex 1.00000000e+00 1.26000000e-03 5.00000000e-02
      vertex 9.54915028e-02 -4.60489332e-02 5.00000000e-02
      vertex 1.01339673e-01 -4.70522202e-02 5.00000000e-02
    endloop
  endfacet
  facet normal 0.00000000e+00 0.00000000e+00 1.00000000e+00
    outer loop
      vertex 1.00000000e+00 1.26000000e-03 5.00000000e-02
      vertex 1.01339673e-01 -4.70522202e-02 5.00000000e-02
      vertex 1.07341535e-01 -4.80211859e-02 5.00000000e-02
    endloop
  endfacet
  facet normal 0.00000000e+00 0.00000000e+00 1.00000000e+00
    outer loop
      vertex 1.00000000e+00 1.26000000e-03 5.00000000e-02
      vertex 1.07341535e-01 -4.80211859e-02 5.00000000e-02
      vertex 1.13494773e-01 -4.89552364e-02 5.00000000e-02
    endloop
  endfacet
  facet normal 0.00000000e+00 0.00000000e+00 1.00000000e+00
    outer loop
      vertex 1.00000000e+00 1.26000000e-03 5.00000000e-02
      vertex 1.13494773e-01 -4.89552364e-02 5.00000000e-02
      vertex 1.19797017e-01 -4.98538084e-02 5.00000000e-02
    endloop
  endfacet
  facet normal 0.00000000e+00 0.00000000e+00 1.00000000e+00
    outer loop
      vertex 1.00000000e+00 1.26000000e-03 5.00000000e-02
      vertex 1.19797017e-01 -4.98538084e-02 5.00000000e-02
      vertex 1.26245837e-01 -5.07163713e-02 5.00000000e-02
    endloop
  endfacet
  facet normal 0.00000000e+00 0.00000000e+00 1.00000000e+00
    outer loop
      vertex 1.00000000e+00 1.26000000e-03 5.00000000e-02
      vertex 1.26245837e-01 -5.07163713e-02 5.00000000e-02
      vertex 1.32838745e-01 -5.15424291e-02 5.00000000e-02
    endloop
  endfacet
  facet normal 0.00000000e+00 0.00000000e+00 1.00000000e+00
    outer loop
      vertex 1.00000000e+00 1.26000000e-03 5.00000000e-02
      vertex 1.32838745e-01 -5.15424291e-02 5.00000000e-02
      vertex 1.39573202e-01 -5.23315223e-02 5.00000000e-02
    endloop
  endfacet
  facet normal 0.00000000e+00 0.00000000e+00 1.00000000e+00
    outer loop
      vertex 1.00000000e+00 1.26000000e-03 5.00000000e-02
      vertex 1.39573202e-01 -5.23315223e-02 5.00000000e-02
      vertex 1.46446609e-01 -5.30832297e-02 5.00000000e-02
    endloop
  endfacet
  facet normal 0.00000000e+00 0.00000000e+00 1.00000000e+00
    outer loop
      vertex 1.00000000e+00 1.26000000e-03 5.00000000e-02
      vertex 1.46446609e-01 -5.30832297e-02 5.00000000e-02
      vertex 1.53456319e-01 -5.37971696e-02 5.00000000e-02
    endloop
  endfacet
  facet normal 0.00000000e+00 0.00000000e+00 1.00000000e+00
    outer loop
      vertex 1.00000000e+00 1.26000000e-03 5.00000000e-02
      vertex 1.53456319e-01 -5.37971696e-02 5.00000000e-02
      vertex 1.60599627e-01 -5.44730018e-02 5.00000000e-02
    endloop
  endfacet
  facet normal 0.00000000e+00 0.00000000e+00 1.00000000e+00
    outer loop
      vertex 1.00000000e+00 1.26000000e-03 5.00000000e-02
      vertex 1.60599627e-01 -5.44730018e-02 5.00000000e-02
      vertex 1.67873781e-01 -5.51104282e-02 5.00000000e-02
    endloop
  endfacet
  facet normal 0.00000000e+00 0.00000000e+00 1.00000000e+00
    outer loop
      vertex 1.00000000e+00 1.26000000e-03 5.00000000e-02
      vertex 1.67873781e-01 -5.51104282e-02 5.00000000e-02
      vertex 1.75275976e-01 -5.57091943e-02 5.00000000e-02
    endloop
  endfacet
  facet normal 0.00000000e+00 0.00000000e+00 1.00000000e+00
    outer loop
      vertex 1.00000000e+00 1.26000000e-03 5.00000000e-02
      vertex 1.75275976e-01 -5.57091943e-02 5.00000000e-02
      vertex 1.82803358e-01 -5.62690898e-02 5.00000000e-02
    endloop
  endfacet
  facet normal 0.00000000e+00 0.00000000e+00 1.00000000e+00
    outer loop
      vertex 1.00000000e+00 1.26000000e-03 5.00000000e-02
      vertex 1.82803358e-01 -5.62690898e-02 5.00000000e-02
      vertex 1.90453025e-01 -5.67899496e-02 5.00000000e-02
    endloop
  endfacet
  facet normal 0.00000000e+00 0.00000000e+00 1.00000000e+00
    outer loop
      vertex 1.00000000e+00 1.26000000e-03 5.00000000e-02
      vertex 1.90453025e-01 -5.67899496e-02 5.00000000e-02
      vertex 1.98222029e-01 -5.72716542e-02 5.00000000e-02
    endloop
  endfacet
  facet normal 0.00000000e+00 0.00000000e+00 1.00000000e+00
    outer loop
      vertex 1.00000000e+00 1.26000000e-03 5.00000000e-02
      vertex 1.98222029e-01 -5.72716542e-02 5.00000000e-02
      vertex 2.06107374e-01 -5.77141302e-02 5.00000000e-02
    endloop
  endfacet
  facet normal 0.00000000e+00 0.00000000e+00 1.00000000e+00
    outer loop
      vertex 1.00000000e+00 1.26000000e-03 5.00000000e-02
      vertex 2.06107374e-01 -5.77141302e-02 5.00000000e-02
      vertex 2.14106020e-01 -5.81173505e-02 5.00000000e-02
    endloop
  endfacet
  facet normal 0.00000000e+00 0.00000000e+00 1.00000000e+00
    outer loop
      vertex 1.00000000e+00 1.26000000e-03 5.00000000e-02
      vertex 2.14106020e-01 -5.81173505e-02 5.00000000e-02
      vertex 2.22214883e-01 -5.84813342e-02 5.00000000e-02
    endloop
  endfacet
  facet normal 0.00000000e+00 0.00000000e+00 1.00000000e+00
    outer loop
      vertex 1.00000000e+00 1.26000000e-03 5.00000000e-02
      vertex 2.22214883e-01 -5.84813342e-02 5.00000000e-02
      vertex 2.30430839e-01 -5.88061467e-02 5.00000000e-02
    endloop
  endfacet
  facet normal 0.00000000e+00 0.00000000e+00 1.00000000e+00
    outer loop
      vertex 1.00000000e+00 1.26000000e-03 5.00000000e-02
      vertex 2.30430839e-01 -5.88061467e-02 5.00000000e-02
      vertex 2.38750718e-01 -5.90918996e-02 5.00000000e-02
    endloop
  endfacet
  facet normal 0.00000000e+00 0.00000000e+00 1.00000000e+00
    outer loop
      vertex 1.00000000e+00 1.26000000e-03 5.00000000e-02
      vertex 2.38750718e-01 -5.90918996e-02 5.00000000e-02
      vertex 2.47171313e-01 -5.93387498e-02 5.00000000e-02
    endloop
  endfacet
  facet normal 0.00000000e+00 0.00000000e+00 1.00000000e+00
    outer loop
      vertex 1.00000000e+00 1.26000000e-03 5.00000000e-02
      vertex 2.47171313e-01 -5.93387498e-02 5.00000000e-02
      vertex 2.55689379e-01 -5.95468995e-02 5.00000000e-02
    endloop
  endfacet
  facet normal 0.00000000e+00 0.00000000e+00 1.00000000e+00
    outer loop
      vertex 1.00000000e+00 1.26000000e-03 5.00000000e-02
      vertex 2.55689379e-01 -5.95468995e-02 5.00000000e-02
      vertex 2.64301632e-01 -5.97165950e-02 5.00000000e-02
    endloop
  endfacet
  facet normal 0.00000000e+00 0.00000000e+00 1.00000000e+00
    outer loop
      vertex 1.00000000e+00 1.26000000e-03 5.00000000e-02
      vertex 2.64301632e-01 -5.97165950e-02 5.00000000e-02
      vertex 2.73004750e-01 -5.98481262e-02 5.00000000e-02
    endloop
  endfacet
  facet normal 0.00000000e+00 0.00000000e+00 1.00000000e+00
    outer loop
      vertex 1.00000000e+00 1.26000000e-03 5.00000000e-02
      vertex 2.73004750e-01 -5.98481262e-02 5.00000000e-02
      vertex 2.81795380e-01 -5.99418255e-02 5.00000000e-02
    endloop
  endfacet
  facet normal 0.00000000e+00 0.00000000e+00 1.00000000e+00
    outer loop
      vertex 1.00000000e+00 1.26000000e-03 5.00000000e-02
      vertex 2.81795380e-01 -5.99418255e-02 5.00000000e-02
      vertex 2.90670131e-01 -5.99980667e-02 5.00000000e-02
    endloop
  endfacet
  facet normal 0.00000000e+00 0.00000000e+00 1.00000000e+00
    outer loop
      vertex 1.00000000e+00 1.26000000e-03 5.00000000e-02
      vertex 2.90670131e-01 -5.99980667e-02 5.00000000e-02
      vertex 2.99625583e-01 -6.00172638e-02 5.00000000e-02
    endloop
  endfacet
  facet normal 0.00000000e+00 0.00000000e+00 1.00000000e+00
    outer loop
      vertex 1.00000000e+00 1.26000000e-03 5.00000000e-02
      vertex 2.99625583e-01 -6.00172638e-02 5.00000000e-02
      vertex 3.08658284e-01 -5.99998697e-02 5.00000000e-02
    endloop
  endfacet
  facet normal 0.00000000e+00 0.00000000e+00 1.00000000e+00
    outer loop
      vertex 1.00000000e+00 1.26000000e-03 5.00000000e-02
      vertex 3.08658284e-01 -5.99998697e-02 5.00000000e-02
      vertex 3.17764750e-01 -5.99463746e-02 5.00000000e-02
    endloop
  endfacet
  facet normal 0.00000000e+00 0.00000000e+00 1.00000000e+00
    outer loop
      vertex 1.00000000e+00 1.26000000e-03 5.00000000e-02
      vertex 3.17764750e-01 -5.99463746e-02 5.00000000e-02
      vertex 3.26941471e-01 -5.98573050e-02 5.00000000e-02
    endloop
  endfacet
  facet normal 0.00000000e+00 0.00000000e+00 1.00000000e+00
    outer loop
      vertex 1.00000000e+00 1.26000000e-03 5.00000000e-02
      vertex 3.26941471e-01 -5.98573050e-02 5.00000000e-02
      vertex 3.36184910e-01 -5.97332212e-02 5.00000000e-02
    endloop
  endfacet
  facet normal 0.00000000e+00 0.00000000e+00 1.00000000e+00
    outer loop
      vertex 1.00000000e+00 1.26000000e-03 5.00000000e-02
      vertex 3.36184910e-01 -5.97332212e-02 5.00000000e-02
      vertex 3.45491503e-01 -5.95747168e-02 5.00000000e-02
    endloop
  endfacet
  facet normal 0.00000000e+00 0.00000000e+00 1.00000000e+00
    outer loop
      vertex 1.00000000e+00 1.26000000e-03 5.00000000e-02
      vertex 3.45491503e-01 -5.95747168e-02 5.00000000e-02
      vertex 3.54857661e-01 -5.93824158e-02 5.00000000e-02
    endloop
  endfacet
  facet normal 0.00000000e+00 0.00000000e+00 1.00000000e+00
    outer loop
      vertex 1.00000000e+00 1.26000000e-03 5.00000000e-02
      vertex 3.54857661e-01 -5.93824158e-02 5.00000000e-02
      vertex 3.64279775e-01 -5.91569718e-02 5.00000000e-02
    endloop
  endfacet
  facet normal 0.00000000e+00 0.00000000e+00 1.00000000e+00
    outer loop
      vertex 1.00000000e+00 1.26000000e-03 5.00000000e-02
      vertex 3.64279775e-01 -5.91569718e-02 5.00000000e-02
      vertex 3.73754211e-01 -5.88990656e-02 5.00000000e-02
    endloop
  endfacet
  facet normal 0.00000000e+00 0.00000000e+00 1.00000000e+00
    outer loop
      vertex 1.00000000e+00 1.26000000e-03 5.00000000e-02
      vertex 3.73754211e-01 -5.88990656e-02 5.00000000e-02
      vertex 3.83277318e-01 -5.86094035e-02 5.00000000e-02
    endloop
  endfacet
  facet normal 0.00000000e+00 0.00000000e+00 1.00000000e+00
    outer loop
      vertex 1.00000000e+00 1.26000000e-03 5.00000000e-02
      vertex 3.83277318e-01 -5.86094035e-02 5.00000000e-02
      vertex 3.92845423e-01 -5.82887153e-02 5.00000000e-02
    endloop
  endfacet
  facet normal 0.00000000e+00 0.00000000e+00 1.00000000e+00
    outer loop
      vertex 1.00000000e+00 1.26000000e-03 5.00000000e-02
      vertex 3.92845423e-01 -5.82887153e-02 5.00000000e-02
      vertex 4.02454839e-01 -5.79377529e-02 5.00000000e-02
    endloop
  endfacet
  facet normal 0.00000000e+00 0.00000000e+00 1.00000000e+00
    outer loop
      vertex 1.00000000e+00 1.26000000e-03 5.00000000e-02
      vertex 4.02454839e-01 -5.79377529e-02 5.00000000e-02
      vertex 4.12101860e-01 -5.75572878e-02 5.00000000e-02
    endloop
  endfacet
  facet normal 0.00000000e+00 0.00000000e+00 1.00000000e+00
    outer loop
      vertex 1.00000000e+00 1.26000000e-03 5.00000000e-02
      vertex 4.12101860e-01 -5.75572878e-02 5.00000000e-02
      vertex 4.21782767e-01 -5.71481096e-02 5.00000000e-02
    endloop
  endfacet
  facet normal 0.00000000e+00 0.00000000e+00 1.00000000e+00
    outer loop
      vertex 1.00000000e+00 1.26000000e-03 5.00000000e-02
      vertex 4.21782767e-01 -5.71481096e-02 5.00000000e-02
      vertex 4.31493829e-01 -5.67110240e-02 5.00000000e-02
    endloop
  endfacet
  facet normal 0.00000000e+00 0.00000000e+00 1.00000000e+00
    outer loop
      vertex 1.00000000e+00 1.26000000e-03 5.00000000e-02
      vertex 4.31493829e-01 -5.67110240e-02 5.00000000e-02
      vertex 4.41231301e-01 -5.62468509e-02 5.00000000e-02
    endloop
  endfacet
  facet normal 0.00000000e+00 0.00000000e+00 1.00000000e+00
    outer loop
      vertex 1.00000000e+00 1.26000000e-03 5.00000000e-02
      vertex 4.41231301e-01 -5.62468509e-02 5.00000000e-02
      vertex 4.50991430e-01 -5.57564229e-02 5.00000000e-02
    endloop
  endfacet
  facet normal 0.00000000e+00 0.00000000e+00 1.00000000e+00
    outer loop
      vertex 1.00000000e+00 1.26000000e-03 5.00000000e-02
      vertex 4.50991430e-01 -5.57564229e-02 5.00000000e-02
      vertex 4.60770452e-01 -5.52405832e-02 5.00000000e-02
    endloop
  endfacet
  facet normal 0.00000000e+00 0.00000000e+00 1.00000000e+00
    outer loop
      vertex 1.00000000e+00 1.26000000e-03 5.00000000e-02
      vertex 4.60770452e-01 -5.52405832e-02 5.00000000e-02
      vertex 4.70564598e-01 -5.47001839e-02 5.00000000e-02
    endloop
  endfacet
  facet normal 0.00000000e+00 0.00000000e+00 1.00000000e+00
    outer loop
      vertex 1.00000000e+00 1.26000000e-03 5.00000000e-02
      vertex 4.70564598e-01 -5.47001839e-02 5.00000000e-02
      vertex 4.80370092e-01 -5.41360847e-02 5.00000000e-02
    endloop
  endfacet
  facet normal 0.00000000e+00 0.00000000e+00 1.00000000e+00
    outer loop
      vertex 1.00000000e+00 1.26000000e-03 5.00000000e-02
      vertex 4.80370092e-01 -5.41360847e-02 5.00000000e-02
      vertex 4.90183154e-01 -5.35491509e-02 5.00000000e-02
    endloop
  endfacet
  facet normal 0.00000000e+00 0.00000000e+00 1.00000000e+00
    outer loop
      vertex 1.00000000e+00 1.26000000e-03 5.00000000e-02
      vertex 4.90183154e-01 -5.35491509e-02 5.00000000e-02
      vertex 5.00000000e-01 -5.29402520e-02 5.00000000e-02
    endloop
  endfacet
  facet normal 0.00000000e+00 0.00000000e+00 1.00000000e+00
    outer loop
      vertex 1.00000000e+00 1.26000000e-03 5.00000000e-02
      vertex 5.00000000e-01 -5.29402520e-02 5.00000000e-02
      vertex 5.09816846e-01 -5.23102604e-02 5.00000000e-02
    endloop
  endfacet
  facet normal 0.00000000e+00 0.00000000e+00 1.00000000e+00
    outer loop
      vertex 1.00000000e+00 1.26000000e-03 5.00000000e-02
      vertex 5.09816846e-01 -5.23102604e-02 5.00000000e-02
      vertex 5.19629908e-01 -5.16600499e-02 5.00000000e-02
    endloop
  endfacet
  facet normal 0.00000000e+00 0.00000000e+00 1.00000000e+00
    outer loop
      vertex 1.00000000e+00 1.26000000e-03 5.00000000e-02
      vertex 5.19629908e-01 -5.16600499e-02 5.00000000e-02
      vertex 5.29435402e-01 -5.09904944e-02 5.00000000e-02
    endloop
  endfacet
  facet normal 0.00000000e+00 0.00000000e+00 1.00000000e+00
    outer loop
      vertex 1.00000000e+00 1.26000000e-03 5.00000000e-02
      vertex 5.29435402e-01 -5.09904944e-02 5.00000000e-02
      vertex 5.39229548e-01 -5.03024666e-02 5.00000000e-02
    endloop
  endfacet
  facet normal 0.00000000e+00 0.00000000e+00 1.00000000e+00
    outer loop
      vertex 1.00000000e+00 1.26000000e-03 5.00000000e-02
      vertex 5.39229548e-01 -5.03024666e-02 5.00000000e-02
      vertex 5.49008570e-01 -4.95968372e-02 5.00000000e-02
    endloop
  endfacet
  facet normal 0.00000000e+00 0.00000000e+00 1.00000000e+00
    outer loop
      vertex 1.00000000e+00 1.26000000e-03 5.00000000e-02
      vertex 5.49008570e-01 -4.95968372e-02 5.00000000e-02
      vertex 5.58768699e-01 -4.88744736e-02 5.00000000e-02
    endloop
  endfacet
  facet normal 0.00000000e+00 0.00000000e+00 1.00000000e+00
    outer loop
      vertex 1.00000000e+00 1.26000000e-03 5.00000000e-02
      vertex 5.58768699e-01 -4.88744736e-02 5.00000000e-02
      vertex 5.68506171e-01 -4.81362390e-02 5.00000000e-02
    endloop
  endfacet
  facet normal 0.00000000e+00 0.00000000e+00 1.00000000e+00
    outer loop
      vertex 1.00000000e+00 1.26000000e-03 5.00000000e-02
      vertex 5.68506171e-01 -4.81362390e-02 5.00000000e-02
      vertex 5.78217233e-01 -4.73829917e-02 5.00000000e-02
    endloop
  endfacet
  facet normal 0.00000000e+00 0.00000000e+00 1.00000000e+00
    outer loop
      vertex 1.00000000e+00 1.26000000e-03 5.00000000e-02
      vertex 5.78217233e-01 -4.73829917e-02 5.00000000e-02
      vertex 5.87898140e-01 -4.66155843e-02 5.00000000e-02
    endloop
  endfacet
  facet normal 0.00000000e+00 0.00000000e+00 1.00000000e+00
    outer loop
      vertex 1.00000000e+00 1.26000000e-03 5.00000000e-02
      vertex 5.87898140e-01 -4.66155843e-02 5.00000000e-02
      vertex 5.97545161e-01 -4.58348629e-02 5.00000000e-02
    endloop
  endfacet
  facet normal 0.00000000e+00 0.00000000e+00 1.00000000e+00
    outer loop
      vertex 1.00000000e+00 1.26000000e-03 5.00000000e-02
      vertex 5.97545161e-01 -4.58348629e-02 5.00000000e-02
      vertex 6.07154577e-01 -4.50416669e-02 5.00000000e-02
    endloop
  endfacet
  facet normal 0.00000000e+00 0.00000000e+00 1.00000000e+00
    outer loop
      vertex 1.00000000e+00 1.26000000e-03 5.00000000e-02
      vertex 6.07154577e-01 -4.50416669e-02 5.00000000e-02
      vertex 6.16722682e-01 -4.42368282e-02 5.00000000e-02
    endloop
  endfacet
  facet normal 0.00000000e+00 0.00000000e+00 1.00000000e+00
    outer loop
      vertex 1.00000000e+00 1.26000000e-03 5.00000000e-02
      vertex 6.16722682e-01 -4.42368282e-02 5.00000000e-02
      vertex 6.26245789e-01 -4.34211708e-02 5.00000000e-02
    endloop
  endfacet
  facet normal 0.00000000e+00 0.00000000e+00 1.00000000e+00
    outer loop
      vertex 1.00000000e+00 1.26000000e-03 5.00000000e-02
      vertex 6.26245789e-01 -4.34211708e-02 5.00000000e-02
      vertex 6.35720225e-01 -4.25955110e-02 5.00000000e-02
    endloop
  endfacet
  facet normal 0.00000000e+00 0.00000000e+00 1.00000000e+00
    outer loop
      vertex 1.00000000e+00 1.26000000e-03 5.00000000e-02
      vertex 6.35720225e-01 -4.25955110e-02 5.00000000e-02
      vertex 6.45142339e-01 -4.17606566e-02 5.00000000e-02
    endloop
  endfacet
  facet normal 0.00000000e+00 0.00000000e+00 1.00000000e+00
    outer loop
      vertex 1.00000000e+00 1.26000000e-03 5.00000000e-02
      vertex 6.45142339e-01 -4.17606566e-02 5.00000000e-02
      vertex 6.54508497e-01 -4.09174072e-02 5.00000000e-02
    endloop
  endfacet
  facet normal 0.00000000e+00 0.00000000e+00 1.00000000e+00
    outer loop
      vertex 1.00000000e+00 1.26000000e-03 5.00000000e-02
      vertex 6.54508497e-01 -4.09174072e-02 5.00000000e-02
      vertex 6.63815090e-01 -4.00665538e-02 5.00000000e-02
    endloop
  endfacet
  facet normal 0.00000000e+00 0.00000000e+00 1.00000000e+00
    outer loop
      vertex 1.00000000e+00 1.26000000e-03 5.00000000e-02
      vertex 6.63815090e-01 -4.00665538e-02 5.00000000e-02
      vertex 6.73058529e-01 -3.92088792e-02 5.00000000e-02
    endloop
  endfacet
  facet normal 0.00000000e+00 0.00000000e+00 1.00000000e+00
    outer loop
      vertex 1.00000000e+00 1.26000000e-03 5.00000000e-02
      vertex 6.73058529e-01 -3.92088792e-02 5.00000000e-02
      vertex 6.82235250e-01 -3.83451578e-02 5.00000000e-02
    endloop
  endfacet
  facet normal 0.00000000e+00 0.00000000e+00 1.00000000e+00
    outer loop
      vertex 1.00000000e+00 1.26000000e-03 5.00000000e-02
      vertex 6.82235250e-01 -3.83451578e-02 5.00000000e-02
      vertex 6.91341716e-01 -3.74761558e-02 5.00000000e-02
    endloop
  endfacet
  facet normal 0.00000000e+00 0.00000000e+00 1.00000000e+00
    outer loop
      vertex 1.00000000e+00 1.26000000e-03 5.00000000e-02
      vertex 6.91341716e-01 -3.74761558e-02 5.00000000e-02
      vertex 7.00374417e-01 -3.66026314e-02 5.00000000e-02
    endloop
  endfacet
  facet normal 0.00000000e+00 0.00000000e+00 1.00000000e+00
    outer loop
      vertex 1.00000000e+00 1.26000000e-03 5.00000000e-02
      vertex 7.00374417e-01 -3.66026314e-02 5.00000000e-02
      vertex 7.09329869e-01 -3.57253353e-02 5.00000000e-02
    endloop
  endfacet
  facet normal 0.00000000e+00 0.00000000e+00 1.00000000e+00
    outer loop
      vertex 1.00000000e+00 1.26000000e-03 5.00000000e-02
      vertex 7.09329869e-01 -3.57253353e-02 5.00000000e-02
      vertex 7.18204620e-01 -3.48450104e-02 5.00000000e-02
    endloop
  endfacet
  facet normal 0.00000000e+00 0.00000000e+00 1.00000000e+00
    outer loop
      vertex 1.00000000e+00 1.26000000e-03 5.00000000e-02
      vertex 7.18204620e-01 -3.48450104e-02 5.00000000e-02
      vertex 7.26995250e-01 -3.39623928e-02 5.00000000e-02
    endloop
  endfacet
  facet normal 0.00000000e+00 0.00000000e+00 1.00000000e+00
    outer loop
      vertex 1.00000000e+00 1.26000000e-03 5.00000000e-02
      vertex 7.26995250e-01 -3.39623928e-02 5.00000000e-02
      vertex 7.35698368e-01 -3.30782117e-02 5.00000000e-02
    endloop
  endfacet
  facet normal 0.00000000e+00 0.00000000e+00 1.00000000e+00
    outer loop
      vertex 1.00000000e+00 1.26000000e-03 5.00000000e-02
      vertex 7.35698368e-01 -3.30782117e-02 5.00000000e-02
      vertex 7.44310621e-01 -3.21931898e-02 5.00000000e-02
    endloop
  endfacet
  facet normal 0.00000000e+00 0.00000000e+00 1.00000000e+00
    outer loop
      vertex 1.00000000e+00 1.26000000e-03 5.00000000e-02
      vertex 7.44310621e-01 -3.21931898e-02 5.00000000e-02
      vertex 7.52828687e-01 -3.13080439e-02 5.00000000e-02
    endloop
  endfacet
  facet normal 0.00000000e+00 0.00000000e+00 1.00000000e+00
    outer loop
      vertex 1.00000000e+00 1.26000000e-03 5.00000000e-02
      vertex 7.52828687e-01 -3.13080439e-02 5.00000000e-02
      vertex 7.61249282e-01 -3.04234850e-02 5.00000000e-02
    endloop
  endfacet
  facet normal 0.00000000e+00 0.00000000e+00 1.00000000e+00
    outer loop
      vertex 1.00000000e+00 1.26000000e-03 5.00000000e-02
      vertex 7.61249282e-01 -3.04234850e-02 5.00000000e-02
      vertex 7.69569161e-01 -2.95402190e-02 5.00000000e-02
    endloop
  endfacet
  facet normal 0.00000000e+00 0.00000000e+00 1.00000000e+00
    outer loop
      vertex 1.00000000e+00 1.26000000e-03 5.00000000e-02
      vertex 7.69569161e-01 -2.95402190e-02 5.00000000e-02
      vertex 7.77785117e-01 -2.86589468e-02 5.00000000e-02
    endloop
  endfacet
  facet normal 0.00000000e+00 0.00000000e+00 1.00000000e+00
    outer loop
      vertex 1.00000000e+00 1.26000000e-03 5.00000000e-02
      vertex 7.77785117e-01 -2.86589468e-02 5.00000000e-02
      vertex 7.85893980e-01 -2.77803649e-02 5.00000000e-02
    endloop
  endfacet
  facet normal 0.00000000e+00 0.00000000e+00 1.00000000e+00
    outer loop
      vertex 1.00000000e+00 1.26000000e-03 5.00000000e-02
      vertex 7.85893980e-01 -2.77803649e-02 5.00000000e-02
      vertex 7.93892626e-01 -2.69051656e-02 5.00000000e-02
    endloop
  endfacet
  facet normal 0.00000000e+00 0.00000000e+00 1.00000000e+00
    outer loop
      vertex 1.00000000e+00 1.26000000e-03 5.00000000e-02
      vertex 7.93892626e-01 -2.69051656e-02 5.00000000e-02
      vertex 8.01777971e-01 -2.60340372e-02 5.00000000e-02
    endloop
  endfacet
  facet normal 0.00000000e+00 0.00000000e+00 1.00000000e+00
    outer loop
      vertex 1.00000000e+00 1.26000000e-03 5.00000000e-02
      vertex 8.01777971e-01 -2.60340372e-02 5.00000000e-02
      vertex 8.09546975e-01 -2.51676648e-02 5.00000000e-02
    endloop
  endfacet
  facet normal 0.00000000e+00 0.00000000e+00 1.00000000e+00
    outer loop
      vertex 1.00000000e+00 1.26000000e-03 5.00000000e-02
      vertex 8.09546975e-01 -2.51676648e-02 5.00000000e-02
      vertex 8.17196642e-01 -2.43067300e-02 5.00000000e-02
    endloop
  endfacet
  facet normal 0.00000000e+00 0.00000000e+00 1.00000000e+00
    outer loop
      vertex 1.00000000e+00 1.26000000e-03 5.00000000e-02
      vertex 8.17196642e-01 -2.43067300e-02 5.00000000e-02
      vertex 8.24724024e-01 -2.34519114e-02 5.00000000e-02
    endloop
  endfacet
  facet normal 0.00000000e+00 0.00000000e+00 1.00000000e+00
    outer loop
      vertex 1.00000000e+00 1.26000000e-03 5.00000000e-02
      vertex 8.24724024e-01 -2.34519114e-02 5.00000000e-02
      vertex 8.32126219e-01 -2.26038846e-02 5.00000000e-02
    endloop
  endfacet
  facet normal 0.00000000e+00 0.00000000e+00 1.00000000e+00
    outer loop
      vertex 1.00000000e+00 1.26000000e-03 5.00000000e-02
      vertex 8.32126219e-01 -2.26038846e-02 5.00000000e-02
      vertex 8.39400373e-01 -2.17633227e-02 5.00000000e-02
    endloop
  endfacet
  facet normal 0.00000000e+00 0.00000000e+00 1.00000000e+00
    outer loop
      vertex 1.00000000e+00 1.26000000e-03 5.00000000e-02
      vertex 8.39400373e-01 -2.17633227e-02 5.00000000e-02
      vertex 8.46543681e-01 -2.09308959e-02 5.00000000e-02
    endloop
  endfacet
  facet normal 0.00000000e+00 0.00000000e+00 1.00000000e+00
    outer loop
      vertex 1.00000000e+00 1.26000000e-03 5.00000000e-02
      vertex 8.46543681e-01 -2.09308959e-02 5.00000000e-02
      vertex 8.53553391e-01 -2.01072719e-02 5.00000000e-02
    endloop
  endfacet
  facet normal 0.00000000e+00 0.00000000e+00 1.00000000e+00
    outer loop
      vertex 1.00000000e+00 1.26000000e-03 5.00000000e-02
      vertex 8.53553391e-01 -2.01072719e-02 5.00000000e-02
      vertex 8.60426798e-01 -1.92931155e-02 5.00000000e-02
    endloop
  endfacet
  facet normal 0.00000000e+00 0.00000000e+00 1.00000000e+00
    outer loop
      vertex 1.00000000e+00 1.26000000e-03 5.00000000e-02
      vertex 8.60426798e-01 -1.92931155e-02 5.00000000e-02
      vertex 8.67161255e-01 -1.84890889e-02 5.00000000e-02
    endloop
  endfacet
  facet normal 0.00000000e+00 0.00000000e+00 1.00000000e+00
    outer loop
      vertex 1.00000000e+00 1.26000000e-03 5.00000000e-02
      vertex 8.67161255e-01 -1.84890889e-02 5.00000000e-02
      vertex 8.73754163e-01 -1.76958511e-02 5.00000000e-02
    endloop
  endfacet
  facet normal 0.00000000e+00 0.00000000e+00 1.00000000e+00
    outer loop
      vertex 1.00000000e+00 1.26000000e-03 5.00000000e-02
      vertex 8.73754163e-01 -1.76958511e-02 5.00000000e-02
      vertex 8.80202983e-01 -1.69140581e-02 5.00000000e-02
    endloop
  endfacet
  facet normal 0.00000000e+00 0.00000000e+00 1.00000000e+00
    outer loop
      vertex 1.00000000e+00 1.26000000e-03 5.00000000e-02
      vertex 8.80202983e-01 -1.69140581e-02 5.00000000e-02
      vertex 8.86505227e-01 -1.61443623e-02 5.00000000e-02
    endloop
  endfacet
  facet normal 0.00000000e+00 0.00000000e+00 1.00000000e+00
    outer loop
      vertex 1.00000000e+00 1.26000000e-03 5.00000000e-02
      vertex 8.86505227e-01 -1.61443623e-02 5.00000000e-02
      vertex 8.92658465e-01 -1.53874122e-02 5.00000000e-02
    endloop
  endfacet
  facet normal 0.00000000e+00 0.00000000e+00 1.00000000e+00
    outer loop
      vertex 1.00000000e+00 1.26000000e-03 5.00000000e-02
      vertex 8.92658465e-01 -1.53874122e-02 5.00000000e-02
      vertex 8.98660327e-01 -1.46438521e-02 5.00000000e-02
    endloop
  endfacet
  facet normal 0.00000000e+00 0.00000000e+00 1.00000000e+00
    outer loop
      vertex 1.00000000e+00 1.26000000e-03 5.00000000e-02
      vertex 8.98660327e-01 -1.46438521e-02 5.00000000e-02
      vertex 9.04508497e-01 -1.39143215e-02 5.00000000e-02
    endloop
  endfacet
  facet normal 0.00000000e+00 0.00000000e+00 1.00000000e+00
    outer loop
      vertex 1.00000000e+00 1.26000000e-03 5.00000000e-02
      vertex 9.04508497e-01 -1.39143215e-02 5.00000000e-02
      vertex 9.10200722e-01 -1.31994545e-02 5.00000000e-02
    endloop
  endfacet
  facet normal 0.00000000e+00 0.00000000e+00 1.00000000e+00
    outer loop
      vertex 1.00000000e+00 1.26000000e-03 5.00000000e-02
      vertex 9.10200722e-01 -1.31994545e-02 5.00000000e-02
      vertex 9.15734806e-01 -1.24998793e-02 5.00000000e-02
    endloop
  endfacet
  facet normal 0.00000000e+00 0.00000000e+00 1.00000000e+00
    outer loop
      vertex 1.00000000e+00 1.26000000e-03 5.00000000e-02
      vertex 9.15734806e-01 -1.24998793e-02 5.00000000e-02
      vertex 9.21108617e-01 -1.18162174e-02 5.00000000e-02
    endloop
  endfacet
  facet normal 0.00000000e+00 0.00000000e+00 1.00000000e+00
    outer loop
      vertex 1.00000000e+00 1.26000000e-03 5.00000000e-02
      vertex 9.21108617e-01 -1.18162174e-02 5.00000000e-02
      vertex 9.26320082e-01 -1.11490832e-02 5.00000000e-02
    endloop
  endfacet
  facet normal 0.00000000e+00 0.00000000e+00 1.00000000e+00
    outer loop
      vertex 1.00000000e+00 1.26000000e-03 5.00000000e-02
      vertex 9.26320082e-01 -1.11490832e-02 5.00000000e-02
      vertex 9.31367193e-01 -1.04990827e-02 5.00000000e-02
    endloop
  endfacet
  facet normal 0.00000000e+00 0.00000000e+00 1.00000000e+00
    outer loop
      vertex 1.00000000e+00 1.26000000e-03 5.00000000e-02
      vertex 9.31367193e-01 -1.04990827e-02 5.00000000e-02
      vertex 9.36248004e-01 -9.86681320e-03 5.00000000e-02
    endloop
  endfacet
  facet normal 0.00000000e+00 0.00000000e+00 1.00000000e+00
    outer loop
      vertex 1.00000000e+00 1.26000000e-03 5.00000000e-02
      vertex 9.36248004e-01 -9.86681320e-03 5.00000000e-02
      vertex 9.40960632e-01 -9.25286203e-03 5.00000000e-02
    endloop
  endfacet
  facet normal 0.00000000e+00 0.00000000e+00 1.00000000e+00
    outer loop
      vertex 1.00000000e+00 1.26000000e-03 5.00000000e-02
      vertex 9.40960632e-01 -9.25286203e-03 5.00000000e-02
      vertex 9.45503262e-01 -8.65780588e-03 5.00000000e-02
    endloop
  endfacet
  facet normal 0.00000000e+00 0.00000000e+00 1.00000000e+00
    outer loop
      vertex 1.00000000e+00 1.26000000e-03 5.00000000e-02
      vertex 9.45503262e-01 -8.65780588e-03 5.00000000e-02
      vertex 9.49874142e-01 -8.08220980e-03 5.00000000e-02
    endloop
  endfacet
  facet normal 0.00000000e+00 0.00000000e+00 1.00000000e+00
    outer loop
      vertex 1.00000000e+00 1.26000000e-03 5.00000000e-02
      vertex 9.49874142e-01 -8.08220980e-03 5.00000000e-02
      vertex 9.54071587e-01 -7.52662619e-03 5.00000000e-02
    endloop
  endfacet
  facet normal 0.00000000e+00 0.00000000e+00 1.00000000e+00
    outer loop
      vertex 1.00000000e+00 1.26000000e-03 5.00000000e-02
      vertex 9.54071587e-01 -7.52662619e-03 5.00000000e-02
      vertex 9.58093979e-01 -6.99159386e-03 5.00000000e-02
    endloop
  endfacet
  facet normal 0.00000000e+00 0.00000000e+00 1.00000000e+00
    outer loop
      vertex 1.00000000e+00 1.26000000e-03 5.00000000e-02
      vertex 9.58093979e-01 -6.99159386e-03 5.00000000e-02
      vertex 9.61939766e-01 -6.47763698e-03 5.00000000e-02
    endloop
  endfacet
  facet normal 0.00000000e+00 0.00000000e+00 1.00000000e+00
    outer loop
      vertex 1.00000000e+00 1.26000000e-03 5.00000000e-02
      vertex 9.61939766e-01 -6.47763698e-03 5.00000000e-02
      vertex 9.65607467e-01 -5.98526411e-03 5.00000000e-02
    endloop
  endfacet
  facet normal 0.00000000e+00 0.00000000e+00 1.00000000e+00
    outer loop
      vertex 1.00000000e+00 1.26000000e-03 5.00000000e-02
      vertex 9.65607467e-01 -5.98526411e-03 5.00000000e-02
      vertex 9.69095668e-01 -5.51496711e-03 5.00000000e-02
    endloop
  endfacet
  facet normal 0.00000000e+00 0.00000000e+00 1.00000000e+00
    outer loop
      vertex 1.00000000e+00 1.26000000e-03 5.00000000e-02
      vertex 9.69095668e-01 -5.51496711e-03 5.00000000e-02
      vertex 9.72403023e-01 -5.06722015e-03 5.00000000e-02
    endloop
  endfacet
  facet normal 0.00000000e+00 0.00000000e+00 1.00000000e+00
    outer loop
      vertex 1.00000000e+00 1.26000000e-03 5.00000000e-02
      vertex 9.72403023e-01 -5.06722015e-03 5.00000000e-02
      vertex 9.75528258e-01 -4.64247870e-03 5.00000000e-02
    endloop
  endfacet
  facet normal 0.00000000e+00 0.00000000e+00 1.00000000e+00
    outer loop
      vertex 1.00000000e+00 1.26000000e-03 5.00000000e-02
      vertex 9.75528258e-01 -4.64247870e-03 5.00000000e-02
      vertex 9.78470168e-01 -4.24117847e-03 5.00000000e-02
    endloop
  endfacet
  facet normal 0.00000000e+00 0.00000000e+00 1.00000000e+00
    outer loop
      vertex 1.00000000e+00 1.26000000e-03 5.00000000e-02
      vertex 9.78470168e-01 -4.24117847e-03 5.00000000e-02
      vertex 9.81227618e-01 -3.86373450e-03 5.00000000e-02
    endloop
  endfacet
  facet normal 0.00000000e+00 0.00000000e+00 1.00000000e+00
    outer loop
      vertex 1.00000000e+00 1.26000000e-03 5.00000000e-02
      vertex 9.81227618e-01 -3.86373450e-03 5.00000000e-02
      vertex 9.83799546e-01 -3.51054010e-03 5.00000000e-02
    endloop
  endfacet
  facet normal 0.00000000e+00 0.00000000e+00 1.00000000e+00
    outer loop
      vertex 1.00000000e+00 1.26000000e-03 5.00000000e-02
      vertex 9.83799546e-01 -3.51054010e-03 5.00000000e-02
      vertex 9.86184960e-01 -3.18196599e-03 5.00000000e-02
    endloop
  endfacet
  facet normal 0.00000000e+00 0.00000000e+00 1.00000000e+00
    outer loop
      vertex 1.00000000e+00 1.26000000e-03 5.00000000e-02
      vertex 9.86184960e-01 -3.18196599e-03 5.00000000e-02
      vertex 9.88382941e-01 -2.87835939e-03 5.00000000e-02
    endloop
  endfacet
  facet normal 0.00000000e+00 0.00000000e+00 1.00000000e+00
    outer loop
      vertex 1.00000000e+00 1.26000000e-03 5.00000000e-02
      vertex 9.88382941e-01 -2.87835939e-03 5.00000000e-02
      vertex 9.90392640e-01 -2.60004312e-03 5.00000000e-02
    endloop
  endfacet
  facet normal 0.00000000e+00 0.00000000e+00 1.00000000e+00
    outer loop
      vertex 1.00000000e+00 1.26000000e-03 5.00000000e-02
      vertex 9.90392640e-01 -2.60004312e-03 5.00000000e-02
      vertex 9.92213284e-01 -2.34731484e-03 5.00000000e-02
    endloop
  endfacet
  facet normal 0.00000000e+00 0.00000000e+00 1.00000000e+00
    outer loop
      vertex 1.00000000e+00 1.26000000e-03 5.00000000e-02
      vertex 9.92213284e-01 -2.34731484e-03 5.00000000e-02
      vertex 9.93844170e-01 -2.12044627e-03 5.00000000e-02
    endloop
  endfacet
  facet normal 0.00000000e+00 0.00000000e+00 1.00000000e+00
    outer loop
      vertex 1.00000000e+00 1.26000000e-03 5.00000000e-02
      vertex 9.93844170e-01 -2.12044627e-03 5.00000000e-02
      vertex 9.95284670e-01 -1.91968249e-03 5.00000000e-02
    endloop
  endfacet
  facet normal 0.00000000e+00 0.00000000e+00 1.00000000e+00
    outer loop
      vertex 1.00000000e+00 1.26000000e-03 5.00000000e-02
      vertex 9.95284670e-01 -1.91968249e-03 5.00000000e-02
      vertex 9.96534228e-01 -1.74524131e-03 5.00000000e-02
    endloop
  endfacet
  facet normal 0.00000000e+00 0.00000000e+00 1.00000000e+00
    outer loop
      vertex 1.00000000e+00 1.26000000e-03 5.00000000e-02
      vertex 9.96534228e-01 -1.74524131e-03 5.00000000e-02
      vertex 9.97592363e-01 -1.59731270e-03 5.00000000e-02
    endloop
  endfacet
  facet normal 0.00000000e+00 0.00000000e+00 1.00000000e+00
    outer loop
      vertex 1.00000000e+00 1.26000000e-03 5.00000000e-02
      vertex 9.97592363e-01 -1.59731270e-03 5.00000000e-02
      vertex 9.98458667e-01 -1.47605826e-03 5.00000000e-02
    endloop
  endfacet
  facet normal 0.00000000e+00 0.00000000e+00 1.00000000e+00
    outer loop
      vertex 1.00000000e+00 1.26000000e-03 5.00000000e-02
      vertex 9.98458667e-01 -1.47605826e-03 5.00000000e-02
      vertex 9.99132805e-01 -1.38161082e-03 5.00000000e-02
    endloop
  endfacet
  facet normal 0.00000000e+00 0.00000000e+00 1.00000000e+00
    outer loop
      vertex 1.00000000e+00 1.26000000e-03 5.00000000e-02
      vertex 9.99132805e-01 -1.38161082e-03 5.00000000e-02
      vertex 9.99614518e-01 -1.31407405e-03 5.00000000e-02
    endloop
  endfacet
  facet normal 0.00000000e+00 0.00000000e+00 1.00000000e+00
    outer loop
      vertex 1.00000000e+00 1.26000000e-03 5.00000000e-02
      vertex 9.99614518e-01 -1.31407405e-03 5.00000000e-02
      vertex 9.99903620e-01 -1.27352224e-03 5.00000000e-02
    endloop
  endfacet
endsolid airfoil_naca0012_test
